5113.753112,4804.687093,4474.171678,,5178.913483,4811.837455,4509.292239,,5062.154263,4801.165573,4489.138344,,5194.259033,4791.779329,4563.844058,,5137.269973,4802.367362,4509.11158,,
5151.997937,4231.971122,1276.401057,,5020.954234,3510.140189,-604.9342374,,5002.302157,3460.91288,-401.7327067,,5111.83066,4462.448698,2498.260115,,5071.771247,3916.368222,691.9985569,,
5026.323543,4008.727447,1601.828669,,5040.784312,4203.845475,1056.292542,,5020.277926,4099.909298,2376.329506,,5032.241923,4124.034812,2117.170393,,5029.906926,4109.129258,1787.905278,,
4982.406931,4322.493823,757.9941361,,5040.784312,4226.465799,1771.238984,,5066.515438,4157.307892,815.050061,,5118.429823,4259.868427,1098.319177,,5052.034126,4241.533985,1110.650589,,
5022.919927,4609.88738,2882.872831,,4972.919528,3941.921325,-277.8827132,,5066.515438,4007.228534,1946.482534,,5108.920913,4561.32082,3367.502175,,5042.818951,4280.089515,1979.743706,,
5076.671572,4190.126461,2354.668168,,4956.938571,4485.428538,-526.7226695,,5066.508504,3679.390243,862.6190887,,5125.855349,4349.261251,1991.845223,,5056.493499,4176.051623,1170.602453,,
5083.600186,4612.245594,3024.506898,,5122.882018,3405.539501,35.26261296,,5059.494054,3956.028557,657.5871148,,5135.331432,4619.342074,3141.265338,,5100.326922,4148.288931,1714.655491,,
5127.680195,4338.64325,2375.220407,,4936.04265,3976.7387,1624.989957,,4974.220276,4389.251355,2118.035073,,5120.674306,4336.802002,367.5885865,,5039.654357,4260.358827,1621.458506,,
5041.610104,3749.08879,-597.9659193,,5083.283669,4348.153103,1151.127456,,4989.022568,4556.06948,3212.609859,,5159.32727,4025.571561,374.590153,,5068.310903,4169.720734,1035.090387,,
5110.782687,3879.896301,2388.319746,,5069.883236,4291.263316,2330.735597,,5051.093463,3524.498452,-803.8908355,,5121.297674,4756.920086,3394.581645,,5088.264265,4113.144539,1827.436538,,
5139.240128,4318.369077,3195.56514,,5007.649189,4280.777038,2554.885883,,5063.759541,4030.999167,1572.866164,,5118.512698,4329.011985,1277.689573,,5082.290389,4239.789317,2150.25169,,
5084.124574,4333.980225,2152.739316,,5007.649189,4204.067064,1866.505061,,5063.759541,4195.161429,1038.294277,,5121.297674,4010.044603,-1360.512854,,5069.207745,4185.81333,924.25645,,
5066.2411,4306.370462,2601.657077,,5009.799149,4368.523454,2537.771047,,5112.985732,4392.813305,2669.375575,,5141.48374,4589.595739,2080.698696,,5082.62743,4414.32574,2472.375599,,
5087.698532,4145.150143,1821.710584,,4960.006758,3845.386579,1150.499498,,5158.972176,3552.967258,-252.0454752,,5145.335421,4482.679662,3516.565337,,5088.003222,4006.545911,1559.182486,,
5113.666965,4287.025549,2038.720217,,4983.796253,3966.66447,773.2993058,,5156.276846,4142.757025,1449.82599,,5175.191142,4686.893874,2291.334376,,5107.232802,4270.835229,1638.294972,,
5135.945518,3860.06587,2529.173176,,5033.939006,4395.97134,2282.210233,,5158.972176,4326.198325,2290.805107,,5165.984232,4430.796621,561.0592126,,5123.710233,4253.258039,1915.811932,,
5109.739061,4096.179421,2404.157162,,5047.84798,4350.521488,1560.394563,,5158.972176,4256.952451,2706.098411,,5167.265551,4228.837258,838.7733439,,5120.956192,4233.122654,1877.35587,,
5099.914413,4407.45917,3305.531432,,5049.099475,4253.401741,2854.988691,,5109.882976,4357.256638,2436.62864,,5167.265551,4013.208088,-766.7643511,,5106.540604,4257.831409,1957.596103,,
5062.058872,4002.186898,1402.422459,,5049.099475,4485.518298,260.9402187,,5160.136076,4423.152294,2471.583685,,5169.463339,3609.789233,1255.79757,,5110.18944,4130.161681,1347.685983,,
5098.561158,4015.675854,25.2910976,,5049.099475,4278.124207,3112.095286,,5182.521999,4195.831004,1617.190687,,5190.718025,4386.779922,1242.440262,,5130.225164,4219.102747,1499.254333,,
5108.863181,4131.186844,2221.017277,,5002.621967,3736.865805,1056.230752,,5121.325014,4348.289609,990.3143223,,5184.698756,2857.258583,-1955.179079,,5104.377229,3768.40021,578.0958181,,
5095.361105,4239.097195,2039.192247,,5011.035299,4411.269323,2649.232223,,5208.4062,4298.350535,1372.874819,,5173.207058,3995.844087,436.6326519,,5122.002415,4236.140285,1624.482985,,
5082.609304,4027.884478,1881.726898,,5053.384284,4437.794767,2859.888675,,5208.4062,4233.204633,1941.470234,,5232.9139,3959.96534,398.1148911,,5144.328422,4164.712304,1770.300175,,
5128.233704,4389.382876,2294.410339,,4985.624211,3456.535319,877.8164789,,5208.4062,4430.59222,3288.314376,,5218.549609,4149.64811,2239.112965,,5135.203431,4106.539631,2174.91354,,
5092.785877,4542.490273,2956.425462,,5033.200497,3953.71729,2407.895333,,5210.321725,4303.069005,2897.969167,,5172.529832,3907.799766,1590.76989,,5127.209483,4176.769084,2463.264963,,
5098.913773,4129.419187,2660.313857,,5064.24631,4267.377665,3075.302708,,5253.862419,4376.92172,2180.351513,,5220.001705,4472.697877,3157.086563,,5159.256052,4311.604112,2768.26366,,
5198.068826,3970.818254,1015.907858,,5181.324389,4372.930478,2383.077829,,5227.427327,3801.65916,1945.474556,,5235.408313,4282.354888,2165.453082,,5210.557214,4106.940695,1877.478331,,
5182.979285,3967.089016,1831.393896,,5181.324389,4116.733418,2025.521952,,5278.031727,4028.944693,1813.279127,,5195.723925,4430.678193,2419.352824,,5209.514831,4135.86133,2022.38695,,
5196.488442,4580.365722,3141.880793,,5153.166332,4360.236061,2776.232607,,5246.774635,4538.009677,2452.313622,,5180.317317,4354.982244,2292.491371,,5194.186681,4458.398426,2665.729598,,
5178.334508,4321.404331,2918.647951,,5098.846756,4385.685813,3116.309552,,5209.909849,4260.061944,2634.609231,,5143.469769,4164.93105,1969.720631,,5157.64022,4283.020785,2659.821841,,
5178.334508,4718.44131,2420.836407,,5092.30019,3486.271465,-168.7446118,,5249.879865,4223.499127,2177.965949,,5142.929482,4468.029685,2484.495329,,5165.861011,4224.060397,1728.638268,,
5194.585276,4498.812293,3179.751155,,5098.161617,4144.76592,1094.566952,,5249.879865,4362.413691,2098.374543,,5138.965618,4457.962762,3301.167347,,5170.398094,4365.988667,2418.464999,,
5159.401723,4215.327132,2677.58931,,5098.846756,4484.663281,3576.532964,,5249.879865,4360.637134,1483.239826,,5179.853451,3952.829969,-902.6162746,,5171.995449,4253.364379,1708.686456,,
5193.764668,4747.122217,1685.506331,,5137.172714,4033.102342,565.8359778,,5200.9083,4615.097445,2968.429516,,5179.853451,3541.3118,-1895.768283,,5177.924783,4234.158451,831.0008855,,
5203.696769,4691.065631,3369.158749,,5171.566701,4354.080328,1589.682518,,5226.610444,4416.90991,2707.152669,,5179.853451,4356.319347,1097.004279,,5195.431841,4454.593804,2190.749554,,
5226.061046,4325.344559,2491.765229,,5218.707592,4136.937241,1874.763838,,5199.524967,4200.800198,2268.348805,,5179.853451,4290.257652,2335.421625,,5206.036764,4238.334913,2242.574874,,
5257.273194,4602.378745,2171.398649,,5218.707592,4345.76043,3084.23335,,5192.510517,4518.639094,3066.33287,,5197.182637,4412.404037,2539.805491,,5216.418485,4469.795576,2715.44259,,
5250.431812,4537.135605,1974.036654,,5218.707592,4027.344382,1275.703946,,5185.713392,4688.33244,2991.40249,,5197.182637,4299.97067,2906.134346,,5213.008858,4388.195774,2286.819359,,
5258.04301,3795.204442,-2467.961459,,5215.438953,4261.919122,1515.974513,,5204.98459,4133.296574,2405.304747,,5181.455105,4254.639346,2127.500904,,5214.980414,4111.264871,895.2046763,,
5262.876506,4193.644455,1487.035924,,5235.301266,4359.606163,3247.237792,,5188.947008,4533.970299,3355.415918,,5181.455105,4479.274129,2850.778345,,5217.144971,4391.623761,2735.116995,,
5293.166398,4489.157521,2255.021008,,5218.707592,4351.871748,2632.707422,,5178.698941,4239.138744,1906.9329,,5192.036287,4443.345751,2623.670029,,5220.652305,4380.878441,2354.58284,,
5293.166398,4211.510803,2724.425044,,5294.744874,4414.299221,2686.084205,,5178.698941,4391.54037,2772.258593,,5181.455105,4551.8441,2052.724559,,5237.01633,4392.298623,2558.8731,,
5280.136411,4399.214446,-727.196814,,5219.612717,4010.212914,1494.292314,,5199.567575,4459.440262,2295.897055,,5193.85269,4285.143845,1888.220177,,5223.292348,4288.502867,1237.803183,,
5280.229244,4769.336289,1445.709235,,5213.506233,3914.864722,1666.128778,,5193.028622,4725.169704,3002.979499,,5171.194919,4421.347609,2232.550885,,5214.489754,4457.679581,2086.842099,,
5294.437669,4763.696347,-506.6274748,,5206.356279,3907.417264,224.2192417,,5188.181404,4264.023943,1860.254122,,5189.016198,4152.943821,2490.367326,,5219.497887,4272.020344,1017.053304,,
5307.969726,4163.03151,726.739468,,5207.31938,4168.592677,854.118018,,5242.203661,4460.070227,2054.629542,,5172.595917,4762.29819,3164.61758,,5232.522171,4388.498151,1700.026152,,
5302.607057,3939.885638,1669.608851,,5241.324639,4477.680775,3255.889232,,5239.655814,4358.026762,3036.657708,,5183.381413,4103.366011,216.3269794,,5241.742231,4219.739796,2044.620693,,
5328.806546,4525.913697,2817.925941,,5192.223398,4386.494951,1876.812394,,5239.655814,4529.479221,2618.971003,,5185.991124,4627.095276,-92.99020242,,5236.669221,4517.245786,1805.179784,,
5325.172334,4862.539919,3613.923299,,5254.473118,4356.510911,2679.511058,,5248.633546,4423.930807,1767.798286,,5205.180249,4666.381404,1614.379818,,5258.364812,4577.34076,2418.903115,,
5349.896544,4608.759638,2479.661194,,5309.366558,3952.325992,2110.862273,,5240.104199,4518.117305,3606.539406,,5200.565087,4584.843882,2846.905751,,5274.983097,4416.011704,2760.992156,,
5351.038972,4476.701835,3249.954175,,5332.154775,4391.358598,2310.73212,,5222.594207,4344.771319,2748.522737,,5200.565087,4318.753653,2291.396181,,5276.58826,4382.896351,2650.151303,,
5317.564671,4434.492029,3289.111439,,5292.73914,4404.515397,1333.070073,,5240.104199,4340.96329,2675.576018,,5200.694833,4139.621231,-1003.681944,,5262.775711,4329.897987,1573.518896,,
5298.850407,4372.995551,3738.472854,,5313.958163,4224.507677,2684.735536,,5278.882328,4537.382086,3200.906489,,5200.694833,4706.226537,3681.998045,,5273.096433,4460.277963,3326.528231,,
5304.913677,4481.015053,2996.908665,,5325.954694,4435.807196,1963.133608,,5261.772837,4483.794813,3236.704398,,5186.877111,4317.266007,2847.42748,,5269.87958,4429.470767,2761.043538,,
5367.171807,4002.943633,2084.358653,,5311.01785,4074.480876,836.9518971,,5261.772837,4198.889949,2876.92762,,5186.877111,4409.774396,3058.292883,,5281.709901,4171.522213,2214.132763,,
5269.380277,4652.239978,3484.740514,,5331.085619,4274.9669,2017.000896,,5261.772837,4195.173685,639.2685357,,5256.737267,4731.146314,580.1901317,,5279.744,4463.381719,1680.300019,,
5252.124432,4750.969992,3343.134217,,5325.062271,4738.117524,3159.830422,,5261.260108,3997.681069,2013.283789,,5288.525696,4136.125293,1742.929498,,5281.743127,4405.72347,2564.794482,,
5270.497242,3651.391929,-941.491949,,5354.85054,4153.212462,2172.341983,,5167.86507,4395.479921,1785.429175,,5268.418859,4643.74619,1830.516413,,5265.407928,4210.957626,1211.698905,,
5270.497242,4518.183182,2724.92771,,5373.759167,4532.965949,2267.638555,,5223.688734,3953.483067,1960.653186,,5254.960979,4200.486419,2017.578885,,5280.72653,4301.279654,2242.699584,,
5266.423636,4272.0368,1737.68064,,5323.14532,4435.332511,1989.248145,,5227.226373,4230.414168,1742.183893,,5254.960979,4586.72989,2752.788654,,5267.939077,4381.128342,2055.475333,,
5351.351621,4324.145264,1705.334323,,5325.274334,4553.246836,3018.723824,,5227.226373,4318.336082,2241.414951,,5244.324197,4831.545118,3594.495112,,5287.044131,4506.818325,2639.992053,,
5361.302452,4875.880649,2340.867244,,5355.09284,4543.832265,1871.622974,,5163.259896,3938.308853,1284.75474,,5301.380495,4125.139933,2620.289303,,5295.258921,4370.790425,2029.383565,,
5353.940938,4522.97678,2721.416349,,5328.930813,4474.93123,1774.554708,,5172.633713,4422.457219,451.9095484,,5275.935369,4755.951289,3112.913565,,5282.860208,4544.07913,2015.198543,,
5353.940938,4518.461005,1574.718915,,5343.626536,4400.278586,170.8042329,,5172.633713,4299.286706,3239.253077,,5275.935369,4717.629459,3481.488888,,5286.534139,4483.913939,2116.566278,,
5327.479476,4617.356403,2715.758448,,5348.306431,3909.760448,1459.002273,,5103.163799,3514.477068,1345.386857,,5269.344969,4791.795537,2175.446284,,5262.073669,4208.347364,1923.898465,,
5327.187612,4834.863612,3304.947171,,5330.287745,4633.222355,1534.882945,,5113.963414,4289.915665,1679.293592,,5275.232856,4685.585056,3254.486468,,5261.667907,4610.896672,2443.402544,,
5303.004606,4240.081151,2683.483167,,5356.66728,4542.107002,2930.656607,,5136.158123,4406.76015,2421.775094,,5258.715152,4565.54124,579.4486142,,5263.63629,4438.622386,2153.840871,,
5314.974366,4573.362571,3001.817813,,5356.66728,4455.624502,2137.870108,,5178.066867,4575.494211,3314.204603,,5269.520528,4642.396622,2812.122703,,5279.80726,4561.719476,2816.503807,,
5332.336502,4704.175754,-230.2796133,,5341.991707,4595.759211,2839.277263,,5194.424411,4772.016669,3571.374922,,5269.520528,4476.720464,2608.040894,,5284.568287,4637.168025,2197.103367,,
5317.065203,4111.732156,1555.910511,,5341.991707,4446.9261,1977.220777,,5197.08657,4202.289091,2421.479826,,5286.920367,4500.183468,1525.727427,,5285.765962,4315.282704,1870.084635,,
5316.409496,4580.342585,2256.954336,,5351.684812,4596.598371,1902.198388,,5173.564907,4116.316291,2726.15004,,5272.9957,4239.549384,631.2259555,,5278.663729,4383.201658,1879.13218,,
5347.47485,4637.61176,3580.90931,,5351.684812,4582.966552,2809.633049,,5164.539553,4077.391485,2138.526469,,5272.9957,4864.754409,3334.000645,,5284.173729,4540.681052,2965.767368,,
5350.879546,4439.071662,2754.53873,,5351.684812,4247.478828,2301.216406,,5196.872097,4281.109565,2524.665343,,5272.9957,4575.193078,2966.852929,,5293.108039,4385.713283,2636.818352,,
5412.541536,4481.058057,2554.005217,,5346.100403,4202.179133,1542.996752,,5168.442858,4265.307988,1629.275975,,5297.420012,4302.10228,1191.13236,,5306.126202,4312.661865,1729.352576,,
5405.989871,4756.791266,1862.167082,,5280.302736,4008.530637,1739.606633,,5177.418025,4210.472921,1631.327402,,5348.804525,4577.572957,3340.631206,,5303.128789,4388.341945,2143.433081,,
5443.072485,4557.385147,1711.118163,,5340.096971,3894.934884,909.298543,,5177.418025,4184.774135,2449.577123,,5342.720331,4896.101164,3619.734507,,5325.826953,4383.298833,2172.432084,,
5421.879749,4521.011563,1216.713024,,5340.096971,4241.903653,2306.263333,,5173.939982,3830.852706,653.820446,,5342.720331,4618.625176,3457.485414,,5319.659258,4303.098274,1908.570554,,
5432.968864,4719.697118,1177.259188,,5340.096971,4491.545348,2882.065948,,5159.309575,4222.349273,699.3715066,,5354.046122,4491.052028,2237.303336,,5321.605383,4481.160942,1748.999995,,
5422.294625,4903.650362,2796.310153,,5319.069617,4306.417708,1488.544244,,5151.674209,4207.03615,2550.481607,,5365.593983,4652.204553,1410.203566,,5314.658108,4517.327193,2061.384892,,
5466.534251,4460.222602,2199.043377,,5319.069617,4416.300639,2405.136357,,5126.489769,3924.852815,2563.40088,,5379.9324,4484.511051,2169.738683,,5323.006509,4321.471777,2334.329824,,
5434.348775,4670.117956,2479.994415,,5337.391091,4186.3277,1824.223869,,5068.413737,4079.219145,2050.859647,,5379.9324,4536.414737,2169.139571,,5305.021501,4368.019885,2131.054376,,
5423.095866,4820.490893,3038.823543,,5321.477134,4774.729824,3157.338212,,5096.800335,4220.161255,1720.353346,,5387.470419,4870.344966,3120.466351,,5307.210938,4671.431735,2759.245363,,
5420.495038,4394.140442,1963.225963,,5305.782921,4343.2147,2409.432686,,5143.608079,4029.471631,1820.462359,,5367.056573,4658.961118,2122.5935,,5309.235653,4356.446973,2078.928627,,
5453.171135,4997.355078,3541.336062,,5305.782921,4204.115891,1177.626965,,5162.184663,4342.962415,1115.128713,,5380.985234,4334.906887,1304.22972,,5325.530988,4469.835068,1784.580365,,
5471.018381,4459.847297,2326.985371,,5308.181748,4519.757167,2499.487834,,5196.049633,4256.43101,3164.76468,,5388.924838,4649.191625,3286.102552,,5341.04365,4471.306775,2819.335109,,
5462.741965,4814.075231,3433.479503,,5303.200014,4213.920915,2826.538942,,5165.159427,3945.472176,-695.7786821,,5388.924838,4728.927567,3097.184083,,5330.006561,4425.598972,2165.355961,,
5462.741965,4493.716448,1499.642969,,5297.026125,5046.703303,3618.075308,,5242.531942,4401.090385,3139.608503,,5388.924838,4827.29805,906.4572896,,5347.806218,4692.202046,2290.946017,,
5465.673306,4669.741447,1854.767526,,5297.026125,4726.439532,2815.402614,,5171.69643,4344.519465,2564.903122,,5374.996177,4749.561021,3350.813766,,5327.348009,4622.565366,2646.471757,,
5462.676482,4607.18748,2082.908006,,5298.304134,4448.004893,2681.351645,,5145.048645,4072.424948,1615.497036,,5345.896294,4570.327694,2939.074061,,5312.981389,4424.486254,2329.707687,,
5460.449414,4745.221138,2711.847668,,5308.719569,4890.456016,3696.846387,,5136.466668,4119.892415,2036.513036,,5386.417556,4440.770435,1558.922221,,5323.013302,4549.085001,2501.032328,,
5474.139784,4916.449861,2917.112394,,5323.334978,4601.052043,2716.331247,,5150.157537,4282.1008,2549.89943,,5367.879304,4715.607068,3911.666525,,5328.877901,4628.802443,3023.752399,,
5474.139784,4887.445125,2813.461971,,5308.719569,4413.377966,3153.48748,,5136.466668,4353.860788,1858.378596,,5364.634804,4602.797384,3081.364315,,5320.990206,4564.370316,2726.673091,,
5473.808303,4266.513361,1195.690592,,5307.823542,4599.535118,2646.26509,,5168.590036,4370.894074,2347.652983,,5361.840663,4901.093689,3106.535799,,5328.015636,4534.50906,2324.036116,,
5473.808303,4939.088213,3821.550463,,5307.823542,4439.645625,1873.385814,,5168.590036,4356.559602,2365.951598,,5318.046998,4169.568051,1822.341747,,5317.06722,4476.215373,2470.807405,,
5460.449414,4713.488891,2822.508285,,5304.623168,4249.50378,1776.025259,,5155.668927,4304.882842,3015.233824,,5319.381541,4687.05098,3207.650678,,5310.030762,4488.731623,2705.354512,,
5460.449414,4822.861265,-824.8252869,,5304.623168,4659.803332,3219.639949,,5146.212756,4429.677608,2641.418658,,5322.515042,4860.704624,4011.026358,,5308.450095,4693.261707,2261.814919,,
5475.758805,4957.61416,3481.384653,,5307.858323,4056.352778,1405.189606,,5131.861781,4621.086165,2484.863399,,5359.216361,4887.840994,2805.458492,,5318.673818,4630.723524,2544.224038,,
5475.758805,4788.392,2852.083332,,5295.290284,4639.697954,2864.754237,,5143.005197,4532.757673,3049.227657,,5335.996295,4132.683945,1602.208854,,5312.512645,4523.382893,2592.06852,,
5495.260177,5119.201156,4170.420427,,5304.623168,4283.55836,1788.505227,,5152.899271,4015.322902,16.03755804,,5353.360145,4634.709639,2649.780913,,5326.53569,4513.198014,2156.186031,,
5475.758805,4614.162984,2851.843437,,5313.633302,4756.915164,3215.789841,,5176.263072,4067.455843,1585.003001,,5359.286406,4462.71139,2143.174755,,5331.235396,4475.311345,2448.952758,,
5480.38823,4626.874724,2476.540703,,5313.633302,4504.476914,2269.793837,,5168.900027,4598.727948,2351.443229,,5375.976199,4817.286839,3719.708741,,5334.724439,4636.841606,2704.371628,,
5469.46488,4615.798306,1493.035963,,5313.633302,3868.07219,1405.637461,,5176.828302,4400.189751,2408.646434,,5406.294673,4362.860841,1775.668252,,5341.555289,4311.730272,1770.747028,,
5463.786146,5065.75852,3975.287953,,5311.026298,4481.580766,3028.118331,,5148.987607,4123.209833,2097.676438,,5353.360145,4616.949616,3122.142551,,5319.290049,4571.874684,3055.806318,,
5459.896161,4060.311488,1226.612722,,5313.633302,4046.983802,552.7176146,,5150.933109,4359.118404,2874.200109,,5321.306635,4939.306126,2567.564442,,5311.442302,4351.429955,1805.273722,,
5469.773425,4969.123766,2137.403784,,5309.719695,4363.031809,2547.767194,,5157.118992,4345.796078,2699.756809,,5321.306635,4920.419082,2980.721657,,5314.479687,4649.592684,2591.412361,,
5466.003327,4886.762552,2300.091495,,5293.416682,4740.703569,3238.905038,,5182.653865,4289.306786,2740.788716,,5321.306635,4040.231299,1327.945619,,5315.845127,4489.251052,2401.932717,,
5466.003327,4802.958127,3657.817843,,5286.403858,4468.072612,600.489863,,5208.824868,4274.788761,3072.720063,,5321.306635,4685.824506,3507.827384,,5320.634672,4557.911001,2709.713788,,
5490.848811,4749.7698,2770.560559,,5269.896684,4449.729994,2890.876581,,5271.60095,4124.151251,2129.006225,,5299.671684,4726.900299,2951.182716,,5333.004532,4512.637836,2685.40652,,
5493.261774,4959.164133,3959.937748,,5259.162409,4526.82988,3193.928205,,5271.60095,4802.355284,3454.735755,,5319.689869,4735.441015,3153.786938,,5335.92875,4755.947578,3440.597161,,
5468.879221,4972.611001,4263.414076,,5321.894999,4730.334751,2704.536039,,5270.065737,4564.533379,3551.857331,,5283.045251,4471.352709,2519.614407,,5335.971302,4684.70796,3259.855463,,
5468.879221,5016.584202,3763.677301,,5252.667789,4606.964706,3141.048081,,5299.682411,4658.01684,3479.689708,,5292.094783,4768.728713,3522.871013,,5328.331051,4762.573615,3476.821526,,
5467.622318,4961.072246,3798.100391,,5256.543286,4604.320399,2505.94209,,5261.64414,4297.664598,3026.697386,,5295.381047,4946.184424,3758.383989,,5320.297698,4702.310417,3272.280964,,
5490.440178,4573.438944,2316.296447,,5243.440503,4676.189564,2752.865065,,5229.966265,4338.265737,1891.374158,,5295.381047,4672.009795,3143.050244,,5314.806998,4564.97601,2525.896479,,
5484.778687,5002.414468,2929.330563,,5235.53216,4497.005531,3381.305587,,5253.035877,4462.618114,2792.176374,,5297.458807,4065.121802,-728.6243806,,5317.701383,4506.789979,2093.547036,,
5471.249684,4747.674993,2557.732317,,5264.303907,4063.833526,-304.0557956,,5232.763835,4067.022011,2131.929935,,5283.55787,3699.5657,-718.6558328,,5312.968824,4144.524058,916.7376559,,
5472.80963,5024.502394,3045.147772,,5239.147521,4181.938629,1537.678547,,5232.763835,4540.032047,2562.119993,,5283.045251,4530.882389,1368.762369,,5306.941559,4569.338865,2128.42717,,
5493.532491,5116.268183,3901.556686,,5228.626669,4679.382684,2646.749637,,5232.763835,4412.823593,854.3654781,,5283.045251,4566.309707,3180.806893,,5309.492061,4693.696042,2645.869674,,
5489.828834,5013.014625,3345.376158,,5238.714604,4920.008908,3839.479502,,5234.65014,4422.280563,2525.991581,,5285.191651,4892.097061,3917.839302,,5312.096307,4811.850289,3407.171636,,
5478.960107,4909.466194,4005.205732,,5245.935039,4561.476856,2504.346179,,5231.663685,4224.050754,2188.854833,,5283.045251,4576.554993,2540.457457,,5309.90102,4567.887199,2809.71605,,
5472.80963,3907.907163,-273.4659944,,5264.456643,3877.570631,290.8824688,,5228.766495,4345.368455,2169.329511,,5277.597598,4543.216734,1095.891654,,5310.907592,4168.515746,820.6594097,,
5509.362696,4880.448848,1370.319248,,5238.788947,4818.840699,2908.814141,,5218.375494,4416.556888,1770.9987,,5278.239285,4619.432392,2597.500513,,5311.191605,4683.819707,2161.908151,,
5509.362696,4551.725528,1647.866021,,5271.002376,4592.763719,1970.302272,,5292.403116,4430.018239,2480.682805,,5313.115251,4617.738535,2554.642807,,5346.47086,4548.061505,2163.373476,,
5509.362696,5088.945437,4137.302853,,5260.087773,4618.281375,2296.345785,,5282.069819,4334.500681,2277.812036,,5343.173715,4618.569473,3010.348206,,5348.673501,4665.074242,2930.45222,,
5488.992705,4778.469297,2150.601774,,5293.812609,3896.043005,-59.73165459,,5243.15159,4771.748932,3136.404805,,5310.124157,4386.363558,-789.2478403,,5334.020265,4458.156198,1109.506771,,
5473.907538,5040.789308,3328.290944,,5297.90391,4684.494053,3241.276395,,5233.21866,4486.440177,2260.2038,,5337.66291,3634.078756,-149.4510793,,5335.673255,4461.450573,2170.080015,,
5473.907538,4678.20859,3183.242917,,5256.009833,4564.563552,3343.831603,,5311.719983,4646.277359,2287.434248,,5337.66291,4611.561183,2756.798162,,5344.825066,4625.152671,2892.826733,,
5461.876042,4868.78216,3536.580342,,5231.971102,4564.409808,3396.126591,,5284.242166,4389.3183,777.2813548,,5337.66291,4353.838881,2056.836742,,5328.938055,4544.087287,2441.706257,,
5461.876042,4884.342208,3675.577284,,5252.318302,4614.685319,3236.933317,,5243.427357,4457.423394,1151.720429,,5325.185775,4949.481497,3460.398127,,5320.701869,4726.483104,2881.157289,,
5451.182146,4847.779088,3244.195875,,5245.085371,4531.689036,2750.678251,,5243.427357,4783.878309,2476.366481,,5311.969314,4735.27181,3717.662577,,5312.916047,4724.654561,3047.225796,,
5449.150585,4566.981706,1200.541657,,5261.425854,4504.860744,1950.240466,,5279.5425,3873.137073,620.1765141,,5311.969314,4185.789109,373.1723015,,5325.522063,4282.692158,1036.032735,,
5449.150585,5018.400147,4171.123123,,5257.270327,4635.734805,1287.991434,,5265.947111,4370.780889,1632.714089,,5341.830402,4354.644961,1073.040565,,5328.549606,4594.8902,2041.217303,,
5413.922303,4464.645546,-916.7643996,,5254.692656,4128.727769,1312.968756,,5264.100058,4722.383157,3797.501593,,5294.245631,4398.526325,750.7982571,,5306.740162,4428.570699,1236.126052,,
5448.135943,4697.274059,357.553049,,5254.692656,4750.258091,4040.211877,,5230.872724,4916.322161,4284.480982,,5241.465309,4470.311862,1315.089634,,5293.791658,4708.541543,2499.333885,,
5450.633301,4711.2617,2610.956247,,5254.692656,4591.942282,2676.379899,,5228.607574,4175.925463,2597.366609,,5247.933417,4606.703144,3143.297949,,5295.466737,4521.458147,2757.000176,,
5450.633301,4798.706632,2774.668103,,5374.206841,4782.851134,3609.715644,,5253.585709,4246.764224,2564.730755,,5223.727756,4199.208658,2701.247627,,5325.538402,4506.882662,2912.590532,,
5460.199147,4991.378079,3387.877401,,5344.617603,4409.453345,2127.674722,,5234.820052,3983.795276,-795.0435664,,5245.26819,4329.356084,1745.274848,,5321.226248,4428.495696,1616.445851,,
5450.633301,4711.638311,2360.641314,,5312.444156,4741.12349,3386.139985,,5234.820052,4451.761014,2534.789033,,5245.26819,4492.52339,1916.480818,,5310.791425,4599.261551,2549.512788,,
5435.781981,4556.774045,1499.783393,,5247.258215,4293.889243,305.2830848,,5234.820052,4167.697785,2236.132762,,5255.198523,4369.109862,2710.838736,,5293.264693,4346.867734,1688.009494,,
5431.758781,4889.926794,3205.954401,,5273.78781,4428.757861,2482.348547,,5235.352221,4568.008905,3149.515892,,5255.198523,4597.611856,1996.348938,,5299.024334,4621.076354,2708.541944,,
5518.284898,4786.736734,2230.061011,,5265.535087,4821.422027,3563.910447,,5234.995053,4004.795242,1325.150092,,5192.886452,4587.046619,2874.320179,,5302.925373,4550.000156,2498.360432,,
5535.154053,5204.767088,4515.855034,,5247.733911,4413.801477,1980.056229,,5200.806815,4661.279824,3468.866109,,5188.168204,4139.577062,2180.395617,,5292.965746,4604.856363,3036.293247,,
5535.154053,5232.866211,4139.290797,,5247.258215,4752.199168,3674.878743,,5191.751862,4384.716594,2579.158203,,5203.044698,4332.769591,2608.090815,,5294.302207,4675.637891,3250.35464,,
5535.154053,4239.825878,-501.2048266,,5334.338556,4861.802268,3346.594837,,5192.691088,4719.921788,3589.4808,,5224.324511,4236.041758,1044.524344,,5321.627052,4514.397923,1869.848789,,
5546.262343,5019.906289,3904.573628,,5284.372488,4367.724789,1858.455198,,5192.691088,4395.455733,2644.732561,,5224.324511,3985.388889,417.196502,,5311.912608,4442.118925,2206.239472,,
5523.371796,5040.751155,3859.413248,,5269.782228,4319.105608,1682.92832,,5192.691088,4635.444849,2019.04637,,5224.324511,4102.990515,-129.7241117,,5302.542406,4524.573032,1857.915957,,
5524.164691,4879.690496,1543.589345,,5250.824486,4223.279867,1712.095862,,5192.691088,4625.927941,3119.710413,,5225.624927,4373.698965,1633.70988,,5298.326298,4525.649317,2002.276375,,
5610.257866,4733.902592,877.8523796,,5242.104229,4693.808674,1750.374407,,5193.430495,4247.536748,1557.422739,,5252.15791,3999.492119,1643.058693,,5324.487625,4418.685033,1457.177055,,
5610.257866,5191.970668,3272.318441,,5257.809705,4759.504637,2860.629397,,5193.430495,4764.756773,2918.541182,,5200.20946,4481.038384,2230.201234,,5315.426881,4799.317615,2820.422564,,
5610.257866,4720.101838,2279.472405,,5231.68044,4604.918024,-171.7595359,,5203.370441,4456.098012,1313.831529,,5292.685551,4588.747362,1710.017827,,5334.498575,4592.466309,1282.890556,,
5610.257866,4391.897154,2560.828723,,5247.190478,4377.101398,1400.018313,,5203.370441,4757.41552,1905.493726,,5239.357046,4454.085764,-293.2477965,,5325.043958,4495.124959,1393.273241,,
5621.09569,5033.675608,3351.667884,,5258.978042,4605.222535,3093.752956,,5193.922561,4353.986526,1823.00972,,5260.427822,3954.610063,403.0137218,,5333.606029,4486.873683,2167.86107,,
5621.09569,5005.507387,2681.320525,,5305.618367,4704.541611,2228.997055,,5214.608208,4821.081553,3876.732035,,5260.427822,3910.441779,1525.05741,,5350.437522,4610.393082,2578.026756,,
5621.09569,5123.946143,2527.966055,,5288.03811,4585.95567,3148.875312,,5228.297612,4237.260267,1653.04382,,5285.624556,4020.811074,449.3219899,,5355.763992,4491.993288,1944.801794,,
5618.003816,4433.845135,1783.452251,,5280.91132,4264.217365,1432.983759,,5198.74299,4231.285616,-891.6513649,,5260.427822,4768.824204,2960.611204,,5339.521487,4424.54308,1321.348962,,
5610.886196,4957.30217,4126.044256,,5261.372011,4140.38553,1325.404766,,5242.635205,4249.935589,1571.990244,,5266.329353,4149.019999,-224.7690455,,5345.305691,4374.160822,1699.667555,,
5649.516524,4883.760186,3331.768974,,5261.372011,4526.351874,2848.055176,,5209.060668,3815.16158,558.0930874,,5294.990733,3891.548717,2221.161014,,5353.734984,4279.205589,2239.769563,,
5649.516524,5026.407539,2234.761543,,5302.387125,4598.207125,3383.745647,,5188.358651,3878.03744,1047.390044,,5294.990733,4730.31136,3141.30113,,5358.813258,4558.240866,2451.799591,,
5649.516524,4817.266064,2581.584893,,5276.2946,4624.942303,2233.487004,,5194.832522,4693.048931,3944.00742,,5251.693311,4413.759617,339.0894227,,5343.084239,4637.254229,2274.542185,,
5664.851265,4889.714091,3252.017056,,5276.2946,4702.260173,3317.690724,,5207.174134,4746.395695,1594.683652,,5241.722113,3989.116814,1044.861641,,5347.510528,4581.871693,2302.313268,,
5650.919835,4828.1369,3003.593673,,5347.079132,4653.892177,3171.397376,,5218.091011,4617.494006,3472.825495,,5243.610753,4619.214745,2203.105028,,5364.925183,4679.684457,2962.730393,,
5649.516524,5236.762019,4572.58296,,5355.719563,4458.380829,2177.93961,,5231.273532,4571.491715,2904.708905,,5235.073883,4473.585313,2292.09901,,5367.895876,4685.054969,2986.832621,,
5649.516524,4750.266275,1565.196277,,5371.816442,4461.191927,1893.906079,,5253.721069,4230.176267,940.7162588,,5239.993346,4226.853662,2126.261549,,5378.761845,4417.122033,1631.520041,,
5649.516524,4437.672764,978.4194055,,5424.027682,4595.93351,2404.938958,,5253.721069,4290.096502,846.6918557,,5239.396029,4676.862044,1423.254556,,5391.665326,4500.141205,1413.326194,,
5629.823359,5172.095893,3580.469617,,5404.510698,4595.676051,2003.567652,,5257.422772,4420.592618,2142.061225,,5243.482083,4407.46836,208.2564412,,5383.809728,4648.958231,1983.588734,,
5629.823359,5017.747843,2075.109604,,5404.510698,4743.995961,3190.608311,,5258.21843,4657.93246,2426.988251,,5262.327509,4846.623624,2762.934432,,5388.719999,4816.574972,2613.91015,,
5660.423336,4711.955038,1996.479346,,5335.982125,4033.034984,1643.792077,,5278.929606,4230.299619,2446.569468,,5254.97435,4124.508098,2391.242293,,5382.577354,4274.949435,2119.520796,,
5657.455007,4891.668723,2626.24545,,5354.946205,4752.450017,3485.527483,,5266.997983,4699.942809,3220.008212,,5243.589902,4456.59619,2573.06635,,5380.747274,4700.164435,2976.211874,,
5657.455007,4908.816711,2321.897243,,5354.946205,4761.798027,3533.636509,,5242.231396,4165.070513,2667.851003,,5259.636859,4718.095926,3102.097467,,5378.567367,4638.445294,2906.370556,,
5657.455007,4678.920616,1921.730758,,5356.238426,4861.342533,3897.421363,,5258.967152,4539.631279,3299.072569,,5272.047097,4376.009805,398.4279975,,5386.17692,4613.976058,2379.163172,,
5657.455007,4644.338612,2443.875505,,5365.950126,3905.473072,494.3898509,,5242.231396,4188.728179,2778.046578,,5272.047097,4572.997813,2557.538011,,5384.420906,4327.884419,2068.462486,,
5657.455007,4676.887404,1412.028454,,5418.14099,4589.855474,2957.402072,,5236.069541,4814.074964,3706.049742,,5276.932808,4430.456903,2646.471221,,5397.149587,4627.818686,2680.487872,,
5657.455007,4793.084524,2047.897072,,5342.876541,4617.01896,1605.930549,,5221.493287,4425.86145,2610.271578,,5252.822166,4847.502507,3750.225259,,5368.66175,4670.86686,2503.581114,,
5620.104387,4462.799836,1161.118591,,5405.222446,4434.435033,2675.508414,,5224.028446,4025.197967,2058.161696,,5253.223315,4362.885423,-220.1901317,,5375.644649,4321.329565,1418.649642,,
5602.026403,5009.250415,2238.53603,,5332.82905,4328.858006,1739.348267,,5256.427915,4382.389414,2337.780436,,5247.646402,4190.70325,2580.464685,,5359.732443,4477.800271,2224.032355,,
5604.23976,4659.563048,3662.095857,,5334.498765,4654.975136,3132.382862,,5256.427915,4850.296089,3528.244236,,5248.32207,3936.829357,1628.181862,,5360.872128,4525.415907,2987.726204,,
5604.23976,5152.844759,4621.551023,,5332.782474,4265.512139,2127.018763,,5264.64868,4668.132639,2263.04774,,5266.030062,4306.758332,-619.7466477,,5366.925244,4598.311967,2097.96772,,
5577.465312,4497.96127,2648.613375,,5317.225536,4354.965201,2137.119503,,5264.041226,4150.19551,2642.575592,,5283.18956,4607.142641,1274.988281,,5360.480408,4402.566155,2175.824188,,
5539.277639,5272.463734,4262.929003,,5300.289306,4515.003205,3091.390279,,5280.48087,4623.478324,3448.647592,,5283.18956,4561.116935,2782.218821,,5350.809344,4743.015549,3396.296424,,
5530.904543,4640.310985,2795.393898,,5292.980023,4783.529905,3344.177948,,5264.041226,3927.723469,1779.482395,,5302.782166,4636.954808,603.5471637,,5347.676989,4497.129792,2130.650351,,
5544.988791,5004.082456,2186.835208,,5193.431411,4187.23659,2411.723995,,5268.445096,4697.102554,3233.450113,,5302.782166,4554.29793,2771.76313,,5327.411866,4610.679882,2650.943112,,
5530.904543,5038.561526,2761.915415,,5196.375244,4764.688078,2821.57293,,5284.884739,4806.368673,3328.463952,,5302.782166,4476.50693,308.4397649,,5328.736673,4771.531302,2305.098016,,
5504.054875,4978.372641,3067.615222,,5201.019392,4576.777197,3359.348939,,5284.884739,4678.01695,2539.269822,,5307.645178,4648.988862,2477.266916,,5324.401046,4720.538912,2860.875225,,
5499.787579,5044.416247,4008.39447,,5201.019392,4143.235679,2000.331896,,5284.884739,4521.152956,3660.205281,,5307.645178,4239.036676,2221.22087,,5323.334222,4486.96039,2972.538129,,
5499.787579,4984.536381,2594.129353,,5202.118998,4773.030084,3768.882312,,5268.445096,4782.318515,3824.789692,,5310.93789,4539.59773,2220.023437,,5320.322391,4769.870677,3101.956198,,
5491.661603,5091.607733,4101.440116,,5168.372909,4607.530866,2743.015407,,5261.670126,4700.304316,4048.549672,,5334.561373,4628.297653,256.9492051,,5314.066503,4756.935142,2787.4886,,
5505.479113,4681.715192,1755.325814,,5171.438862,4615.07911,2437.087287,,5235.24534,4620.741985,2423.183347,,5312.858731,4138.215476,1852.57946,,5306.255512,4513.937941,2117.043977,,
5501.968437,4960.229627,2595.994322,,5171.438862,4095.312248,1561.290509,,5240.450573,4741.922929,3144.500751,,5344.508021,4694.918717,3076.543715,,5314.591473,4623.09588,2594.582324,,
5501.968437,4786.906694,539.7220448,,5179.67111,4453.319358,2944.137985,,5249.11783,4487.482545,2443.71723,,5321.374474,4657.253984,3634.159996,,5313.032963,4596.240645,2390.434314,,
5502.881073,4746.209138,2031.473271,,5185.583982,4726.763179,3810.241893,,5269.377126,4541.363605,2241.771304,,5332.960732,4607.773012,1356.766348,,5322.700728,4655.527234,2360.063204,,
5501.968437,5177.997855,3894.039779,,5154.381782,4432.962171,3159.274142,,5320.424456,4595.173934,2274.895989,,5332.960732,4420.892598,2590.138969,,5327.433852,4656.75664,2979.58722,,
5503.125087,4856.339769,3500.947025,,5154.381782,4135.51691,1904.14516,,5320.424456,4769.596193,2720.851189,,5312.278134,4184.109616,369.736926,,5322.552365,4486.390622,2123.920075,,
5506.748084,4778.763899,3193.18726,,5162.995013,4555.040157,1802.648882,,5320.424456,4678.681529,4052.148992,,5321.374474,4586.582104,3081.939956,,5327.885507,4649.766922,3032.481273,,
5501.968437,4419.633787,2959.728049,,5169.41929,4223.373611,2525.021081,,5320.424456,4289.044133,3163.873935,,5338.796832,4249.887026,2432.738539,,5332.652254,4295.484639,2770.340401,,
5491.329985,4689.498586,1647.900314,,5169.41929,4426.132103,2009.848938,,5327.971299,4138.072468,2268.900232,,5338.796832,4783.630424,3131.324649,,5331.879351,4509.333395,2264.493533,,
5447.454175,4683.300958,2767.866469,,5169.41929,4322.762559,-1053.620743,,5339.816219,4734.536589,3457.536092,,5360.434394,4229.463927,2620.898926,,5329.28102,4492.516008,1948.170186,,
5480.452359,4394.325702,1942.512882,,5169.41929,4048.966532,-428.1619926,,5320.424456,3565.703828,586.582333,,5360.434394,4267.431519,1973.408401,,5332.682625,4069.106895,1018.585406,,
5419.367149,4694.961538,3067.359732,,5170.148955,4573.913634,3384.739155,,5339.161844,4337.603839,912.8008282,,5354.001546,4677.524919,3037.472628,,5320.669874,4571.000982,2600.593086,,
5441.039605,4611.7869,58.15568129,,5170.145016,4627.613488,1006.05892,,5339.161844,4263.635228,705.7554111,,5367.418043,4529.457324,1744.024032,,5329.441127,4508.123235,878.4985112,,
5489.733022,5028.800509,2855.217047,,5180.488588,4421.259523,1161.696891,,5339.161844,4245.931193,2588.091194,,5363.097885,4818.095536,2985.10137,,5343.120335,4628.52169,2397.526626,,
5465.33654,4678.234015,1995.949827,,5211.750447,4613.895418,3330.679495,,5350.137084,4757.599142,929.3327273,,5375.269599,4624.495725,2944.4283,,5350.623417,4668.556075,2300.097587,,104.9642371
