3543.817398,429.1212489,-2533.804371,,3679.842984,533.4953853,-1754.461398,,2952.336065,401.1330491,-2496.17413,,3506.54713,629.7933698,-2897.05348,,3420.635894,498.3857633,-2420.373345,,
3571.817743,2191.664831,-1404.333034,,3945.420479,1401.299624,-2481.903451,,3344.488877,1882.735055,-1265.977993,,3043.532043,1755.791721,-2447.775187,,3476.314786,1807.872808,-1899.997416,,
3770.862671,3445.166051,2735.992436,,2882.958148,1398.854377,-2378.694212,,3827.986037,2657.663179,-77.82139177,,3362.033301,2760.195978,-1952.384131,,3460.960039,2565.469896,-418.2268248,,
3937.831446,3326.592956,-1192.511615,,3765.125739,2452.449473,-1888.006128,,3762.067737,2619.608814,104.9624265,,3385.816326,2744.890549,-435.7529477,,3712.710312,2785.885448,-852.8270661,,
4028.427454,3486.379102,1950.317444,,3419.618678,2422.33483,-1254.540851,,3517.643203,2828.660153,534.5342871,,3527.531879,3188.287758,757.4122579,,3623.305304,2981.415461,496.9307846,,
4104.992922,3409.981463,-2125.1225,,3448.626275,1985.66766,-2567.67358,,3511.789865,2718.664725,375.9804338,,3618.958205,3128.938747,437.1177674,,3671.091817,2810.813149,-969.9244698,,
4124.87538,3746.351225,1249.942427,,3528.108119,2374.582112,-545.5851207,,3750.67308,3155.799822,1888.484791,,3632.06416,3314.170056,1285.898309,,3758.930185,3147.725804,969.6851017,,
4198.157056,3836.663816,1980.927262,,3610.352971,2085.971847,18.68565015,,3850.015666,2900.930283,776.3514585,,3668.452724,2875.954487,-567.5047851,,3831.744604,2924.880108,552.1148965,,
4195.612544,3810.523307,1893.926933,,3762.503845,2471.055146,130.0915216,,3861.22078,3342.370631,1197.169804,,3693.745928,3332.359346,933.3639888,,3878.270774,3239.077107,1038.638062,,
4221.221374,3901.187698,2647.508708,,3690.890491,2163.060132,136.4765325,,4117.027677,3060.454771,610.8362736,,3744.739685,3279.439948,-1171.656555,,3943.469807,3101.035637,555.7912397,,
4250.623543,3880.296156,1151.532983,,3708.429592,3073.096771,721.2538139,,4127.275609,3545.630946,954.9203142,,3744.739685,3382.907655,829.1562404,,3957.767107,3470.482882,914.2158378,,
4261.247464,2744.322275,-9.939094848,,3679.451747,2823.50409,962.8666098,,4160.967786,3017.446622,769.4110864,,3744.739685,3200.82657,1639.112978,,3961.60167,2946.524889,840.3628948,,
4283.730457,3367.815706,-830.3517417,,3695.807902,2955.337305,-129.5621388,,4267.971204,3595.230341,1913.611316,,3765.087006,3494.661036,2781.141158,,4003.149142,3353.261097,933.7096485,,
4286.903318,3344.771743,-346.2227551,,3855.140042,2721.496191,-165.9890494,,4382.042355,3194.200151,1642.0776,,3765.087006,2834.951949,-1213.215789,,4072.29318,3023.855008,-20.83749832,,
4268.644561,3821.124647,1877.236748,,3917.890496,2744.815184,-1789.737575,,4303.139684,3317.53116,900.6495865,,3774.769471,3535.961314,1235.410472,,4066.111053,3354.858076,555.8898078,,
4291.436433,3130.452886,-1643.639289,,3963.362451,3060.902705,777.2952739,,4331.631902,2895.066959,1185.149388,,3785.028359,3116.718916,-663.426138,,4092.864786,3050.785367,-86.15519118,,
4328.609619,3531.057905,-72.64468338,,3923.266594,2618.673332,-1015.772684,,4328.910129,3463.362564,1059.116937,,3764.950546,2874.210899,-131.9524771,,4086.434222,3121.826175,-40.31322688,,
4343.681621,4022.327671,3380.960863,,3923.266594,2645.729285,1066.333551,,4359.618608,3392.789678,198.8218859,,3785.028359,2961.511211,403.5117938,,4102.898795,3255.589461,1262.407024,,
4352.211398,3565.66364,319.9904172,,3962.129662,2071.993977,-1530.320623,,4363.253991,3474.25758,828.5874573,,3777.798443,3416.852641,2645.948293,,4113.848373,3132.19196,566.051386,,
4356.377754,4094.927607,170.3187522,,4014.089583,2854.099233,588.6004969,,4410.26391,3530.622058,1425.90525,,3814.049352,3026.669997,-1131.325332,,4148.69515,3376.579724,263.3747917,,
4389.302475,3974.123782,1824.687183,,4019.563117,3413.413907,305.1314748,,4506.028653,2849.8554,-1038.268179,,3860.410879,3399.431383,1082.37567,,4193.826281,3409.206118,543.4815371,,
4386.853635,3913.470853,906.7960517,,4044.338689,2941.758224,340.2967377,,4506.321074,3594.369145,673.9243823,,3855.489358,3385.05834,2750.418246,,4198.250689,3458.66414,1167.858854,,
4395.890213,3440.042338,-573.7757873,,4024.164499,2335.107159,-941.2218633,,4533.101223,3306.100324,843.2915073,,3860.186738,3379.332219,2009.188731,,4203.335668,3115.14551,334.370647,,
4416.020218,3925.004433,470.6508221,,4017.338796,2795.811174,-210.9713598,,4590.072614,3876.442883,1643.944006,,3900.717349,3582.468325,1394.944835,,4231.037244,3544.931704,824.6420758,,
4386.853635,4058.731051,1238.394616,,4058.629762,2997.344253,0.151138202,,4592.307231,3925.722768,2230.999253,,3856.015856,3034.199093,-702.8854863,,4223.451621,3503.999291,691.6648803,,
4386.853635,4100.317352,3535.073665,,4067.313035,3157.357461,261.763226,,4593.028698,4253.411771,3468.101149,,3876.237205,2667.171183,-1340.030108,,4230.858143,3544.564442,1481.226983,,
4392.330977,4120.043981,973.9541883,,4067.313035,3465.361083,503.1858818,,4640.034967,4068.247735,2533.576522,,3854.112007,3550.70703,-335.1742572,,4238.447746,3801.089957,918.8855837,,
4392.330977,3955.948121,2050.462919,,4067.134387,3022.051746,645.8649033,,4640.034967,4074.862018,1710.077855,,3890.125161,3521.248925,2631.776916,,4247.406373,3643.527702,1759.545648,,
4395.457577,4104.59065,-68.36189321,,4081.17392,3212.255705,441.4630486,,4656.610294,3610.293709,-1034.372482,,3891.103828,3255.260967,-363.4852526,,4256.086405,3545.600258,-256.1891448,,
4403.385234,3991.968787,1386.28365,,4100.681864,2936.718574,-196.9442278,,4656.610294,3509.819348,279.1156204,,3879.829023,3200.922095,163.819368,,4260.126604,3409.857201,408.0686025,,
4405.477862,4111.896847,2432.790727,,4129.505209,3374.360542,-224.9284479,,4627.495405,4082.721771,862.9416076,,3879.829023,2832.898266,-481.8601749,,4260.576875,3600.469357,647.2359279,,
4408.556868,4221.541281,3478.047301,,4126.136607,3246.652312,551.7909992,,4656.024199,3842.178514,1142.694371,,3869.063896,3403.085506,-452.8941092,,4264.945392,3678.364403,1179.90964,,
4393.562858,3356.485568,-251.0267274,,4126.136607,2967.81009,-32.01904511,,4656.024199,4114.606032,2597.975385,,3885.916984,3518.776905,357.2804903,,4265.410162,3489.419649,668.0525257,,
4396.260691,3482.594294,688.6987463,,4126.136607,3873.099893,1713.612823,,4656.024199,3836.709532,1779.509417,,3902.440082,3237.072531,521.8243828,,4270.215395,3607.369062,1175.911342,,
4431.741422,4124.98027,3398.622776,,4124.899536,2734.840913,414.6734878,,4635.209843,3792.574949,1602.101973,,3903.046515,3426.707553,279.1262616,,4273.724329,3519.775921,1423.631125,,
4431.741422,3852.744842,1689.548835,,4137.905275,3025.286208,323.633687,,4635.209843,3957.160195,2437.76489,,3944.370865,3563.655986,1137.252034,,4287.306851,3599.711808,1397.049862,,
4434.952541,3791.407143,180.7886757,,4129.674709,3109.719491,731.5533548,,4635.209843,3430.798732,695.8097768,,3963.395028,3320.807214,683.8740407,,4290.80803,3413.183145,573.006462,,
4432.871683,4187.816114,1013.633482,,4129.674709,2951.985582,336.3594024,,4673.899821,4151.234617,2539.347532,,3979.990626,3068.122446,-706.0066009,,4304.10921,3589.78969,795.8334539,,
4436.770299,3691.267885,1175.495836,,4129.674709,3550.604172,710.3610467,,4667.613643,3927.292421,1064.39141,,3992.620923,3625.985279,3044.394486,,4306.669893,3698.787439,1498.660695,,
4431.021763,4042.92505,3466.500399,,4125.214178,3305.718543,-576.7333278,,4704.155215,3945.678791,957.9000687,,4033.459201,3765.18105,3124.444211,,4323.462589,3764.875858,1743.027838,,
4425.365344,4016.740085,2139.76582,,4125.214178,3095.269365,1042.5073,,4704.155215,3570.768285,1214.136062,,4043.741853,3230.832157,643.8036659,,4324.619148,3478.402473,1260.053212,,
4427.954728,3691.417452,743.3063932,,4132.385781,3638.195193,1088.396301,,4648.495576,3482.580946,1487.288145,,4053.505505,3779.361414,1042.453049,,4315.585398,3647.888751,1090.360972,,
4417.187023,3497.679531,-676.0756328,,4132.385781,3204.163381,583.4445945,,4671.313647,3721.429794,1064.186301,,4096.815079,3569.429456,75.15740899,,4329.425383,3498.175541,261.6781679,,
4415.017993,4011.998642,510.2035535,,4143.023264,3435.676101,1187.096279,,4684.674811,3919.319934,2395.047124,,4097.104203,3706.20126,507.4777579,,4334.955068,3768.298984,1149.956179,,
4417.491087,3485.682545,1045.58005,,4143.023264,2677.997694,143.3351584,,4684.674811,3889.518563,1120.859218,,4129.120528,3648.369909,1642.023725,,4343.577423,3425.392178,987.9495378,,
4417.491087,3830.046403,996.8089882,,4142.363072,2469.276316,-785.032755,,4675.181284,3498.747563,400.912373,,4095.520792,3864.119756,3195.378407,,4332.639059,3415.54751,952.0167532,,
4424.267136,3810.74061,1498.896962,,4151.206041,2906.532117,967.3353689,,4654.813576,4112.60033,2981.802421,,4149.24942,3339.472647,-794.8804039,,4344.884043,3542.336426,1163.288587,,
4439.720463,3097.180284,-587.5251982,,4122.300168,2242.340466,220.1636724,,4641.620735,3892.049595,1784.944641,,4203.296888,3707.453988,35.40483761,,4351.734563,3234.756083,363.2469882,,
4435.049172,3774.540076,2336.582785,,4117.552756,2462.679283,-1047.042435,,4646.839561,3774.187484,1957.286066,,4203.296888,3873.589928,827.2556855,,4350.684594,3471.249193,1018.520525,,
4423.926923,4011.103694,1535.718663,,4117.552756,2867.998389,699.5157231,,4667.828768,3735.408757,2058.913244,,4169.366169,3697.808427,1458.248472,,4344.668654,3578.079817,1438.099025,,
4417.557541,3650.355615,315.5445935,,4115.474752,3113.782777,79.58403499,,4679.967871,4308.927526,2167.395464,,4170.825054,3672.519922,442.8801951,,4345.956304,3686.39646,751.3510719,,
4437.657697,4084.446162,3028.515701,,4138.015168,3099.103416,236.8832247,,4676.161973,3566.05102,1510.744753,,4230.693429,3304.321173,-408.8445212,,4370.632067,3513.480443,1091.824789,,
4496.771706,4112.560764,1272.693142,,4138.015168,3086.533464,-289.5591677,,4723.266878,3960.640919,2464.716496,,4291.982402,4044.11305,1218.833109,,4412.509038,3800.962049,1166.670895,,
4496.771706,4016.839195,662.4934638,,4141.977954,2743.674888,-350.1869791,,4723.266878,3914.972771,1302.001177,,4343.586054,4006.039905,385.332817,,4426.400648,3670.38169,499.9101197,,
4496.771706,4016.788294,3133.608131,,4144.019702,2781.237571,-779.7810083,,4786.285671,3699.031394,825.4869118,,4385.430009,4006.755581,608.9677479,,4453.126772,3625.95321,947.0704456,,
4531.562364,4039.803945,24.32612218,,4144.926492,3572.993747,-45.89580126,,4764.315512,4124.403136,2090.731452,,4385.430009,3679.014976,777.8980922,,4456.558594,3854.053951,711.7649663,,
4507.567018,3695.743691,1418.463133,,4157.497237,3705.593598,-291.8599025,,4776.450362,4255.377349,1612.962251,,4346.831579,3089.760521,-1223.438972,,4447.086549,3686.61879,379.0316276,,
4541.03307,4209.51522,3791.40275,,4179.293098,3391.235675,442.242611,,4769.006316,3965.870956,-241.2290164,,4345.478149,3206.913126,448.8244038,,4458.702658,3693.383744,1110.310187,,
4541.03307,4052.764492,81.6263799,,4157.497237,2808.650934,-369.8580131,,4771.419774,3906.908789,2706.998871,,4358.130132,3145.462638,-1799.202398,,4457.020053,3478.446713,154.89121,,
4519.785056,4028.399923,2628.518089,,4222.528521,3516.068959,614.8468931,,4769.006316,4374.04115,2515.007453,,4358.130132,4081.321168,1905.797635,,4467.362506,3999.9578,1916.042518,,
4517.644845,4103.985651,2422.611969,,4172.364659,3067.088256,162.2206405,,4941.042633,3889.639801,1080.638388,,4403.448285,3743.72469,868.3908795,,4508.625105,3701.1096,1133.465469,,
4549.853577,4097.975936,566.4168646,,4197.040514,2837.428333,72.91572911,,4918.195239,4461.083765,3117.952118,,4413.383411,3146.868944,-888.7014725,,4519.618185,3635.839245,717.1458098,,
4546.668909,3709.906806,725.704333,,4157.831982,3183.91159,555.0892161,,5019.29379,4584.65874,3209.995382,,4433.666493,3922.347868,1961.181846,,4539.365293,3850.206251,1612.992694,,
4533.667778,4118.971623,2542.995953,,4197.040514,3324.960397,511.3140974,,5048.991837,4521.003819,3475.203804,,4355.325293,2566.724261,-1019.470117,,4533.756355,3632.915025,1377.510934,,
4533.952903,3981.489495,2065.603715,,4245.086576,3389.175337,1226.017286,,5099.376117,4387.518038,1954.444924,,4369.948608,4047.367875,2063.534164,,4562.091051,3951.387686,1827.400022,,
4533.880794,4200.084012,3521.112894,,4164.916091,3090.210354,658.5067288,,5150.708277,4655.79189,2574.623876,,4388.279,3242.400827,-485.2637532,,4559.44604,3797.121771,1567.244936,,
4544.544491,4145.043538,3629.31093,,4201.222891,3644.045886,976.9276502,,5150.708277,4491.20424,2947.302983,,4388.279,4069.790121,777.7152668,,4571.188665,4087.520946,2082.814207,,
4553.384928,3715.878399,2318.255735,,4221.172328,3451.975449,1887.467095,,5103.123419,4406.090351,3018.338004,,4370.475379,4061.597327,2095.096184,,4562.039013,3908.885382,2329.789255,,
4548.358808,3887.276152,847.3605856,,4221.172328,3430.323958,214.0774636,,5099.376117,4384.535622,2606.619326,,4401.306298,4169.414561,3216.717558,,4567.553388,3967.887573,1721.193733,,
4543.717606,4130.112186,2941.018766,,4226.125526,3903.679414,2059.222183,,5072.653388,4237.848796,2331.221664,,4401.306298,3906.437013,-1293.289579,,4560.950704,4044.519352,1509.543258,,
4544.585635,4265.536267,3397.9951,,4226.587828,2925.268192,-13.91786213,,5124.069942,4063.934489,1087.485836,,4383.103439,3589.973123,1404.12646,,4569.586711,3711.178018,1468.922383,,
4552.551019,4093.318212,1333.346053,,4260.727762,4063.801757,2751.995499,,5082.641304,4220.515004,2659.120262,,4391.988403,3976.291188,1808.674693,,4571.977122,4088.48154,2138.284127,,
4545.671098,4195.049088,3535.41871,,4286.478312,3700.894996,1711.820139,,5076.637146,4226.822069,282.2448297,,4394.33487,3953.809363,1066.449339,,4575.780357,4019.143879,1648.983255,,
4550.629605,3919.981645,1255.390785,,4258.442297,3520.556771,300.4498841,,5074.583563,4434.343636,2286.620127,,4404.01277,3505.28653,-281.4578356,,4571.917059,3845.042146,890.2507401,,
4558.496223,3141.751909,-331.9447438,,4240.425268,3898.504836,620.5483483,,5074.583563,4499.166444,2869.750712,,4401.166117,4067.747049,3397.904666,,4568.667793,3901.79256,1639.064746,,
4558.496223,3990.643713,567.4555098,,4242.026858,3398.512764,148.6905829,,5082.214863,4263.293021,702.9353484,,4401.166117,3738.849864,1286.247591,,4570.976015,3847.824841,676.3322579,,
4544.753462,3834.315116,-482.3371724,,4274.584627,3926.544102,2584.099772,,5095.88331,4393.023534,1836.401095,,4389.831434,3252.728975,63.05262432,,4576.263208,3851.652932,1000.30408,,
4544.753462,3965.415943,2057.562007,,4270.258156,3544.089938,809.1962038,,5071.374666,4538.640078,2319.58892,,4416.26607,3889.856865,967.0907035,,4575.663088,3984.500706,1538.359459,,
4534.842273,4067.107419,3030.206915,,4270.258156,3254.000694,503.4377083,,5088.163283,4436.527439,2518.896009,,4447.882246,4148.395051,1327.462337,,4585.28649,3976.507651,1845.000742,,
4518.751102,4134.021837,1139.113761,,4268.988495,3585.850651,980.0643158,,5088.163283,4170.1638,1721.094115,,4447.882246,3784.988124,378.4555376,,4580.946282,3918.756103,1054.681932,,
4544.753462,3904.475804,2151.163158,,4277.730696,3720.293362,235.2486956,,5074.335862,4137.906552,2921.235741,,4451.353695,3778.712008,834.5054423,,4587.043429,3885.346932,1535.538259,,
4581.215098,4059.815708,1158.454564,,4291.165942,3696.581564,1520.601879,,5078.836656,4314.407989,2790.34341,,4451.353695,4198.415661,1669.214053,,4600.642848,4067.305231,1784.653476,,
4565.554671,3503.30216,-413.802272,,4286.358189,3650.903038,938.4604591,,5087.041068,4352.829223,2309.118719,,4448.35602,4103.796936,3508.141367,,4596.827487,3902.707839,1585.479568,,
4532.882163,3126.075424,-1375.780352,,4283.486634,4077.188538,3431.618866,,5076.292163,4348.729107,2167.623659,,4458.160895,3903.839036,331.0888868,,4587.705464,3863.958026,1138.637765,,
4535.6959,3835.199346,1341.626099,,4261.371873,3543.45103,2813.078887,,5067.423266,4121.176221,2146.190924,,4448.226785,4121.844306,3551.708984,,4578.179456,3905.417726,2463.151223,,
4527.730396,4249.754544,3654.957368,,4261.371873,3592.402295,533.2437978,,5052.112439,4052.45517,1114.84815,,4449.242826,3823.325856,112.6900474,,4572.614384,3929.484466,1353.934841,,
4570.760202,3747.733041,609.5919055,,4261.371873,3564.694459,1598.249108,,5064.25029,4166.281265,1331.124604,,4457.907419,4076.923035,864.3766861,,4588.572446,3888.90795,1100.835576,,
4575.105482,3537.8574,1159.175852,,4297.867041,3654.562912,-1815.227224,,5060.157949,4327.077011,2026.08742,,4450.882731,3474.806771,-257.0739497,,4596.003301,3748.576024,278.2405245,,
4581.434876,4258.949582,2347.997828,,4298.971392,3442.376838,918.5022284,,5060.157949,4563.684562,2639.389061,,4463.820876,3265.481797,145.8248068,,4601.096273,3882.623195,1512.928481,,
4564.809375,4243.231798,1614.121116,,4298.971392,3502.125731,1168.874504,,5060.157949,4111.26847,2832.425879,,4453.274663,3498.924511,-1398.578645,,4594.303345,3838.887628,1054.210713,,
4560.016363,4101.232154,2282.336454,,4302.320058,3692.59978,479.69861,,5061.895297,4531.846522,1837.369774,,4471.173371,4200.563762,3606.525948,,4598.851272,4131.560554,2051.482696,,
4560.041744,4080.806424,1959.135332,,4298.971392,3021.557747,-397.3988222,,5055.113808,4767.240692,3401.764091,,4475.381209,4060.408423,2823.707573,,4597.377038,3982.503322,1946.802043,,
4560.041744,4144.260943,1855.409063,,4310.238617,3613.842344,673.3052921,,5044.213065,4145.65084,2102.130131,,4499.447464,3901.294527,832.1180089,,4603.485223,3951.262164,1365.740624,,
4576.220088,4400.495889,4120.243906,,4310.238617,3951.254937,1494.570633,,5032.427792,4842.150574,3301.33375,,4483.001903,4134.679481,462.7948336,,4600.4721,4332.14522,2344.735781,,
4576.220088,4332.283625,1910.756773,,4313.587282,3697.493314,872.8656868,,5032.427792,4340.016664,3110.721929,,4488.485706,3971.807544,569.1261579,,4602.680217,4085.400287,1615.867637,,
4558.335453,3630.284551,-40.18829917,,4302.950235,3450.935621,1210.110665,,5048.29849,4293.995458,2507.958681,,4499.367404,4330.777695,3571.943418,,4602.237895,3926.498331,1812.456116,,
4550.434202,3582.075889,324.5456689,,4310.238617,3602.338267,1177.13927,,5080.016313,4147.278819,1798.352987,,4498.133113,3424.553481,215.0671703,,4609.705561,3689.061614,878.776274,,
4555.50411,3395.17583,758.5075014,,4347.073437,3806.550815,1531.945492,,5049.291798,4084.714565,2771.803868,,4502.456795,3571.081556,562.1691059,,4613.581535,3714.380691,1406.106492,,
4547.369213,3736.427682,422.2872515,,4349.084975,3444.909332,441.5140113,,5052.696714,4419.865422,2317.36537,,4499.367404,3742.578008,1450.356643,,4612.129576,3835.945111,1157.880819,,
4562.480807,3947.210233,1263.455232,,4364.293049,3272.105112,970.5367962,,5089.779994,3849.982135,-575.111252,,4500.198363,3577.729742,136.243442,,4629.188053,3661.756805,448.7810545,,
4571.067321,3944.317485,2122.365884,,4350.648522,3778.330636,1911.794312,,5067.908657,4084.953881,760.6919823,,4491.101375,4214.210477,3684.642477,,4620.181469,4005.45312,2119.873664,,
4706.027327,4347.031213,3014.103498,,4594.505189,4063.776191,2426.21452,,5481.414693,4625.202376,2422.560282,,4607.433039,4461.573334,3775.201419,,4847.345062,4374.395778,2909.51993,,
4661.41106,3246.702505,-202.166364,,4298.255034,2457.673128,661.3524725,,4819.497683,3609.999664,386.3661119,,4597.016242,3481.993365,201.169058,,4594.045005,3199.092165,261.6803196,,
4652.940652,3600.738532,-85.18323686,,4294.677903,3297.170234,331.7701867,,4860.655673,4270.274979,2958.239572,,4578.309491,4014.691019,1392.660197,,4596.64593,3795.718691,1149.37168,,
4659.843135,4048.228689,850.4763259,,4321.470257,4010.741828,2272.593694,,5152.35349,4118.913399,-343.3525439,,4562.994272,4118.132276,1766.135495,,4674.165289,4074.004048,1136.463243,,
4652.940652,4139.152988,2407.874755,,4308.881073,3809.669091,2238.318507,,4819.950151,3674.716517,-567.7387512,,4568.079895,4044.788296,1787.433861,,4587.462943,3917.081723,1466.472093,,
4653.605829,4153.383541,670.9968207,,4312.919265,3990.608158,3129.194625,,4820.846722,3972.834761,643.7539272,,4571.266971,4366.908375,3684.894241,,4589.659697,4120.933709,2032.209904,,
4657.940363,4228.545281,3520.190204,,4310.830377,4037.228832,2835.134737,,5000.924693,3882.549542,810.2398857,,4571.266971,4002.296213,245.3636133,,4635.240601,4037.654967,1852.73211,,
4669.080602,4280.362169,1854.206995,,4293.668387,3774.895867,2530.265457,,5090.650286,3954.979842,1886.449403,,4597.080792,4224.910337,2433.896754,,4662.620017,4058.787054,2176.204652,,
4669.080602,4379.876371,3393.720293,,4293.584786,3785.329881,783.497414,,5169.730923,3576.118821,1001.989378,,4597.080792,4248.688734,1883.901244,,4682.369276,3997.503452,1765.777082,,
4657.940363,3793.761362,349.6068664,,4300.100001,3803.88072,604.8428723,,5205.513372,4138.692755,1460.483324,,4632.172887,4372.868543,3624.580517,,4698.931656,4027.300845,1509.878395,,
4664.623997,4184.751418,2686.345036,,4300.100001,4025.571314,2510.110476,,5156.700948,3721.673311,1227.098984,,4607.373231,3898.798178,1635.596824,,4682.199544,3957.698555,2014.78783,,
4664.623997,4130.336199,1899.844646,,4304.76637,4089.540707,2989.212726,,5011.937628,3519.86395,827.4995517,,4584.279315,4071.04855,2265.642879,,4641.401827,3952.697351,1995.549951,,
4664.623997,4110.71277,2967.709354,,4289.843309,3911.683935,3293.587913,,5041.457966,4110.592968,1829.503162,,4630.125892,3066.655467,-98.49072235,,4656.512791,3799.911285,1998.077427,,
4669.372281,4347.224779,3179.633963,,4283.843906,3383.532183,1586.14771,,4988.206334,4343.863516,3221.823088,,4623.760656,4055.611898,1044.404786,,4641.295794,4032.558094,2258.002387,,
4664.623997,4337.067965,2752.628907,,4283.843906,3778.642133,1230.873162,,4990.446595,4072.875925,1989.213634,,4604.407244,4198.845934,2419.404552,,4635.830435,4096.857989,2098.030064,,
4666.105209,4287.194375,2971.046804,,4283.843906,3971.282775,3159.264702,,5221.929082,4003.591879,1194.284287,,4627.977847,3793.001321,1988.919041,,4699.964011,4013.767587,2328.378708,,
4664.623997,4177.164966,1150.851875,,4283.489465,3851.666398,2769.596371,,5150.829835,4562.954512,2378.211406,,4600.662591,4192.96528,2740.999791,,4674.901472,4196.187789,2259.914861,,
4680.058437,4275.814477,3555.485598,,4279.013778,3525.746736,884.7332347,,5238.881232,4357.073842,1903.186782,,4583.043595,4044.199172,1989.09407,,4695.249261,4050.708557,2083.124921,,
4659.793451,3696.939201,1525.536767,,4270.746674,3780.413581,1370.66168,,5158.759017,4279.606586,1532.100955,,4621.112169,4061.275441,2559.356308,,4677.602828,3954.558702,1746.913928,,
4651.350446,3898.305957,717.8927529,,4274.651022,3566.021246,1771.449589,,5261.538881,4291.394074,2679.152163,,4586.573009,4078.336239,1431.138501,,4693.52834,3958.514379,1649.908251,,
4656.273633,3468.463657,488.8249184,,4274.651022,4048.720745,2866.798275,,5194.450964,4607.687152,2247.512529,,4586.573009,4237.761534,3093.860739,,4677.987157,4090.658272,2174.249115,,
4663.182916,4024.95687,1163.982702,,4274.862722,3728.155344,844.4197169,,5246.739101,4749.1271,3769.976542,,4580.840779,3737.297359,805.0803566,,4691.406379,4059.884168,1645.864829,,
4663.182916,4274.599595,3657.592616,,4300.751701,3674.277907,800.756392,,5251.780941,4064.155835,-179.484179,,4591.279257,4390.372733,3779.922808,,4701.748704,4100.851517,2014.696909,,
4665.673692,4300.223178,3036.102726,,4296.656579,3453.460616,941.9207684,,5267.561702,4670.523792,2395.954533,,4610.591488,4114.030652,1168.540718,,4710.120865,4134.55956,1885.629686,,
4665.673692,4332.121202,2788.782745,,4366.883527,3696.743717,-15.78917253,,5259.92007,4386.231124,3483.029865,,4612.220709,4339.464662,3536.536739,,4726.174499,4188.640176,2448.140044,,
4667.000154,4344.080771,3039.243299,,4339.431017,3764.556747,1747.523778,,5282.383869,4257.862017,1471.247841,,4611.534207,4163.768541,2583.132167,,4725.087312,4132.567019,2210.286771,,
4683.8654,4256.407242,3346.463898,,4347.388677,3948.335121,-141.8675411,,5269.574694,4376.493775,3212.808999,,4612.089899,3702.193448,-223.2009009,,4728.229668,4070.857397,1548.551114,,
4683.8654,3932.047833,1614.130986,,4277.659106,4020.223002,2813.496878,,5173.791997,4392.752819,1939.642454,,4628.312493,4382.821277,3732.222579,,4690.907249,4181.961233,2524.873224,,
4691.321805,4174.838651,1873.060907,,4277.659106,3466.99364,963.3321982,,5182.813052,4776.947296,3623.164347,,4628.312493,4061.063745,2869.084537,,4695.026614,4119.960833,2332.160497,,
4683.8654,4031.119965,1844.312013,,4277.659106,3728.22674,2889.673225,,5135.06418,4126.11906,1627.714259,,4628.312493,4188.813463,2509.539526,,4681.225295,4018.569807,2217.809756,,
4662.749348,4157.047273,3439.630487,,4278.28949,3936.809327,2619.733264,,5158.453358,4290.070438,2964.324575,,4633.855501,3362.045979,603.8094572,,4683.336924,3936.493254,2406.874446,,
4683.8654,4244.475151,3383.300615,,4285.889432,3881.102201,2278.68967,,5177.299592,4391.46759,3371.298311,,4624.109973,4178.683362,3280.469504,,4692.791099,4173.932076,3078.439525,,
4683.8654,4235.049665,2313.349072,,4311.437311,4094.709474,2432.159126,,5166.300757,4465.18193,2655.335676,,4608.880064,3909.858394,1324.61051,,4692.620883,4176.199866,2181.363596,,
4669.778005,4236.790132,1692.087003,,4311.437311,3950.502726,1966.213335,,5217.676462,4519.424519,3571.551172,,4925.051662,4161.096603,1221.973335,,4780.98586,4216.953495,2112.956211,,
4662.749348,4181.602581,1929.093783,,4293.361424,3720.117554,997.8395316,,5195.146021,4094.252748,911.245359,,4921.801158,3507.670862,477.8142625,,4768.264488,3875.910936,1078.998234,,
4669.728199,4258.147817,3298.998682,,4367.845187,3978.268547,1594.827243,,5195.146021,4720.485698,3590.991189,,4609.212006,4136.713486,904.363034,,4710.482853,4273.403887,2347.295037,,
4696.756962,3956.365489,2183.32845,,4323.58863,4085.647126,3490.16515,,5211.859994,4139.639849,-1241.013007,,4609.212006,3899.479975,1932.332293,,4710.354398,4020.28311,1591.203222,,
4704.441397,4351.829473,3580.931352,,4323.58863,3399.894675,1733.386763,,5237.358262,4153.332282,2724.096113,,4613.935039,4223.401812,3526.842103,,4719.830832,4032.114561,2891.314083,,
4696.88009,4421.641059,3590.352415,,4386.423335,3723.194633,-716.9108227,,5269.352323,4460.747927,2084.952112,,4620.293523,4203.759456,3500.013766,,4743.237318,4202.335769,2114.601868,,
4707.183678,4007.44758,858.94353,,4388.986021,4004.623461,1929.823233,,5188.519803,4304.386447,2716.255486,,4625.151135,4374.709411,3608.574809,,4727.460159,4172.791725,2278.399265,,
4707.306806,4397.268786,1907.655235,,4394.408347,3787.380456,2024.242362,,5238.682645,4655.224806,3785.565527,,4640.875629,3954.672412,1332.793571,,4745.318357,4198.636615,2262.564174,,
4707.306806,4340.717096,3526.99031,,4398.065815,4073.197742,2028.086776,,5289.66358,4634.442432,2066.764662,,4636.758027,4303.968778,3557.459736,,4757.948557,4338.081512,2794.825371,,
4696.88009,3980.714094,1337.306492,,4394.408347,4005.166078,1948.667507,,5289.66358,4395.014932,2712.126455,,4641.249944,4399.867019,3793.188619,,4755.55049,4195.190531,2447.822268,,
4699.054664,4513.603398,2980.241429,,4397.896123,4006.050314,1465.241758,,5289.66358,4629.698702,3197.505191,,4638.105995,3949.404788,2547.904026,,4756.180091,4274.6893,2547.723101,,
4705.121432,3860.7604,1069.242358,,4394.408347,3771.351928,1198.058508,,5244.396655,4618.247349,2044.998214,,4630.417116,4158.803202,3100.239906,,4743.585888,4102.29072,1853.134747,,
4710.977907,4269.485787,2326.712568,,4389.969447,3756.138058,89.87401542,,5233.912781,4757.124592,2947.753589,,4641.249944,4144.96089,2775.43033,,4744.02752,4231.927332,2034.942625,,
4705.121432,4370.850551,2294.170132,,4392.961124,4008.568955,2621.364959,,5293.5262,4594.655186,2801.400226,,4642.164145,4398.766179,3049.602232,,4758.443225,4343.210218,2691.634387,,
4705.121432,4419.360697,2995.417349,,4396.48113,4055.078986,-122.1644911,,5240.728538,4378.448723,2629.025354,,4651.814625,4324.405984,2905.366354,,4748.536431,4294.323597,2101.911141,,
4719.453267,4328.974993,2240.034628,,4394.497817,3848.758591,1429.183056,,5255.626877,4481.776092,2189.695247,,4652.181609,4140.019464,1776.626105,,4755.439893,4199.882285,1908.884759,,
4719.453267,4310.680138,3021.440146,,4399.361214,3702.062241,1003.154199,,5255.626877,4173.03862,2415.691414,,4663.601942,4384.295279,3430.342788,,4759.510825,4142.51907,2467.657137,,
4715.293602,3876.632739,1963.880894,,4399.361214,3638.226285,2137.512645,,5312.819356,4595.368975,2581.178778,,4663.601942,4298.160751,3580.636543,,4772.769028,4102.097187,2565.802215,,
4715.293602,4400.619054,2022.63655,,4404.983217,3695.003959,2063.977889,,5290.294387,4222.903363,489.434288,,4663.601942,4266.53722,3430.901538,,4768.543287,4146.265899,2001.737566,,
4710.433602,4011.815258,1258.611477,,4442.870386,3986.685882,2736.518771,,5279.119064,4548.204243,2857.889027,,4663.601942,4131.463386,3082.327419,,4774.006248,4169.542192,2483.836673,,
4706.774954,4230.798242,894.9665084,,4442.870386,3351.113914,-336.0803944,,5365.314534,4503.043375,1780.440177,,4661.651632,4017.229614,2500.638001,,4794.152876,4025.546286,1209.991073,,
4712.631429,4401.198407,2200.725234,,4381.157505,3852.545342,2805.872306,,5349.859041,4680.435137,1903.522732,,4651.511391,4287.798943,2873.458811,,4773.789842,4305.494457,2445.894771,,
4709.462246,3849.010073,2046.967227,,4372.017098,3469.069456,237.0751353,,5344.733385,4425.802154,3313.579088,,4630.044412,3910.578033,262.6528992,,4764.064285,3913.614929,1465.068587,,
4706.774954,4399.336468,2692.164497,,4345.549763,3977.86086,2730.593333,,5272.079135,4302.264346,1493.910582,,4653.47704,3604.364636,1859.08588,,4744.470223,4070.956577,2193.938573,,
4706.774954,4268.902531,1783.504421,,4357.891657,3867.438803,2714.081033,,5275.515735,4191.746877,1293.14157,,4653.47704,4078.326485,1668.53297,,4748.414846,4101.603674,1864.814999,,
4708.660779,4426.973579,2893.636207,,4367.203058,3600.880287,-4.996648707,,5287.760432,4533.564916,2458.694159,,4645.696808,4124.168832,2844.923561,,4752.330269,4171.396903,2048.064319,,
4709.760754,4145.401796,2996.848515,,4360.614423,3564.241453,1827.910191,,5292.523096,4560.741115,2816.471022,,4664.878939,4407.712479,3851.283913,,4756.944303,4169.524211,2873.12841,,
4708.736588,4406.282517,1446.383532,,4360.614423,4121.418028,3630.864166,,5315.492033,4625.772901,2865.583349,,4623.393337,4235.228876,2408.812846,,4752.059095,4347.175581,2587.910973,,
4727.507219,4173.302734,3563.979555,,4360.614423,3646.677324,1945.730276,,5348.938468,4533.015024,3162.45341,,4623.693827,4386.93796,3498.44684,,4765.188484,4184.98326,3042.65252,,
4705.899219,3767.525679,1233.502881,,4381.301389,4042.430995,3427.857797,,5348.938468,4475.196345,2944.312718,,4630.388116,4392.509334,2806.886166,,4766.631798,4169.415588,2603.139891,,
4700.107734,4084.142611,2030.037604,,4388.019999,4144.501259,585.312199,,5293.931967,4659.726686,2987.244165,,4631.380129,4394.714706,2605.195527,,4753.359957,4320.771316,2051.947374,,
4700.107734,4351.058438,2809.090232,,4384.579461,3711.388193,1083.15212,,5295.394675,4699.595271,3655.008316,,4643.900294,4231.492152,2436.057106,,4755.995541,4248.383514,2495.826944,,
4700.107734,4060.019022,2931.755484,,4364.249836,3630.929164,1745.188872,,5323.709172,4494.610523,2407.364099,,4642.80468,4251.670305,3393.643196,,4757.717855,4109.307253,2619.487913,,
4700.107734,3343.034366,1266.267763,,4364.329496,3910.964486,2707.169318,,5323.709172,3744.822868,-542.8851207,,4642.500638,4099.213071,430.8541296,,4757.66176,3774.508698,965.3515224,,
4695.78256,4029.222821,2547.122342,,4381.549939,3995.388438,1561.15099,,5290.121484,4448.540564,2259.729274,,4642.500638,3951.458713,667.7979685,,4752.488655,4106.152634,1758.950144,,
4705.424305,4362.445686,2701.152853,,4364.329496,3998.952204,959.7963623,,5275.515735,3712.160996,53.47629561,,4642.500638,4095.167658,2951.861211,,4746.942543,4042.181636,1666.57168,,
4700.107734,3846.681319,1585.754292,,4354.286972,4111.138613,3568.371195,,5366.455748,4259.097451,2527.730848,,4632.853258,4310.746583,3019.572728,,4763.425928,4131.915991,2675.357266,,
4695.57532,4345.823678,2501.244011,,4361.530349,4070.286778,2923.651125,,5296.799231,4350.374494,-569.4574204,,4632.853258,4295.90235,3697.217376,,4746.689539,4265.596825,2138.163773,,
4695.57532,4300.721481,2810.601366,,4361.530349,3698.76127,1929.27401,,5301.068798,4349.623121,2243.212492,,4649.326984,4408.981102,3931.001137,,4751.875363,4189.521744,2728.522251,,
4690.761043,4006.404241,2571.023502,,4359.003685,3857.069949,1487.166088,,5316.093723,4275.478212,2537.183081,,4650.187616,3823.411299,1478.32666,,4754.011517,3990.590925,2018.424833,,
4668.114734,4158.367141,1258.790112,,4377.937091,3652.328948,1401.829085,,5434.752233,4405.883563,2799.903083,,4657.324377,3973.492548,1711.849867,,4784.532109,4047.51805,1793.093037,,
4679.104945,4159.386661,2200.283598,,4377.459705,4074.667677,3632.609404,,5266.742168,4074.234678,-742.9771608,,4656.277285,4202.760092,2373.557381,,4744.896026,4127.762277,1865.868305,,
4674.226188,4052.877514,1250.469955,,4381.278797,4129.969919,2724.614831,,5285.595689,4277.880829,2723.03747,,4663.08598,3639.485258,1470.579964,,4751.046664,4025.05338,2042.175555,,
4655.993092,3776.555179,1405.285236,,4381.278797,4218.092078,3470.193479,,5285.595689,4737.083401,3722.208913,,4651.15269,4212.275307,3358.270157,,4743.505067,4236.001491,2988.989446,,
4668.787598,3654.227409,-460.9587822,,4382.225671,4076.416474,3086.848343,,5285.521636,4739.133311,2970.303672,,4651.15269,4453.416428,3391.501677,,4746.921899,4230.798405,2246.923727,,
4665.100318,4335.140387,3730.256724,,4391.779751,3783.664062,1398.213278,,5318.061157,4407.242472,2571.704843,,4660.113691,4309.510767,2461.937293,,4758.763729,4208.889422,2540.528035,,
4663.757118,4430.813694,3611.938104,,4383.526357,3763.111472,1523.56763,,5318.061157,4614.697559,3715.159564,,4660.113691,4305.726491,3369.684117,,4756.364581,4278.587304,3055.087354,,
4649.393179,4123.198357,1946.390662,,4383.526357,4095.620571,2324.90667,,5285.195665,3947.024213,1330.974366,,4662.259485,4366.012788,3932.021184,,4745.093671,4132.963982,2383.573221,,
4649.393179,4215.414252,1437.055906,,4387.362571,4063.852108,2268.534296,,5283.689856,4337.254773,-1135.129211,,4662.259485,4259.018051,2909.836706,,4745.676273,4218.884796,1370.074424,,
4665.382992,3783.738456,1206.967914,,4384.347816,3885.369539,2430.590066,,5260.377672,4618.752124,3217.786143,,4662.259485,4039.130361,1849.722715,,4743.091991,4081.74762,2176.266709,,
4655.648388,3965.379361,1826.047999,,4384.347816,4149.613928,2881.492318,,5306.543751,4135.706857,2091.937224,,4706.048206,4143.76538,1269.325199,,4763.14704,4098.616381,2017.200685,,
4667.660889,4383.064835,1858.193069,,4384.347816,4208.555401,3687.729389,,5284.435099,4505.911626,3263.029493,,4691.275827,4194.467532,2971.894997,,4756.929908,4322.999848,2945.211737,,
4655.648388,3631.144473,1058.852044,,4384.347816,4014.156972,2169.591878,,5284.435099,4454.652377,3209.982873,,4687.227581,4419.379459,2394.98997,,4752.914721,4129.83332,2208.354191,,
4655.648388,4324.320432,1911.806448,,4384.347816,3726.524079,1585.528755,,5210.697848,4416.747886,2384.752461,,4683.015212,4156.898831,3353.950087,,4733.427316,4156.122807,2309.009438,,
4634.800385,3993.369935,2120.146735,,4384.347816,4012.197741,2582.175163,,5243.035768,4607.28751,3554.52526,,4722.739289,4004.534926,2265.635426,,4746.230814,4154.347528,2630.620646,,
4641.542088,4015.354994,1464.270891,,4389.534083,3775.852026,1032.144053,,5243.035768,4322.125103,2769.798516,,4722.739289,4167.624439,2487.971701,,4749.212807,4070.23914,1938.54629,,
4652.957401,3941.372149,2098.22185,,4403.190764,4126.010781,1577.803184,,5223.071873,4556.759147,3422.730612,,4739.818598,4452.74309,2452.946321,,4754.759659,4269.221292,2387.925492,,
4652.957401,4210.137374,2600.608023,,4403.190764,4098.353441,3667.390679,,5266.69691,4474.682498,3180.741946,,4740.213374,3907.65974,1824.84886,,4765.764612,4172.708263,2818.397377,,
4639.670162,4363.711575,3391.42344,,4401.125231,4240.516648,3733.82456,,5286.032912,4364.204201,3078.28822,,4739.818598,3895.572913,1684.344808,,4766.661726,4216.001334,2971.970257,,
4639.670162,3924.064794,2018.326747,,4406.453062,4123.552051,3056.071792,,5286.032912,4313.215371,2081.679761,,4739.818598,4051.061639,111.8545759,,4767.993684,4102.973464,1816.983219,,
4639.670162,4239.471096,2046.859266,,4394.047522,4204.870754,3267.971173,,5286.032912,4383.863933,2570.691768,,4729.806674,4231.346912,3286.296497,,4762.389317,4264.888174,2792.954676,,
4639.670162,4254.481422,3050.559615,,4393.636145,4017.514535,3021.670985,,5280.201087,4563.478941,1997.709775,,4729.806674,4349.507474,3503.91357,,4760.828517,4296.245593,2893.463486,,
4659.801709,4095.991765,1473.177513,,4390.457708,3845.846889,2853.468821,,5282.218108,4245.973117,1536.572577,,4713.386519,4365.175355,3824.756355,,4761.466011,4138.246781,2421.993816,,
4674.653362,4202.824893,2303.855301,,4437.224532,4010.010195,3473.014804,,5264.289871,4432.673486,2363.344162,,4712.193747,4010.915289,87.98071375,,4772.090378,4164.105966,2057.048745,,
4675.495777,3958.16667,-269.0226183,,4432.438654,4071.191128,2905.574088,,5285.65769,4791.276825,3423.135882,,4713.386519,4197.444315,2753.182248,,4776.74466,4254.519734,2203.2174,,
4675.495777,4416.04971,2238.778731,,4437.500336,3394.457624,941.6110944,,5260.320569,4376.534528,2574.979711,,4706.630315,3880.697365,2626.894312,,4769.986749,4016.934807,2095.565962,,0
