17367.49521,-13551.67996,-54199.93152,,12452.06352,-12436.05931,-50549.47774,,12348.35735,-16435.96131,-52114.05618,,29645.67648,-15661.34829,-46575.16491,,17953.39814,-14521.26222,-50859.65759
18493.01386,391.637666,-55085.62837,,15019.45016,-1815.221432,-52502.37453,,15069.28368,-765.9030602,-38262.89769,,28711.57348,4985.356652,-34517.85729,,19323.3303,698.9674564,-45092.18947
24035.72301,7534.813736,-51738.71125,,25105.99343,2965.413986,-33227.83365,,19787.8427,10493.7483,-29268.13682,,29615.39659,13791.09938,-14080.70377,,24636.23893,8696.26885,-32078.84637
28998.9112,6466.6122,-28827.6959,,26448.35245,13540.26899,-26334.28804,,20992.39992,14719.66185,-160.2755733,,29122.5497,22692.1964,-14119.91297,,26390.55332,14354.68486,-17360.54312
28628.98701,18017.26579,-7578.900381,,32508.77193,19643.84976,-3839.823652,,23969.32249,16700.99256,-6821.709078,,31996.15199,23305.35529,1633.288224,,29275.80836,19416.86585,-4151.786222
33291.68077,19142.18155,-7149.66735,,33491.83112,23602.967,-15670.88836,,25048.52113,13967.12233,-21054.61074,,32654.04228,23029.90853,-25916.45987,,31121.51882,19935.54485,-17447.90658
35769.20826,20304.97546,-5295.67421,,35321.56319,30419.14297,17419.4872,,24734.98718,15334.41533,-4204.701605,,33034.70049,21042.37223,-19853.66733,,32215.11478,21775.2265,-2983.638986
36054.69433,23496.71639,-7936.225406,,36830.27705,31257.11672,12493.88528,,25838.83926,18193.46338,-21973.13947,,34119.04177,21707.29335,-921.6465434,,33210.7131,23663.64746,-4584.281536
36318.4409,33627.70097,21300.07043,,37055.15419,26399.18537,-2704.106851,,27232.25874,19882.96335,-5371.785865,,32932.16418,24331.59414,1853.054366,,33384.5045,26060.36096,3769.30802
37595.6714,27499.9453,242.2019758,,37055.15419,34117.12878,16846.54256,,27380.06435,21618.56612,4497.943761,,34428.91847,26654.09362,-9330.499957,,34114.9521,27472.43345,3064.047085
39218.69596,32635.6029,9601.3166,,38253.12963,32647.6811,16490.70536,,30808.82906,19738.96294,-5833.570923,,34554.38303,29105.06408,8387.694369,,35708.75942,28531.82775,7161.536352
39122.4329,31264.06613,-29037.87672,,38559.15091,30230.71812,5870.768847,,32380.53829,22750.83141,-9208.445962,,36295.911,31213.70697,15471.15452,,36589.50828,28864.83066,-4226.099828
39009.13108,30543.45304,-818.7866937,,38711.58388,27806.3292,14908.09188,,32766.12535,19817.47922,-8445.348518,,36096.53649,26387.0509,-1753.842976,,36645.8442,26138.57809,972.5284228
39173.64356,30703.89011,-12622.11009,,39026.86158,33679.60443,17032.77331,,32380.53829,21815.02225,-8333.087761,,36105.5264,27167.54561,7608.862155,,36671.64246,28341.5156,921.6094022
39365.19714,28731.07846,-8644.99541,,39214.87451,30385.04346,12290.02629,,32619.6082,23456.52135,-10607.23198,,36999.12154,33125.98809,10946.83557,,37049.70035,28924.65784,996.1586179
39235.96241,30323.18137,9047.778375,,39355.25997,28534.95649,-7309.106179,,32653.15701,21541.88097,-1679.974002,,38538.68098,25780.16472,1456.133104,,37445.76509,26545.04589,378.7078245
39590.83803,28859.44671,2262.678492,,40057.33705,32645.24053,10434.175,,33236.72806,24756.49301,-16044.7744,,38676.86685,31337.53902,1528.629593,,37890.4425,29399.67982,-454.8228288
39466.97394,28026.2868,-13040.41082,,40057.33705,31126.34665,13274.50941,,33503.28999,20182.84033,-13989.81109,,38420.61521,29082.33148,15923.19764,,37862.05405,27104.45132,541.8712871
39642.55576,34567.49903,8247.580358,,40234.62889,36705.11666,9845.188583,,34618.32195,26446.88244,-9566.29007,,38801.67056,32855.70679,8181.4691,,38324.29429,32643.80123,4176.986993
39547.16675,32422.626,3593.001038,,40433.87119,33163.61641,-7084.484274,,36055.56015,29662.6786,7827.771309,,39557.57312,28189.79504,-10680.7917,,38898.5428,30859.67901,-1586.125907
39547.16675,32183.27535,-2524.289088,,40433.87119,33890.18158,16984.71556,,37702.75646,32840.01576,15274.99606,,39079.25884,30860.70339,1129.308715,,39190.76331,32443.54402,7716.182813
39547.16675,34879.15793,14955.31907,,40433.87119,34589.58469,18556.20056,,36442.04344,27520.16887,2720.262221,,39137.99503,25561.64046,-12875.33968,,38890.2691,30637.63799,5839.110542
39677.3912,34036.91227,15562.31048,,40944.73883,35790.25845,3966.51216,,36854.71095,22571.1726,-12524.28179,,39335.63476,29851.88186,12188.10182,,39203.11893,30562.55629,4798.160666
40501.07379,33173.49376,17718.42958,,41497.07586,34379.50277,12664.03666,,36854.71095,31876.9446,12881.39033,,39603.08092,28406.62216,10613.60347,,39613.98538,31959.14082,13469.36501
40167.25491,32500.73982,4104.687323,,42097.6218,35069.26993,17006.85531,,37198.86265,28156.39037,-20907.98295,,39821.14357,36503.15873,24160.53396,,39821.22073,33057.38971,6091.02341
40610.39407,37438.49986,18621.21669,,42209.63778,33901.75595,16465.74174,,38703.00059,34436.9074,17520.69128,,40099.13206,30807.61783,13912.89332,,40405.54113,34146.19526,16630.13576
41524.11663,35207.00234,13573.69606,,42420.14612,26031.64174,-7186.19634,,38703.00059,29805.09991,785.2176282,,40472.73709,34085.44064,-10804.00343,,40780.00011,31282.29616,-907.8215215
41784.0404,32733.813,3625.206717,,43032.32614,35776.85235,3231.86953,,38837.67616,35687.18262,14067.59255,,40499.74327,27880.9399,-12055.58434,,41038.44649,33019.69697,2217.271114
41977.48645,37818.37889,21994.79041,,42673.78272,36237.0418,21572.40972,,39547.2919,34043.98744,19859.0668,,40907.86988,30673.14723,3332.628448,,41276.60774,34693.13884,16689.72384
41514.78809,34438.80291,-10488.17029,,42626.3095,27529.06875,597.9050636,,39500.87299,23837.78295,-27104.95959,,40615.06706,31642.62164,6563.288195,,41064.25941,29362.06906,-7607.984155
41711.64334,36343.37444,18643.61204,,42626.3095,37624.46402,9762.211603,,40229.60441,29669.2106,2608.582465,,40696.57733,34345.69096,7602.557208,,41316.03365,34495.68501,9654.240828
45909.33103,42520.9412,31066.22469,,46962.70399,43935.73224,26970.91622,,45698.87429,40092.14888,25123.12038,,47696.79943,43862.59251,28345.54536,,46566.92719,42602.85371,27876.45166
44094.22137,10892.0492,-28662.49445,,33126.78341,14190.68216,-11494.46367,,38630.09905,18245.64141,-34048.19956,,42965.03264,22409.85963,1579.453446,,39704.03412,16434.5581,-18156.42606
44094.22137,25132.20624,-15827.35219,,32954.31851,22793.98454,2935.135041,,35813.39093,24255.0329,-17767.66754,,42965.03264,30155.70059,8765.727907,,38956.74086,25584.23107,-5473.539194
41873.32591,32031.97703,3358.229927,,36221.4912,26943.88622,12394.71317,,33827.39444,26630.03643,96.66281808,,42965.03264,33779.65655,5458.643861,,38721.81105,29846.38906,5327.062444
40685.57388,33514.17476,12426.89178,,38298.97061,27571.68691,7766.725483,,35762.05318,25367.77413,9003.62419,,43203.48945,33154.81525,11667.64083,,39487.52178,29902.11276,10216.22057
40937.99488,36985.58195,21077.79099,,34922.32095,24241.67892,-9067.907768,,34210.86944,28366.70449,12788.82699,,42514.88798,34052.12495,7478.056628,,38146.51831,30911.52258,8069.191709
40679.90766,34540.67613,10791.4726,,34395.55397,25102.0344,8652.988241,,36041.74654,30654.37888,12181.03422,,42514.88798,31875.15137,11901.32714,,38408.02404,30543.0602,10881.70555
41221.81716,34862.67803,17841.4225,,39950.38592,29859.98035,18672.20553,,36136.13643,27941.37241,3793.585983,,42652.28766,38914.1095,23216.42314,,39990.15679,32894.53507,15880.90929
41537.22215,38223.09412,18564.07652,,40090.58297,27499.50871,-10307.61735,,36965.93392,22808.54479,-11850.8235,,42859.75197,34259.36499,13522.80618,,40363.37275,30697.62815,2482.110463
41537.22215,35769.40006,17841.89271,,40898.40994,32967.81965,12926.32038,,37951.81517,32836.80505,18681.9653,,42374.71778,33867.8504,12740.88605,,40690.54126,33860.46879,15547.76611
41591.78479,36901.9375,14823.99369,,41371.181,27714.97252,-9841.412953,,36660.56349,25224.97004,-2107.103362,,42381.17884,35152.39624,7916.375083,,40501.17703,31248.56907,2697.963114
41537.22215,35965.70244,14442.72913,,42943.46122,32611.04927,14063.4412,,36922.10659,23361.75895,-16888.873,,42533.53456,35484.25554,19227.40688,,40984.08113,31855.69155,7711.176052
41566.99251,33533.763,18981.8037,,42923.25448,35390.18308,18811.77202,,37424.6279,23698.67802,41.92587441,,42250.96113,34350.82209,22276.06916,,41041.459,31743.36155,15027.89269
41705.71677,30663.2213,-4689.870581,,42923.25448,35485.18686,-3025.342612,,37337.83861,27802.78566,3980.208322,,42475.246,35775.82838,3165.613428,,41110.51396,32431.75555,-142.3478608
41814.87423,35619.44113,15600.6185,,42585.81123,38230.85721,15097.30621,,37013.04643,29234.97506,6750.30724,,42475.246,36552.19328,23321.37998,,40972.24447,34909.36667,15192.40298
41870.96231,33582.56111,17881.14791,,42981.26317,37625.36,23468.03751,,39792.99465,31916.23018,-7618.777105,,42373.87691,28772.62788,5244.988022,,41754.77426,32974.19479,9743.849085
41702.21604,32644.29113,8029.03907,,43219.86694,35314.26232,13706.06261,,38198.82113,28939.89241,7223.959085,,42199.78024,32854.19836,12838.0673,,41330.17109,32438.16106,10449.28202
41702.21604,30726.4823,3132.670402,,43975.47984,35850.04914,13757.35535,,38910.91135,30912.3176,10461.08382,,42629.48807,35215.6216,12380.91128,,41804.52382,33176.11766,9933.005214
41655.39188,30957.6282,-6350.499151,,43301.87492,38143.14374,9682.736047,,40161.4199,32740.88929,12941.73512,,42834.1071,37253.21641,10008.43139,,41988.19845,34773.71941,6570.600851
42025.49856,35001.36251,15784.81156,,44005.80468,32002.39731,-8404.144618,,41023.52728,31689.98743,17488.22272,,43201.7906,29467.03436,3985.585138,,42564.15528,32040.1954,7213.618701
41335.49468,30270.19389,-1118.811959,,43478.71435,33077.07408,11647.37925,,41023.52728,33671.31644,22381.67808,,42874.41595,30935.39331,2271.177417,,42178.03806,31988.49443,8795.355696
41272.75783,32848.66444,6159.252654,,43579.74944,38088.48694,17025.65335,,41197.64877,37737.82934,18563.12008,,43201.7906,32689.38646,-224.7434164,,42312.98666,35341.09179,10380.82067
42195.13728,37267.07496,16542.60632,,43292.10701,31696.0521,6817.856908,,41397.22945,34357.92183,9925.265921,,43242.78646,36904.00842,11103.20232,,42531.81505,35056.26433,11097.23287
41877.12836,32998.59449,2369.922145,,43063.57331,33725.33446,5062.504105,,41405.46433,35778.04756,16746.79884,,43193.42,35398.30976,7963.727546,,42384.8965,34475.07157,8035.738159
41595.22727,32952.96566,15680.69721,,43666.15013,28799.04596,3487.277077,,41596.08534,31011.106,1855.380615,,42787.55431,36029.71117,20778.30517,,42411.25426,32198.2072,10450.41502
42449.72002,31832.24906,7037.551834,,43721.78605,38687.50984,26156.95963,,41553.6177,35244.64523,-5690.780992,,42787.55431,31195.10305,8994.241976,,42628.16952,34239.87679,9124.493113
41967.25795,36253.38032,19909.17796,,43984.60258,35130.00484,14441.60413,,42113.62307,33420.05326,9753.610347,,42968.0173,36156.74606,933.6696214,,42758.37523,35240.04612,11259.51551
42345.21041,36986.08881,22414.48075,,43984.60258,31443.89463,6889.077999,,42113.62307,26929.29885,-1005.11805,,42807.08787,33121.72414,7759.138032,,42812.63098,32120.25161,9014.394682
42431.44844,39527.88886,11586.78199,,44195.12615,40536.4189,22918.55823,,41578.19783,34207.68049,17334.38882,,43087.17976,38565.74618,13560.29736,,42822.98804,38209.43361,16350.0066
42936.49872,34202.50373,-11908.90726,,44040.02299,41108.8918,20981.92792,,41579.61919,32297.98772,-10086.9567,,43087.17976,32361.11411,5175.585911,,42910.83017,34992.62434,1040.412467
46608.47812,41836.76111,18987.46708,,46894.95855,45348.64412,30916.64053,,46952.76876,40806.73899,18730.79914,,46100.50804,40619.73539,26237.92147,,46639.17837,42152.9699,23718.20706
44593.61571,25279.48845,-4050.058489,,46482.01236,27212.97746,-4885.118099,,37891.80105,18626.76431,-22255.28816,,46012.01518,23272.65647,4093.799253,,43744.86108,23597.97167,-6774.166374
44593.61571,33380.99739,-5433.002553,,46402.36612,36304.80613,10182.73434,,40141.62616,29042.24638,-3379.197161,,46368.80801,32656.6626,994.4474242,,44376.604,32846.17812,591.2455128
44607.57081,37926.54123,20091.12261,,46474.91232,39655.70685,19744.30483,,39969.23127,33393.69074,19014.85262,,46368.80801,36166.00005,-8742.819735,,44355.1306,36785.48472,12526.86508
44607.57081,39238.97894,12479.36216,,46333.13369,38678.62157,16604.07029,,42825.43153,32262.60474,18680.01354,,46368.80801,37278.74826,20102.05944,,45033.73601,36864.73838,16966.37636
45976.25499,35758.04384,13651.04709,,46333.13369,32963.59006,5146.213068,,42223.51871,34978.86432,10355.89646,,45901.19538,38933.78232,24212.31088,,45108.52569,35658.57014,13341.36687
45976.25499,37382.1277,5598.07327,,46439.799,43631.97151,35012.11689,,41442.24084,33699.7607,18297.86722,,45229.22436,39148.53294,23510.17577,,44771.8798,38465.59821,20604.55829
45697.9009,37965.90066,6373.644679,,46326.58519,35499.97206,7828.562683,,41064.23702,35785.48527,19072.77712,,45746.4301,34896.52894,11167.37506,,44708.7883,36036.97173,11110.58989
45697.9009,39229.9198,18589.7834,,46174.57031,37260.62507,19490.84497,,41064.23702,35409.76298,6174.239157,,45746.4301,38440.04321,31516.33587,,44670.78458,37585.08776,18942.80085
45911.15773,33858.12394,-3605.108525,,46251.82465,38758.82701,7750.295647,,41646.18716,36795.00705,5742.375895,,45117.64738,36574.14788,15439.52142,,44731.70423,36496.52647,6331.771109
45275.8462,36624.5176,15459.0407,,46174.57031,40794.37384,13957.49277,,41646.18716,34666.10628,19178.99325,,45117.64738,38858.57351,22051.19904,,44553.56276,37735.89281,17661.68144
45764.8126,37917.99635,15087.87523,,46091.63867,37777.69405,17260.42043,,41594.61823,34315.30214,13240.00999,,45067.45523,37771.24464,23243.42856,,44629.63118,36945.5593,17207.93355
45351.24054,35426.085,6436.078025,,45902.75847,36292.74363,11914.38966,,42082.22273,37172.50372,16430.74187,,45067.45523,34905.07924,7455.829129,,44600.91924,35949.1029,10559.25967
45140.95094,38094.10543,23384.93872,,45902.75847,42354.11636,32133.53756,,42207.44683,38133.43805,18158.08497,,44986.27358,38050.29839,18024.6853,,44559.35745,39157.98956,22925.31164
45147.2924,37144.61024,15683.05062,,46023.90489,39555.17052,19751.4675,,42362.79978,34983.74616,12960.49535,,45499.01121,40125.56608,22176.13709,,44758.25207,37952.27325,17642.78764
45157.2639,39792.42152,27728.73183,,46023.90489,37584.83757,17634.85129,,42516.00606,33663.48328,-5551.839995,,45441.57651,35209.45469,14560.9367,,44784.68784,36562.54927,13593.16996
45269.84904,34715.34318,11252.95435,,46023.90489,38735.93048,6117.708758,,43346.15951,37284.22743,23797.25935,,45441.57651,39354.55533,17330.40123,,45020.37249,37522.51411,14624.58092
45269.84904,37148.57186,-11775.3289,,46099.56252,42159.17352,28990.97269,,43784.51105,38280.59202,18982.64035,,44981.12185,35404.73999,15929.14142,,45033.76111,38248.26935,13031.85639
45469.43223,37997.94351,23089.48129,,46099.56252,37358.82745,12582.0471,,43829.15997,38002.27273,13039.12404,,44981.12185,36866.32178,8661.645143,,45094.81914,37556.34137,14343.07439
45340.17124,40474.24431,11578.39614,,46099.56252,37167.90814,10881.00917,,43829.15997,38217.6378,21035.71562,,44996.18077,36779.29574,19383.28153,,45066.26863,38159.7715,15719.60062
45246.40125,38672.39844,19083.17977,,46194.90764,35197.57768,22384.4378,,43894.68516,40285.30934,26091.5441,,44996.18077,37214.32298,21326.85929,,45083.0437,37842.40211,22221.50524
45246.40125,38744.91699,16950.94915,,46226.53431,38325.80597,19689.82784,,43993.77764,40389.71666,4709.38891,,44916.16301,36948.61937,20955.80912,,45095.71905,38602.26475,15576.49375
45172.39109,37410.58718,-3181.979371,,46246.46042,41187.23025,21233.20964,,43993.77764,40105.20007,25778.89871,,44930.08791,39939.68494,19914.52876,,45085.67926,39660.67561,15936.16444
45184.67859,40709.33675,22452.5688,,46246.46042,40196.94553,26729.33551,,43894.68516,35004.90335,15182.42747,,44960.77112,40392.82945,25710.03072,,45071.64882,39076.00377,22518.59062
45107.96054,40265.34707,16630.96656,,46309.71437,38202.26862,15823.85991,,43801.91274,36719.67887,16419.74232,,44963.07083,39975.40737,26782.23918,,45045.66462,38790.67548,18914.20199
45157.18136,41783.54906,28240.82878,,46309.71437,39262.30269,16024.89178,,43829.8273,38997.18357,23571.78298,,45193.07228,40363.29799,20785.44401,,45122.44883,40101.58333,22155.73689
45078.99248,37287.01778,20584.00455,,46174.82274,38765.50669,22940.12101,,44087.41845,35703.9902,8188.314825,,45193.07228,38004.66117,23452.20351,,45133.57649,37440.29396,18791.16097
45046.20178,37536.30448,15810.58406,,46174.82274,38840.87934,18995.08459,,44087.41845,39699.08005,18993.324,,45416.31308,37148.39996,6321.620046,,45181.18901,38306.16596,15030.15317
44891.72585,34810.89936,9901.45132,,46101.20652,38542.0905,10080.00132,,44157.31563,38658.71099,18301.44321,,45702.35816,32870.36976,9259.90131,,45213.15154,36220.51765,11885.69929
44891.72585,40240.50011,20669.32258,,46101.20652,41746.05135,22251.04567,,44087.41845,36521.74524,22482.94015,,45193.07228,36617.37755,13216.03039,,45068.35578,38781.41856,19654.8347
47078.21761,44809.13541,33041.92942,,47878.96807,45607.59957,35351.53442,,46529.90964,42986.20254,34374.40149,,47081.31829,42998.49156,31560.11531,,47142.1034,44100.35727,33581.99516
45745.76289,24772.32867,2531.863611,,45453.04175,29318.67215,7661.610244,,43314.68197,21626.85327,-16367.02123,,46404.39582,33276.32649,11117.41461,,45229.47061,27248.54514,1235.966809
44350.61168,35588.18708,17265.39853,,46194.33308,38329.08204,25934.36477,,41954.85298,25613.04476,-9103.820735,,46783.00111,39056.77813,21688.36123,,44820.69971,34646.773,13946.07595
44708.84061,36846.46788,17602.33443,,46068.76605,37358.86109,23733.78717,,42210.93029,26524.04744,-2100.040568,,46783.00111,37482.98349,22740.07302,,44942.88451,34553.08998,15494.03851
44997.97822,39956.87104,26234.44681,,45197.51809,34268.53842,14844.5333,,43464.17078,32661.23113,-132.9346774,,46014.69904,41239.81305,30951.99113,,44918.59153,37031.61341,17974.50914
44997.97822,38481.91578,13397.75295,,45162.77412,35044.79297,7279.491981,,44278.05293,36416.18124,9209.434168,,45684.68208,39456.042,4336.786007,,45030.87184,37349.733,8555.866277
44805.75781,38384.11609,13615.52799,,44239.51482,36968.0665,17571.31469,,43605.62249,39641.48891,20635.07469,,46003.75535,31913.88282,2304.499474,,44663.66262,36726.88858,13531.60421
44702.23967,35270.43216,9124.798226,,45648.55113,37949.26099,20998.75202,,44253.86175,38262.86706,23985.52365,,46034.02679,36455.60939,7811.847719,,45159.66983,36984.5424,15480.2304
44867.77993,39779.49305,23825.16062,,45392.02242,35479.44689,21024.83723,,43810.41547,34861.39988,21776.09499,,46003.75535,31790.71837,-9933.110185,,45018.49329,35477.76455,14173.24566
45226.22269,39116.86641,24826.63885,,45392.02242,37062.31896,19186.8496,,44492.44488,37612.64019,21915.98157,,45684.68208,33605.72716,12499.8251,,45198.84302,36849.38818,19607.32378
45170.86365,38119.72807,29512.46336,,46275.9398,36764.55642,3362.12913,,44354.71815,32204.03894,1366.016338,,45003.45954,32696.38001,13807.42858,,45201.24529,34946.17586,12012.00935
45388.11551,38645.94152,18334.3443,,45340.84223,36186.82355,3519.116942,,44360.6272,38267.75811,14659.50888,,45003.45954,31751.19406,13107.9328,,45023.26112,36212.92931,12405.22573
44723.70518,39758.86405,24182.388,,45304.68192,41316.28339,24115.30266,,44887.74809,33192.93668,8046.695905,,44813.89598,30126.36991,-2428.27709,,44932.50779,36098.61351,13479.02737
45539.06358,35590.33723,11784.19259,,45303.94606,38515.82594,22360.95364,,44196.19876,37792.72118,453.4495953,,44763.32934,37174.39769,12403.47369,,44950.63443,37268.32051,11750.51738
45231.14946,35189.76258,19478.75915,,45246.40723,33638.48335,8850.662966,,44671.19356,38598.99804,21866.18889,,44789.3881,38470.57031,15580.71028,,44984.53459,36474.45357,16444.08032
44590.37136,36724.71757,16288.84478,,45311.34021,34646.0771,8203.504514,,45091.11823,40366.2668,18408.60554,,44923.48823,40478.87069,24507.26354,,44979.07951,38053.98304,16852.05459
44439.96582,36980.18166,16079.49973,,45311.34021,35776.38743,1856.010256,,45219.12978,40588.81337,25766.36896,,44923.48823,34240.87884,22928.97393,,44973.48101,36896.56532,16657.71322
44380.73425,33195.05777,8141.531175,,45622.62616,36830.19418,22873.99386,,44852.24043,33847.01977,15604.41313,,45397.36493,38453.65003,22817.01962,,45063.24144,35581.48044,17359.23945
44206.88568,38437.49868,19159.48493,,45289.93317,33898.23519,11714.98041,,45011.12215,38139.97815,24264.7007,,45057.16466,40153.94699,22267.70331,,44891.27642,37657.41475,19351.71734
44206.88568,39120.20242,19596.98354,,45325.67549,34609.22905,17104.75927,,45154.03118,37526.65262,14334.56142,,45264.2317,39234.19131,12622.58162,,44987.70601,37622.56885,15914.72146
44755.70052,37992.24761,8703.598324,,44981.19611,37964.63508,12408.3084,,45143.42621,36897.56552,5376.530765,,45174.71859,40833.35712,20206.71698,,45013.76036,38421.95133,11673.78862
43981.16377,37954.10446,24108.23565,,44557.44374,33703.99074,10620.07787,,44887.7777,32764.11287,5494.415367,,45174.71859,35079.24947,12235.17274,,44650.27595,34875.36439,13114.47541
44190.76675,37816.58912,20370.24634,,44772.01496,40604.44472,18028.74101,,44767.79349,37683.7841,7170.609944,,45328.42241,40893.78139,16498.37648,,44764.7494,39249.64983,15516.99344
44560.56388,39341.06215,21775.9976,,44466.79808,38329.6213,12600.77281,,44682.54765,32754.79944,6823.02469,,45786.04667,35759.98177,22343.34438,,44873.98907,36546.36617,15885.78487
44566.60891,32122.00601,7075.332879,,44495.8069,35701.55993,9891.808448,,44611.28496,37487.88904,16290.74434,,45487.28467,38958.48953,23710.59983,,44790.24636,36067.48613,14242.12137
44566.60891,33500.44197,-10324.84129,,45048.34363,38883.91281,14689.53831,,44594.23674,39965.05769,20146.02693,,44774.62471,36897.5037,21424.4885,,44745.9535,37311.72904,11483.80311
43945.76181,37334.24002,20740.41326,,45287.16587,36826.47892,12182.36062,,44687.5468,40523.278,24373.08878,,44774.62471,38408.98447,22267.05024,,44673.7748,38273.24535,19890.72822
43920.92214,36320.87255,18933.14955,,45304.28068,39315.31304,24170.72148,,44622.85731,39466.66645,20190.86626,,44774.62471,41381.89017,27160.87958,,44655.67121,39121.18555,22613.90422
44779.1181,32234.57034,-16560.81718,,45304.28068,38500.64359,24702.77947,,44479.58657,36846.80667,21262.39845,,44797.05356,36232.71964,15656.25188,,44840.00973,35953.68506,11265.15316
43312.11079,31644.74632,7725.74626,,45304.28068,37978.29765,3729.934779,,44364.80821,37531.1638,13505.10302,,45120.41583,31301.91589,2509.487961,,44525.40388,34614.03091,6867.568005
47896.67311,41641.16309,21774.20662,,47893.56275,43955.25687,20167.04395,,48072.35079,43982.79359,30913.87029,,47976.2429,39289.25271,20719.39379,,47959.70739,42217.11656,23393.62866
44788.07261,26672.38993,367.34563,,45954.29402,28076.44123,2785.3397,,40490.12349,23600.33941,6529.493205,,45778.9016,23824.6299,626.142615,,44252.84793,25543.45012,2577.080287
43324.39951,34398.54158,8189.339167,,40474.6241,28414.43462,4911.227354,,40490.12349,29646.77536,-3650.719103,,44858.21855,31335.33648,4923.749341,,42286.84141,30948.77201,3593.39919
42901.50409,34280.74289,-4334.333103,,38604.63969,34205.14764,22823.98162,,40490.12349,27664.50189,7883.814824,,44226.06739,34244.28176,13336.84064,,41555.58367,32598.66855,9927.575996
42453.17606,32900.64863,12000.49233,,38383.41216,26920.40723,8980.201629,,39388.2354,33217.57918,20725.08972,,44488.08477,34880.73699,17397.14823,,41178.2271,31979.84301,14775.73298
42453.17606,37806.09424,15024.09374,,40652.60486,25942.72092,1060.228287,,41476.82641,32080.81952,926.2745825,,44488.08477,38082.91396,22729.32663,,42267.67303,33478.13716,9934.980811
42727.15063,38359.24477,25567.09727,,39078.46507,31455.68885,17633.6583,,39602.99641,33886.2253,16043.03425,,44872.60315,37249.51784,6688.22467,,41570.30381,35237.66919,16483.00362
42841.9236,30802.95332,14668.47148,,41236.76263,33976.60793,10883.78712,,40780.35823,36064.31848,25597.02614,,44612.25094,37486.14307,21480.44073,,42367.82385,34582.5057,18157.43137
44528.33537,34477.55346,12022.30005,,40717.27784,34273.02581,21622.25987,,40613.14001,32460.53525,6393.683818,,44299.71063,30554.10317,-1740.195454,,42539.61596,32941.30442,9574.512072
42841.9236,31979.1304,6349.708823,,40738.76511,29371.3281,-20319.95169,,40261.76129,30232.41968,6149.786289,,44307.87083,35317.67883,20824.74393,,42037.58021,31725.13925,3251.071839
42880.57739,36801.82125,22957.39018,,40891.33089,28870.26139,6334.445826,,41814.12636,34763.60024,23247.83981,,44307.87083,36907.93211,6861.638038,,42473.47637,34335.90375,14850.32846
42916.77139,35139.67978,9532.550025,,41550.83116,39246.67751,22628.43869,,41568.90632,33665.66366,4293.112927,,44307.87083,34728.14922,8533.189092,,42586.09493,35695.04254,11246.82268
43287.33068,33740.27149,18111.82882,,42804.61413,30370.58651,-6763.682208,,41737.13859,30097.14335,6156.324574,,44264.13513,35474.95202,18949.76768,,43023.30463,32420.73834,9113.559716
43287.33068,32163.25282,11227.91133,,42804.61413,34065.91609,-8358.559274,,41592.21124,32904.67077,4912.355764,,44458.14693,37160.77787,7998.777344,,43035.57574,34073.65439,3945.121291
43446.18173,33661.08762,9233.040685,,43096.03811,28952.93483,-1280.525485,,41592.21124,35819.51097,12899.52035,,44264.13513,35588.52682,16493.63803,,43099.64155,33505.51506,9336.418395
43446.18173,39466.7097,22937.18853,,43595.61517,33584.39963,14391.97418,,41831.24694,35311.82031,21136.53561,,44264.13513,39075.45826,21908.03702,,43284.29474,36859.59697,20093.43383
43446.18173,30831.1173,173.825655,,43755.33978,34869.46792,18215.98781,,41876.95441,32401.68785,-3244.255641,,45109.78632,34410.34525,9458.423746,,43547.06556,33128.15458,6150.995393
43498.52263,37321.88297,18148.81252,,43444.76472,36750.59501,11224.70613,,41906.96074,36690.92947,22194.44207,,44027.11081,29306.9007,7650.126024,,43219.33972,35017.57704,14804.52169
43615.31458,34347.39279,13041.51533,,43474.31106,37968.87197,7637.110255,,42023.65826,32417.46948,12652.29578,,44027.11081,33887.61951,9557.082888,,43285.09868,34655.33844,10722.00106
43446.18173,39412.03999,22370.18672,,43207.04971,36971.79126,12310.68207,,42023.65826,34132.09398,8245.622105,,44027.11081,40272.33731,27222.97762,,43176.00013,37697.06564,17537.36713
43831.31474,32565.74092,13648.84478,,43572.63003,32032.34267,11193.09367,,41876.95441,38736.24058,20620.76504,,44027.40996,38116.11395,24189.68985,,43327.07728,35362.60953,17413.09833
43866.32734,35367.56181,16671.14762,,43581.39031,31028.91223,7480.933781,,41876.95441,38694.45168,21634.43753,,44188.71755,36901.51967,20936.17308,,43378.3474,35498.11135,16680.673
44004.18747,38959.42884,5768.594375,,43572.63003,35764.61657,20250.66358,,41756.79687,36458.94399,12982.35068,,44071.14566,35865.19944,8202.634302,,43351.19001,36762.04721,11801.06073
44004.18747,38049.32073,6817.023211,,43459.87,35649.95169,21011.39634,,41756.79687,33271.82226,1858.390519,,44027.11081,34212.05307,10472.14964,,43311.99129,35295.78694,10039.73993
43984.53534,37386.16119,12999.23813,,43640.96441,38304.44124,22843.59935,,42388.19256,37739.09851,22751.27174,,44053.2357,39166.27718,17019.66032,,43516.732,38148.99453,18903.44238
43646.19584,38970.42982,15884.87763,,43271.54289,35916.03604,8727.6453,,42388.19256,36505.98305,11034.00059,,44606.44657,35187.03307,12848.53166,,43478.09447,36644.87049,12123.76379
43497.43635,35805.27854,7999.305825,,43554.74958,37735.61348,22315.05736,,42388.19256,33699.07068,2253.297004,,44606.44657,36069.25685,17531.52759,,43511.70627,35827.30489,12524.79695
43490.55016,32739.04224,7484.026047,,43465.58976,33373.31598,4424.130379,,42388.19256,37935.20176,19430.746,,44606.44657,38462.36847,9004.581971,,43487.69476,35627.48211,10085.8711
43605.67911,35968.23953,17324.80502,,43705.23896,40452.58833,25195.76285,,42388.19256,34643.58921,16059.70302,,44750.9526,38705.63388,18231.41906,,43612.51581,37442.51274,19202.92249
43848.06879,35026.81837,17869.71766,,43967.41258,40421.30062,26703.53067,,42388.19256,35539.11853,4267.194434,,44200.57312,32325.5519,9198.228832,,43601.06176,35828.19736,14509.6679
46779.63703,41690.16481,32815.24919,,47181.67134,45253.99012,35127.26656,,46631.85853,42978.94725,20383.77685,,46348.34075,39696.4389,24601.46734,,46735.37691,42404.88527,28231.93998
43368.53841,28210.22186,-709.2854729,,41107.71488,23742.40049,-7430.472006,,36969.52604,20502.59686,-3619.285065,,45226.76882,21999.29955,-3181.780171,,41668.13704,23613.62969,-3735.205679
44509.69983,35268.92613,-4398.585963,,41490.10116,27487.10775,-4293.602896,,36237.83151,25432.6719,-1961.810441,,41228.8773,30693.2319,4342.942611,,40866.62745,29720.48442,-1577.764172
45248.291,34373.97131,13917.116,,41490.10116,31290.13068,14467.3183,,36162.49255,25326.73519,6147.977761,,39668.19483,31190.51779,2712.410534,,40642.26989,30545.33874,9311.205649
43496.82035,35593.42296,12418.37354,,41490.10116,36200.65905,18979.18548,,37556.34009,28056.99412,-572.3223299,,39668.19483,31879.29841,16751.355,,40552.86411,32932.59364,11894.14792
43680.21286,33418.33038,-7625.096361,,41622.12991,32748.31321,-3488.230974,,39654.06419,29471.34069,1672.471287,,41398.10313,33848.01792,17871.26895,,41588.62752,32371.50055,2107.603226
43531.26698,38838.08245,20524.19547,,41731.43056,34178.81137,13448.53166,,40101.56738,27123.85423,-14961.88309,,40025.58374,34546.61628,18825.57257,,41347.46217,33671.84108,9459.104153
43680.21286,34128.99521,11075.37994,,42717.20946,38106.33065,12723.23316,,37990.34481,31711.20236,7544.881126,,41106.83065,35893.1762,22225.3778,,41373.64944,34959.92611,13392.21801
43680.21286,33627.00311,14544.64001,,43353.34202,36464.89452,6849.766429,,38063.01991,33258.87094,19003.83907,,42146.16214,32789.12195,-1047.840511,,41810.68423,34034.97263,9837.601249
43482.5479,35991.95925,12881.07737,,43253.53071,38586.00004,9430.094232,,38655.68369,32753.24291,14726.04904,,42871.50825,34581.41708,7045.389165,,42065.81764,35478.15482,11020.65245
45084.8707,38836.99805,25866.53873,,43440.93225,32457.30038,15914.43147,,39083.43954,31681.69886,3349.978009,,42427.58843,40166.50596,25757.7913,,42509.20773,35785.62581,17722.18488
44406.02967,34455.14941,10968.48079,,43412.75186,36194.47244,21302.7706,,40312.25929,29655.71042,-1576.762252,,42435.22114,38606.58909,23931.99397,,42641.56549,34727.98034,13656.62078
44497.71157,39310.52587,27170.45123,,43792.6316,33815.61671,10499.30722,,40569.20251,31368.83538,1950.218375,,42435.22114,39861.30564,20886.18397,,42823.69171,36089.0709,15126.5402
43727.58683,32959.43151,7481.362041,,43227.81753,35828.7704,5624.928232,,40404.4272,26168.17272,-19326.31015,,43189.39923,36381.30769,6890.382545,,42637.3077,32834.42058,167.590667
43632.72027,36478.63856,3803.086458,,43472.76147,36222.47798,10595.07246,,40215.61683,27565.61893,3442.397718,,43924.56585,39539.04119,21519.72771,,42811.4161,34951.44416,9840.071088
43679.52407,35861.83808,14934.88162,,43227.81753,36905.82616,17356.54387,,39669.97043,34276.91296,18566.06911,,44092.85108,35204.29907,12911.23323,,42667.54078,35562.21907,15942.18196
43633.28066,35705.28836,11509.63946,,43875.33469,37467.5104,18243.01628,,40043.45179,35330.0714,18054.75088,,44082.5973,36670.31802,22179.60986,,42908.66611,36293.29704,17496.75412
43042.08177,34494.13115,7752.966288,,44051.07588,41038.92548,25214.98622,,40300.11959,31646.71579,3764.322714,,44171.51284,33935.93863,-3415.365486,,42891.19752,35278.92776,8329.227433
42945.99249,32987.04347,15283.85244,,44164.72993,38181.21055,6906.581281,,40497.16393,34939.85649,16568.80322,,44101.19866,34391.18022,-2438.293124,,42927.27125,35124.82268,9080.235953
42845.62853,38754.34925,21410.53644,,44217.75435,35551.94863,12581.81138,,40741.66507,31338.183,-10128.3827,,43643.48419,35704.06815,15344.26655,,42862.13303,35337.13726,9802.057918
42655.0411,33542.92532,13828.08814,,44217.75435,35866.35658,19429.14742,,40629.18788,31950.6109,10724.47372,,43984.05327,34747.84804,12242.35175,,42871.50915,34026.93521,14056.01526
42927.44296,38278.76381,20754.97306,,44071.91767,35618.29952,8784.807066,,40846.35245,36772.91302,26109.51435,,43831.29276,35719.90527,16160.8976,,42919.25146,36597.47041,17952.54802
42149.75996,35177.62297,13590.69512,,44143.74126,32569.88497,6453.146696,,40975.66932,34336.48767,22153.54529,,43761.51928,40210.1473,21112.65052,,42757.67245,35573.53573,15827.50941
41827.15214,35243.95774,22240.69789,,44414.07927,38868.86095,21747.96423,,40690.13239,31469.62591,7058.865364,,43900.46612,32304.59499,-8480.236565,,42707.95748,34471.7599,10641.82273
42213.80693,30470.88953,11266.61207,,44388.83896,41393.07013,26279.19939,,41365.83245,33780.76784,12785.82454,,43716.47444,29742.03965,-3548.534448,,42921.2382,33846.69179,11695.77539
42117.32977,33695.29219,-2785.829852,,44595.81874,40733.5556,16655.7976,,40635.81529,32270.30396,-2085.337529,,44497.22679,38573.94469,14187.2034,,42961.54765,36318.27411,6492.958405
42001.5758,36232.13529,13212.88686,,44654.74008,38752.10062,19038.91069,,40635.81529,32766.54866,2802.317751,,44593.64584,39287.75032,23013.09418,,42971.44425,36759.63372,14516.80237
42243.0977,37052.44704,19683.767,,44669.55623,33413.52929,7425.656316,,40951.83718,34198.76684,16472.05631,,44606.80255,40866.44094,26727.35639,,43117.82341,36382.79603,17577.20901
42116.56102,36766.32101,20271.68959,,44770.98668,37669.4085,9131.607893,,40843.20446,29492.55253,-1998.220363,,44645.68367,38123.23635,15380.25157,,43094.10896,35512.8796,10696.33217
42010.74634,33907.3694,-5111.051134,,44770.98668,39508.57092,28177.13793,,41187.94118,35546.10937,10987.8825,,44645.68367,40089.61083,23060.35361,,43153.83947,37262.91513,14278.58073
45802.15502,41401.26165,17006.97543,,47975.97598,44839.89026,37566.79553,,45220.39167,42442.63305,29049.57144,,48215.59804,45422.61902,35246.49024,,46803.53018,43526.601,29717.45816
44909.42308,26299.63547,9930.848501,,45110.3425,24188.47731,-2794.899825,,37211.50385,18745.64152,-272.0307896,,44551.90336,29749.12811,-3191.901014,,42945.7932,24745.7206,918.0042183
44909.42308,34534.17099,15256.62238,,42709.12977,32610.90725,6731.628358,,37441.9545,21128.35974,-21051.88681,,43891.04316,37431.58935,9589.427602,,42237.88763,31426.25683,2631.447884
44584.09016,37247.06776,15311.43516,,44025.52162,37224.79879,18371.31347,,37441.9545,30743.5385,-82.54967521,,44604.26501,37454.85386,7351.657298,,42663.95782,35667.56473,10237.96406
44523.39144,36341.53649,13477.95232,,42935.84973,38046.56865,18234.56827,,40623.63286,30963.63509,9567.448051,,44476.43824,38505.607,9856.223933,,43139.82807,35964.33681,12784.04814
44584.09016,36779.76403,22166.99309,,43338.54498,32913.30207,21465.06592,,40325.48184,33640.15089,19385.20568,,44606.76074,34519.49616,12289.69142,,43213.71943,34463.17829,18826.73903
44871.1313,40091.27525,28201.1095,,43338.54498,34807.08231,1077.220149,,40125.7851,24511.22358,1172.821284,,44630.06502,35760.00139,22799.87762,,43241.3816,33792.39563,13312.75714
44871.1313,39064.69249,14807.23664,,43338.54498,35018.64071,6817.141319,,40125.7851,28551.71678,6478.959564,,44201.83653,34873.37809,19539.4406,,43134.32448,34377.10702,11910.69453
44871.1313,36758.4751,17444.54685,,43338.54498,36201.8287,14165.80481,,40820.86212,32204.55477,12302.46018,,44039.78641,36136.72771,9409.204372,,43267.5812,35325.39657,13330.50405
44714.37202,40042.39478,27050.32882,,43305.21059,28659.22822,-835.7867446,,42848.98871,36044.26958,24233.21798,,44233.63184,39288.41838,17109.70783,,43775.55079,36008.57774,16889.36697
44920.45,36301.23494,-19.980232,,43275.16762,33386.52878,19045.91331,,42560.11121,33628.89381,15868.32839,,44150.79368,36938.00393,23227.53282,,43726.63063,35063.66536,14530.44857
44920.45,28727.93136,-33320.62211,,43117.00417,36954.04811,6353.928203,,42611.99817,28184.30968,-9351.850738,,44085.7864,40158.4042,21175.67706,,43683.80969,33506.17334,-3785.716896
45121.55928,37141.47918,17381.62084,,43065.57003,33884.5875,-1424.687018,,43677.72576,35215.37996,10622.9468,,44187.25809,35726.6466,1620.135702,,44013.02829,35492.02331,7050.00408
45121.55928,34547.36034,12233.53228,,43316.0454,35613.68824,17493.50875,,43677.72576,27165.72778,7156.974189,,44187.25809,38758.37031,27078.21682,,44075.64713,34021.28667,15990.55801
44536.35936,31320.92185,2117.824462,,43162.92508,32425.12313,9047.610536,,43318.15755,33881.22386,1696.434284,,44187.25809,34198.32811,11149.9385,,43801.17502,32956.39924,6002.951946
45068.2721,28160.51948,-5047.529777,,43513.44687,35198.64744,9636.444539,,42931.46215,27459.32149,-2041.097351,,44187.25809,37801.25537,20067.63601,,43925.1098,32154.93595,5653.863355
44101.50655,30579.32008,3255.203105,,43513.44687,32565.00064,2465.915859,,43218.51637,32977.35057,6297.924004,,44187.25809,38956.4356,23225.55523,,43755.18197,33769.52672,8811.149549
44029.05017,36097.11408,4816.255443,,43513.44687,33435.72218,16627.38961,,43142.72465,35771.88776,8178.404071,,44465.59747,36636.6282,18664.1816,,43787.70479,35485.33805,12071.55768
44585.83528,38740.72531,16375.40921,,43251.92303,32673.27673,11834.08411,,43252.82483,33891.17207,18908.81993,,44141.88029,32637.37835,-803.733996,,43808.11586,34485.63811,11578.64481
