3168.144943,323.426872,-3253.520805,,2809.29471,579.3886727,-2408.893436,,3456.957998,552.5713591,-2381.141017,,3280.570705,551.7589677,-3336.26323,,3178.742089,501.7864679,-2844.954622,,181.7892288
3586.272447,2198.308117,-942.2888014,,2857.698319,2066.851015,-870.9944804,,3464.391222,2006.645008,-1284.130706,,3335.116112,2051.970529,-1854.442411,,3310.869525,2080.943667,-1237.9641,,
3904.693078,2802.625982,240.8362866,,3181.697253,2521.563128,111.8287019,,3676.817951,3234.678539,1234.592507,,3455.646408,3071.267883,-415.4951067,,3554.713672,2907.533883,292.9405971,,
3942.848322,2965.336745,576.9777434,,3325.541379,2602.937485,605.8751557,,3711.593813,3123.237005,532.532613,,3517.157332,3225.60375,-1677.634013,,3624.285212,2979.278746,9.437874768,,
3978.17179,3275.685026,683.1683326,,3658.710319,3177.953774,752.4267541,,3860.877292,3506.981847,352.1455729,,3549.917346,2878.379246,759.3429569,,3761.919187,3209.749973,636.7709041,,
3946.395446,3067.331734,1300.77223,,3616.478434,3080.169258,-194.1660024,,3917.304543,3437.25827,2181.562993,,3615.692137,3201.867813,-507.9623084,,3773.96764,3196.656769,695.051728,,
4025.227902,3309.28846,590.9661299,,3661.155666,2704.918294,190.4149067,,3974.876083,3333.361771,-1026.376568,,3789.731192,3143.824278,1187.832052,,3862.747711,3122.848201,235.7091301,,
4054.762761,3383.071104,350.2492668,,3820.79946,2914.267808,578.5619979,,3978.361847,3496.063916,2573.230491,,3969.629709,3350.980359,904.2717911,,3955.888444,3286.095797,1101.578387,,
4139.477608,2900.434519,52.17176863,,3932.970689,2892.024835,-304.2932077,,4100.027208,3904.979065,3393.939437,,4029.793735,3303.346053,909.7507443,,4050.56731,3250.196118,1012.892186,,
4176.168392,2979.400519,-759.5975272,,3858.972526,3169.580158,1706.208206,,4109.080117,3603.784629,1832.780989,,4109.022882,3697.40543,1645.201084,,4063.310979,3362.542684,1106.148188,,
4255.38586,2906.136595,411.8549183,,3939.036317,3664.553972,2210.507776,,4149.117929,3861.423996,2989.682401,,4097.623692,3530.396631,133.2276122,,4110.290949,3490.627798,1436.318177,,
4366.192231,3574.623274,590.2314602,,4056.69377,3508.572069,1755.917013,,4186.366827,3854.78056,1936.461643,,4108.67287,3517.51018,1272.227625,,4179.481425,3613.871521,1388.709435,,
4368.607236,3961.593054,2049.296249,,4100.28128,3278.68826,1249.269829,,4179.434646,3828.844476,1295.801077,,4154.008178,3643.953947,1138.366796,,4200.582835,3678.269934,1433.183488,,
4394.428199,3286.454103,1429.434091,,4197.859962,3443.905909,-887.6821628,,4203.866842,3847.398196,2679.883983,,4154.008178,3222.653817,-710.1029749,,4237.540795,3450.103006,627.8832342,,
4378.353091,3953.636103,2101.778437,,4143.512063,3547.935623,485.0129966,,4252.837153,3663.155486,2706.279741,,4174.256426,3542.159052,268.3601884,,4237.239683,3676.721566,1390.357841,,
4401.160999,3240.028916,-706.5428324,,4107.559479,3510.376921,-170.7408692,,4286.358867,3764.100224,3230.093054,,4227.651392,3122.413242,-428.9857794,,4255.682684,3409.229826,480.9558932,,
4409.531082,4174.671815,3029.490136,,4152.93256,3671.555995,2227.823162,,4308.898015,3934.286368,2768.712496,,4227.651392,3788.104862,2854.428784,,4274.753262,3892.15476,2720.113645,,
4554.846513,4137.424747,2900.479566,,4273.990236,3687.382023,2226.619449,,4398.169572,3583.681114,-6.795759396,,4260.081553,3920.965983,3218.78324,,4371.771969,3832.363467,2084.771624,,
4607.185852,4188.97181,1916.706229,,4333.30733,3837.610781,516.7059231,,4444.845865,3579.393035,-10.66204041,,4313.999283,3797.943737,2797.3764,,4424.834582,3850.979841,1305.031628,,
4585.00397,4038.709495,2780.398408,,4514.845096,3470.682311,607.8421523,,4445.915532,4004.513392,3.414073539,,4304.820932,3735.820924,1822.181721,,4462.646383,3812.431531,1303.459089,,
4513.3258,4015.293474,2538.670247,,4543.053249,4018.279018,2159.411298,,4453.838351,3983.944981,2208.357268,,4362.546643,3987.546982,2569.363538,,4468.191011,4001.266114,2368.950588,,
4559.758882,3988.784719,1818.922428,,4618.442628,4334.121558,3103.287326,,4451.273332,3581.339875,728.9644947,,4405.321382,3844.693605,2618.641405,,4508.699056,3937.234939,2067.453913,,
4600.225278,3814.440972,1317.201679,,4618.442628,3851.214732,355.5377311,,4465.497939,4128.50782,2082.150844,,4380.817719,4013.642643,3220.749618,,4516.245891,3951.951542,1743.909968,,
4602.940029,4163.603897,2871.468476,,4667.266758,4397.107078,4021.717944,,4465.497939,4115.439141,2865.279316,,4394.630316,3831.967633,406.3003999,,4532.583761,4127.029437,2541.191534,,
4694.112173,3860.351841,2497.675414,,4673.685206,4118.269204,3346.632049,,4465.497939,3457.005468,-356.8946792,,4470.6343,3988.200919,2698.505066,,4575.982405,3855.956858,2046.479463,,
4651.240097,3918.596388,1322.214228,,4673.296984,3727.689561,1496.198751,,4475.652731,4214.813699,3697.575547,,4424.77407,3385.374182,-61.57206754,,4556.24097,3811.618458,1613.604115,,
4649.749123,4248.190249,3121.374064,,4691.901048,3802.503292,1662.980922,,4475.652731,3892.412101,1412.419395,,4489.556396,4129.124546,3314.534825,,4576.714824,4018.057547,2377.827301,,
4619.513399,3921.579773,2659.05154,,4680.053958,4127.646275,1657.232735,,4484.654806,4160.053829,2254.545616,,4571.951107,3562.635715,-830.7652432,,4589.043317,3942.978898,1435.016162,,
4697.072467,3780.533327,-878.3426989,,4674.87553,4267.273832,3077.179136,,4487.205573,4208.259836,466.9388125,,4571.951107,4006.056151,3060.319704,,4607.776169,4065.530786,1431.523738,,
4725.143753,3757.819158,-2.378312597,,4714.789553,4177.888261,49.81268557,,4491.722435,4075.927058,1386.669237,,4553.589318,3494.282484,894.6580648,,4621.311265,3876.47924,582.1904186,,
4792.010307,4280.218802,2892.428593,,4691.527707,4335.540406,3154.459986,,4497.759906,4238.575603,3714.349483,,4559.218182,3975.961841,2811.854447,,4635.129025,4207.574163,3143.273127,,
4719.51008,4007.082071,2198.051088,,4699.298207,4233.028386,1724.132815,,4512.035432,4388.400724,3241.892828,,4605.751608,3901.629173,1976.027379,,4634.148832,4132.535088,2285.026027,,
4756.395014,4174.656602,1239.580225,,4695.303106,4311.744955,3143.10949,,4514.873122,4082.388538,3371.310341,,4713.791173,4031.133043,840.7099283,,4670.090604,4149.980785,2148.677496,,
4740.447127,4099.443671,2061.630541,,4712.198806,3894.669161,1288.603095,,4517.599205,4174.182236,2785.97336,,4731.849372,4015.178037,3060.273175,,4675.523628,4045.868276,2299.120043,,
4740.447127,3767.316444,1827.126778,,4716.896558,4480.473247,2594.566309,,4554.229944,4015.562989,2114.735885,,4707.092794,3737.216355,-347.4151165,,4679.666606,4000.142259,1547.253464,,
4743.725607,4133.949061,2079.491599,,4741.051432,4454.594976,3374.371764,,4551.688335,4174.784663,2604.692736,,4707.092794,3988.341536,1370.220461,,4685.889542,4187.917559,2357.19414,,
4747.782967,4280.70305,3108.338072,,4733.067018,4278.588986,2858.869012,,4560.318909,3841.94882,-38.54102262,,4707.092794,4163.19766,-343.811614,,4687.065422,4141.109629,1396.213612,,
4786.522216,3742.643784,1348.014587,,4804.535596,4415.042839,2684.635824,,4560.318909,4001.448573,1531.822676,,4707.092794,4312.386153,2934.149866,,4714.617379,4117.880337,2124.655738,,
4792.16189,3959.715358,2019.500796,,4806.290618,3751.274696,231.446654,,4557.68354,4262.193517,3397.600125,,4748.136955,4332.087632,2752.238427,,4726.068251,4076.317801,2100.1965,,
4809.371386,3675.466806,1484.967317,,4824.740751,4511.066948,3651.207609,,4558.52737,3577.495113,634.5272058,,4782.427675,3764.638151,2369.99687,,4743.766795,3882.166754,2035.174751,,
4835.665745,4468.783088,2340.202331,,4856.247926,4452.697071,3981.996254,,4576.894571,4024.797298,2181.101289,,4718.75808,4167.932542,302.6158158,,4746.89158,4278.5525,2201.478922,,
4802.127792,3704.424238,392.3439087,,4841.121426,4476.654735,3414.939827,,4569.783172,3936.004337,886.6296232,,4707.092794,4112.623203,3344.065673,,4730.031296,4057.426628,2009.494758,,
4833.325566,4322.60403,2488.926651,,4874.142672,4215.873436,1205.698029,,4569.783172,3786.700234,711.6318374,,4670.220436,3714.854872,743.4642021,,4736.867961,4010.008143,1287.43018,,
4833.325566,4326.858081,2407.422389,,4874.142672,4369.133204,2927.927866,,4616.358648,3809.046622,1324.731904,,4677.982546,3877.885042,2402.47962,,4750.452358,4095.730737,2265.640445,,
4829.493614,3880.060627,2195.818478,,4872.698655,4213.173669,-1515.240943,,4568.040407,3830.95226,1323.918994,,4696.285503,4174.926165,2274.251009,,4741.629545,4024.77818,1069.686884,,
4843.528627,4244.042779,2669.727321,,4869.989748,4705.516882,4394.543139,,4568.11961,3908.678202,1887.546243,,4719.156252,3618.831593,229.430876,,4750.198559,4119.267364,2295.311895,,
4858.376989,4336.071641,2161.340172,,4869.989748,3986.732272,1062.681439,,4569.670937,3869.428964,-81.98674688,,4700.214696,3930.64405,-84.52874535,,4749.563092,4030.719232,764.3765297,,
4844.171781,4132.859626,1544.189973,,4871.234286,4340.095981,1018.639721,,4553.548402,4208.62338,2545.497034,,4671.973897,3851.182786,2568.152301,,4735.232092,4133.190443,1919.119757,,
4868.943923,4125.440683,2910.349175,,4867.663608,4239.858445,2880.669727,,4580.400424,4208.194962,2645.74654,,4684.588979,4078.38882,1743.320522,,4750.399233,4162.970728,2545.021491,,
4843.702945,4370.126375,2808.656984,,4867.663608,4396.159674,3228.436214,,4599.77086,4220.566542,2299.2752,,4657.671698,3338.138344,-415.9707751,,4742.202278,4081.247734,1980.099406,,
4870.239682,4325.625884,980.1650292,,4888.580886,4317.756766,3241.743469,,4599.77086,3766.247257,1969.841285,,4708.674936,3645.0882,1907.157997,,4766.816591,4013.679527,2024.726945,,
4858.038607,4304.765973,2886.552359,,4862.098269,4414.011855,2689.232594,,4551.439473,3515.995872,1335.832261,,4796.397308,4011.125289,1943.220234,,4766.993414,4061.474747,2213.709362,,
4884.747946,4396.873673,2715.950521,,4862.098269,4490.245467,3138.575142,,4569.837576,4042.759431,1756.344905,,4845.029376,4219.238331,2665.346776,,4790.428292,4287.279226,2569.054336,,
4930.380481,4409.568011,2669.655539,,4875.149797,4403.063899,2347.253708,,4608.677018,4036.501048,855.7766336,,4776.948783,3859.542596,1484.565899,,4797.78902,4177.168889,1839.312945,,
4866.965029,4083.149834,1136.347284,,4919.872399,4392.364598,2710.954552,,4573.504451,3493.050665,1222.37359,,4844.817508,3835.245835,2643.874811,,4801.289847,3950.952733,1928.387559,,
4866.965029,4509.462576,2910.025617,,4941.693637,3611.353911,2.243660836,,4587.0386,3559.499546,351.4015531,,4844.817508,3908.730638,2870.348448,,4810.128693,3897.261668,1533.50482,,
4875.325125,4283.333999,3213.168462,,4892.447831,4421.941213,3366.12343,,4584.681868,4246.504514,1522.615964,,4874.546178,4298.134886,2987.867158,,4806.750251,4312.478653,2772.443753,,
4929.688933,4094.578701,1216.77915,,4892.447831,4257.530069,2261.009879,,4593.25302,3744.916172,1282.582739,,4874.417926,4035.24087,3194.839367,,4822.451928,4033.066453,1988.802784,,
4929.688933,4056.751924,-421.0415097,,4892.447831,4502.756011,3263.779264,,4608.000056,4381.656128,3931.655843,,4837.020716,4283.881215,2874.777104,,4816.789384,4306.26132,2412.292675,,
4997.389647,4306.612573,2361.311284,,4892.447831,3940.98005,2124.060427,,4617.48813,3831.98397,645.3681801,,4808.731128,4213.560044,-1078.787782,,4829.014184,4073.284159,1012.988027,,
4943.87873,4359.746218,2796.056191,,4956.116076,4212.497872,2005.827609,,4593.927518,3952.460733,336.6316642,,4787.906879,3565.680098,-343.3305512,,4820.457301,4022.59623,1198.796228,,
4939.005792,4325.231053,3125.346748,,4914.816366,4271.903647,2299.097497,,4593.927518,3903.873161,1627.106496,,4769.712979,3986.61103,2264.542996,,4804.365664,4121.904723,2329.023434,,
4946.945631,4280.253431,2407.980716,,4933.32114,4180.057683,1920.991446,,4593.927518,3272.218061,-281.3319876,,4739.448079,4158.436187,2393.755319,,4803.410592,3972.741341,1610.348873,,
4959.171337,4178.054642,2126.598084,,4917.982799,4293.162067,2471.606428,,4584.119121,4366.992096,2849.562699,,4697.390005,3653.471642,1887.966748,,4789.665816,4122.920112,2333.93349,,
4974.074623,4699.400143,2858.759859,,4959.167543,4473.076004,2413.650921,,4589.112344,4177.575573,2334.76335,,4702.891386,3942.243215,2734.324922,,4806.311474,4323.073734,2585.374763,,
4960.603531,4276.074238,1748.230351,,4900.289358,4026.564494,1908.572264,,4585.970748,3737.05715,68.97753203,,4738.264392,4075.373448,-36.54741514,,4796.282007,4028.767333,922.308183,,
4960.603531,4538.800687,3090.500822,,4968.089419,4132.007757,1357.27721,,4653.253661,4243.075982,2424.628252,,4688.129318,3979.179166,1089.239089,,4817.518982,4223.265898,1990.411343,,
4980.432411,4391.1165,1158.090364,,4909.490742,4619.108473,3831.376497,,4620.770289,4098.596202,2679.720553,,4701.639251,3578.230274,1957.000136,,4803.083173,4171.762862,2406.546887,,
4980.432411,4595.342221,2774.718439,,4909.490742,4260.367877,2070.913039,,4646.469556,3891.114058,759.564023,,4710.663771,3483.941078,122.9829947,,4811.76412,4057.691309,1432.044624,,
4983.63404,4172.875014,2390.555386,,4906.580702,4474.683315,2971.744592,,4646.469556,4391.492055,1120.27521,,4736.93389,4263.271929,1589.091715,,4818.404547,4325.580578,2017.916726,,
4967.881642,4286.265065,1840.079374,,4916.476005,4303.408271,3193.006665,,4662.687651,3910.644473,728.2653537,,4760.640246,3619.867102,227.4370514,,4826.921386,4030.046228,1497.197111,,
5006.069741,4274.63898,2227.99549,,4917.925137,4370.16558,2710.884645,,4662.687651,4332.546096,3515.314311,,4779.881236,3642.929129,979.6966195,,4841.640941,4155.069946,2358.472766,,
5006.069741,4591.245994,3372.120287,,4899.29648,3531.35564,745.6354326,,4668.341391,4474.978495,3966.909206,,4779.881236,3676.020605,286.6049175,,4838.397212,4068.400184,2092.817461,,
5017.578549,4353.918253,2856.83639,,4930.811842,4137.553333,1701.642033,,4660.291307,4242.403693,3474.136222,,4779.881236,3978.402022,2210.428484,,4847.140733,4178.069325,2560.760782,,
5022.934262,4193.646911,2450.07282,,4943.202383,4340.056815,2553.610769,,4664.893524,4060.405647,947.8829523,,4779.881236,4313.19852,2593.176588,,4852.727851,4226.826973,2136.185782,,
5022.934262,4542.385732,1450.420195,,4918.958248,4486.620628,3716.468571,,4664.893524,3738.845878,992.4824472,,4817.288383,4108.69881,1902.506612,,4856.018604,4219.137762,2015.469456,,
5034.264042,4081.742251,-260.3106776,,4919.709321,3965.975443,2108.226071,,4664.893524,4370.793927,3698.947372,,4779.881236,4138.476427,2514.832956,,4849.687031,4139.247012,2015.42393,,
5034.264042,3753.407601,110.4473736,,4932.523943,4501.411434,3464.820288,,4677.517334,3981.181476,310.7262978,,4897.757051,4086.960487,2297.188784,,4885.515592,4080.740249,1545.795686,,
4943.484268,4407.714187,3165.861677,,4912.158394,3986.258749,516.410138,,4677.517334,4283.246954,3198.334359,,4779.881236,3728.929083,324.096585,,4828.260308,4101.537243,1801.17569,,
4935.823307,4456.971147,3437.539652,,4918.536763,3964.384627,119.6835857,,4677.517334,4414.653396,3155.608536,,4793.026284,3845.121319,-1180.41083,,4831.225922,4170.282622,1383.105236,,
4955.381749,4034.75064,1162.500319,,4951.088186,4174.69957,2793.413202,,4655.235981,4247.616843,3584.637011,,4798.424342,3883.310067,2269.123652,,4840.032564,4085.09428,2452.418546,,
4955.381749,4427.976918,3673.130906,,4951.088186,4244.742372,406.6614145,,4655.235981,4075.836269,160.5284581,,4788.26412,3663.383485,1467.890337,,4837.492509,4102.984761,1427.052779,,
4928.873741,4612.93132,2808.156691,,4909.809213,4256.779254,3024.549188,,4646.394748,3984.332011,585.3187043,,4788.26412,3365.810936,378.0215185,,4818.335456,4054.96338,1699.011526,,
4923.647046,4598.434495,3416.043164,,4916.989615,4089.05662,3015.218729,,4626.325499,4151.883527,1168.992764,,4785.442506,3721.967091,1632.206395,,4813.101167,4140.335433,2308.115263,,
4954.91312,4363.460198,2101.700233,,4921.189346,3936.212945,2455.192824,,4617.251249,3575.431018,-96.25274858,,4873.969562,3644.522557,6.989220284,,4841.830819,3879.906679,1116.907382,,
4996.999535,4475.30089,3528.171156,,4916.989615,4326.462263,2719.60878,,4655.765063,4121.897848,1433.330239,,4875.117644,4200.985374,1217.305417,,4861.217964,4281.161594,2224.603898,,
5002.37573,4238.91842,2961.335962,,4910.411317,4195.72063,1900.436231,,4659.226992,4398.823184,2016.497627,,4832.307693,3756.399669,-429.1404569,,4851.080433,4147.465476,1612.282341,,
5002.37573,4286.681957,1341.468202,,4897.564299,4294.961263,2227.806922,,4659.226992,4172.178225,2281.938368,,4816.214654,4033.041909,2442.297906,,4843.845419,4196.715838,2073.37785,,
5000.054026,4180.248195,277.2173742,,4930.701916,4483.120386,3806.043102,,4660.275644,4090.326646,1655.907955,,4856.186722,4105.278804,3006.144917,,4861.804577,4214.743508,2186.328337,,
5004.164505,4496.939694,2521.805755,,4905.54739,4258.416549,2607.632338,,4645.929567,3741.898271,954.1035995,,4922.971987,4313.870295,2699.593893,,4869.653362,4202.781202,2195.783896,,
5004.164505,4032.290877,1455.839665,,4905.54739,4038.325534,1926.826998,,4657.127077,4239.84822,642.1814548,,4922.971987,3765.829541,-611.8311386,,4872.45274,4019.073543,853.2542447,,
4973.11725,4018.534744,2531.363812,,4878.736972,4040.170652,2931.206856,,4668.684954,4494.205367,2200.820888,,4922.971987,4215.941301,744.5256012,,4860.877791,4192.213016,2101.979289,,
5003.149187,4192.605817,2368.778966,,4857.985054,4149.67383,3132.501947,,4661.446031,4197.196743,2174.85118,,4968.722378,4117.683623,2453.066211,,4872.825662,4164.290003,2532.299576,,
5015.668937,4668.854635,4262.401444,,4822.051754,4151.22065,1960.825577,,4661.446031,3335.996735,396.8628275,,4922.971987,4420.645354,2899.900407,,4855.534677,4144.179343,2379.997564,,
5066.23434,4495.47398,2408.787415,,4873.474687,4151.390095,1887.402045,,4642.421519,4214.882777,969.9078341,,4943.076592,4531.600335,3346.085273,,4881.301784,4348.336797,2153.045642,,
5010.763686,4712.00556,4011.409015,,4813.781588,4120.352341,2764.217518,,4653.802148,4016.079595,1226.629089,,4940.687937,4212.595302,2558.524086,,4854.75884,4265.2582,2640.194927,,
5009.359651,4242.018512,1424.231249,,4859.236438,4393.142624,3196.149849,,4663.166502,3857.055752,514.5120579,,4937.033619,4254.190266,2379.148439,,4867.199053,4186.601789,1878.510399,,
5009.359651,4528.981405,2698.993867,,4910.044655,4338.852993,2416.648241,,4647.573462,4388.851204,1969.878059,,4955.964859,4263.766587,1448.920902,,4880.735657,4380.113047,2133.610267,,
5001.833894,4037.737092,898.0729086,,4889.692695,4152.002551,1677.503077,,4670.23882,3822.904544,768.3546145,,4959.633487,3859.510188,1244.78182,,4880.349724,3968.038594,1147.178105,,
5003.654394,4184.068722,2963.801356,,4889.692695,4231.404806,3095.285881,,4663.166502,3487.61593,-153.4776284,,4953.21595,4028.549158,2381.795574,,4877.432385,3982.909654,2071.851296,,
5006.929006,4575.779382,-392.5564745,,4889.692695,4157.374144,2545.197012,,4663.166502,3809.009552,432.7249546,,4953.21595,4393.427883,3397.311913,,4878.251038,4233.89774,1495.669351,,
5006.929006,4603.763477,3423.0472,,4860.267314,4226.638664,2975.361728,,4648.999647,4372.971325,2967.420248,,4986.006897,4346.130854,-171.2200165,,4875.550716,4387.37608,2298.65229,,
5006.929006,4414.11502,2082.06536,,4860.267314,4061.608334,2210.343905,,4670.438197,4442.907325,4105.60163,,4986.006897,3256.670749,1450.276158,,4880.910353,4043.825357,2462.071763,,
5030.55161,4818.493581,4096.46984,,4852.904659,4505.203775,2819.928794,,4662.620625,3549.234738,-80.75890079,,4986.006897,4287.433795,2947.852057,,4883.020948,4290.091472,2445.872948,,
5039.643777,4145.549612,1984.371531,,4852.904659,4216.681399,2073.424188,,4662.620625,3931.956514,2008.335047,,4982.338268,4225.89717,2384.528613,,4884.376832,4130.021174,2112.664845,,
5039.643777,4311.811296,2405.434543,,4852.904659,4181.832581,2556.40398,,4670.917849,4415.638389,2654.728365,,4986.006897,4164.443409,-478.25036,,4887.368295,4268.431419,1784.579132,,
5039.643777,4559.243653,1594.831528,,4896.365342,4510.111357,2787.475309,,4665.643462,4221.447592,3055.407408,,4964.048082,4176.888791,2671.696391,,4891.425166,4366.922848,2527.352659,,
5049.228854,4255.538852,2364.779972,,4917.865057,4287.433328,-156.5908641,,4657.851714,4256.544773,1234.960855,,4964.048082,4464.172524,2496.373271,,4897.248427,4315.922369,1484.880808,,
5039.643777,4255.310411,2851.038173,,4936.043242,4226.946737,1449.159016,,4652.628581,4179.623693,2635.466816,,4960.413241,3997.67453,1347.50584,,4897.18221,4164.888843,2070.792461,,
5016.021173,4533.944162,3063.409878,,4947.138841,4418.001396,3596.753498,,4657.851714,4270.577045,2864.541392,,4960.413241,4240.034192,2404.586493,,4895.356242,4365.639199,2982.322815,,
5055.116986,4521.630968,2254.947926,,4923.941606,4339.396818,2020.947005,,4671.495378,4441.20591,3960.63313,,4960.413241,4431.95789,3420.431726,,4902.741803,4433.547897,2914.239947,,
5030.669612,4542.785221,185.8995264,,4905.193902,4456.557492,2369.783708,,4670.874391,4082.320657,1776.463645,,4960.413241,3864.376837,1711.985813,,4891.787787,4236.510052,1511.033173,,
5033.627199,4469.114903,1512.887667,,4918.7639,4415.143211,2399.302522,,4658.471739,3801.75407,54.10645842,,4935.687613,4077.373772,2388.324958,,4886.637613,4190.846489,1588.655401,,
5094.111403,4384.739266,1350.100521,,4917.171294,4368.838158,2650.366742,,4658.962874,4007.752831,2173.67703,,4935.687613,4013.236716,960.650957,,4901.483296,4193.641743,1783.698813,,
5068.71019,4484.306486,3009.196952,,4942.035506,4424.299213,3361.663031,,4658.962874,3823.625364,387.2633375,,4902.43255,4259.148877,2983.419894,,4893.03528,4247.844985,2435.385804,,
5058.153658,4593.065731,3064.769631,,4930.779082,4333.252663,1584.75813,,4676.406649,4158.046648,2699.539008,,4904.424241,3872.479159,341.3419732,,4892.440907,4239.21105,1922.602186,,
5088.185384,4281.794061,1130.30539,,4939.428291,4612.415491,3282.557708,,4673.844266,4296.541133,3040.887235,,4865.105962,3880.094907,1996.381864,,4891.640976,4267.711398,2362.533049,,
5072.273163,4635.377389,3002.629608,,4932.52753,3650.372977,1661.24366,,4673.844266,4511.308287,3479.685602,,4862.383791,4085.623936,1052.219868,,4885.257187,4220.670647,2298.944685,,
5055.045905,4634.765891,3765.714766,,4929.656244,4036.357174,1863.012022,,4687.959289,4532.682243,3417.943176,,4862.383791,4069.134735,390.5236633,,4883.761307,4318.235011,2359.298407,,
5053.903496,4524.221045,2976.541374,,4942.825794,4227.541384,1953.104865,,4687.959289,4426.47969,3674.699431,,4901.432686,3417.744175,1726.205851,,4896.530316,4148.996573,2582.63788,,
5072.31559,4639.459613,2290.37137,,4942.994456,4479.696772,3423.647117,,4693.42101,4207.525452,2413.064828,,4835.030087,4018.198101,1667.028908,,4885.940286,4336.219985,2448.528056,,
5039.796464,4470.061536,2122.623727,,4932.746327,3936.065595,2690.374266,,4687.959289,4103.830067,2708.368747,,4843.158235,4290.067623,2632.330621,,4875.915079,4200.006205,2538.42434,,
5039.796464,4508.530736,3220.258262,,4982.497079,4445.925751,3368.082967,,4687.959289,3583.794272,2017.662614,,4843.490485,3880.571191,1979.594926,,4888.435829,4104.705488,2646.399692,,
5055.960449,4446.699439,3465.552011,,5000.53835,4271.211531,2967.04395,,4687.959289,4124.894619,1152.547516,,4857.548495,4267.315455,2974.559116,,4900.501646,4277.530261,2639.925648,,
5055.960449,4437.786674,2494.789634,,4982.497079,4206.995475,2687.602052,,4694.416361,4426.359785,3072.949976,,4892.213336,4023.367696,1615.397478,,4906.271806,4273.627408,2467.684785,,
5078.702536,4536.418803,1836.403474,,4986.83495,4341.797017,1343.088975,,4707.599648,3889.310245,1268.371701,,4874.596281,4067.876317,2656.753705,,4911.933354,4208.850595,1776.154464,,
5073.797749,4360.361901,2591.405511,,4987.417656,4645.529198,1890.080985,,4696.974154,4437.750132,1145.351615,,4916.736006,3988.38461,2318.777119,,4918.731391,4358.00646,1986.403807,,
5050.605743,4462.50473,3038.087072,,5014.747363,4596.610242,3196.509182,,4696.974154,4330.049469,2719.015462,,4916.736006,3769.879006,2087.488347,,4919.765817,4289.760862,2760.275016,,
5075.411571,4452.213678,2657.232656,,5014.747363,4463.01305,2348.974094,,4714.36731,4295.864612,1903.255096,,4879.345102,4319.925093,1875.169162,,4920.967836,4382.754108,2196.157752,,
5116.90852,4343.495913,2634.860007,,5022.035416,4538.498547,3314.626648,,4701.207827,4244.939453,1831.903669,,4871.738231,4103.051688,833.5387524,,4927.972498,4307.4964,2153.732269,,
5079.1611,4679.990894,1949.276809,,5042.153378,4525.076193,2015.890031,,4708.501602,4122.870098,2035.018517,,4882.639879,4013.508455,957.7026191,,4928.11399,4335.36141,1739.471994,,
5089.342601,4206.776867,1528.947645,,5034.108578,4373.972289,988.2415685,,4701.207827,4388.739191,3299.599955,,4882.454052,3910.276837,1925.112678,,4926.778265,4219.941296,1935.475462,,
5075.411571,4471.943779,3488.329448,,5025.154016,4403.969583,330.6433926,,4698.677403,4561.03991,3741.172075,,4815.397464,3867.542191,-286.6400394,,4903.660113,4326.123866,1818.376219,,
5078.445152,4297.246682,1025.246085,,5026.877318,4550.713767,789.7468225,,4698.677403,4504.046159,2280.068337,,4815.397464,3912.49151,2344.293778,,4904.849334,4316.124529,1609.838755,,
5081.584071,4365.435206,2423.671896,,5037.841635,4741.874962,3800.452964,,4702.388665,4570.862121,3016.859565,,4815.397464,3830.918136,955.7359965,,4909.302959,4377.272606,2549.180105,,
5092.897701,4451.412026,2449.956538,,5037.841635,4617.72609,2606.061642,,4702.388665,4163.354645,1832.185303,,4813.643958,3788.175582,2413.809604,,4911.69299,4255.167086,2325.503272,,
5082.670119,4476.192992,2963.87669,,5029.802022,4339.730284,1547.134329,,4705.813867,4294.372466,2996.766021,,4813.643958,3813.30904,-123.3367916,,4907.982491,4230.901195,1846.110062,,
5079.23864,4195.818589,2133.019273,,5013.66739,4032.036306,2492.513283,,4705.813867,4135.382197,269.5629421,,4829.472104,3932.443187,2753.15656,,4907.048,4073.92007,1912.063015,,
5092.143234,4523.26467,2627.201729,,5030.527902,3965.487386,1700.825304,,4705.813867,3539.555616,1334.908165,,4842.467246,4011.944046,2828.919506,,4917.738062,4010.06293,2122.963676,,
5086.789354,3994.11723,1488.951881,,5043.658099,4146.079748,1218.574887,,4704.351523,4158.831799,2457.419049,,4827.129487,3959.11254,2416.66333,,4915.482116,4064.535329,1895.402287,,
5087.49787,4689.819942,3231.438661,,5043.658099,4343.072491,3331.322862,,4706.846338,4142.772431,1400.653382,,4844.657413,4202.291131,2107.455055,,4920.66493,4344.488999,2517.71749,,
5091.92041,4654.81094,2472.10504,,5046.520933,4416.779564,854.1564714,,4711.221333,4449.691286,3339.426461,,4815.430619,3913.784223,2371.694128,,4916.273324,4358.766503,2259.345525,,
5098.675242,4329.479256,2861.935155,,5045.162149,4052.88786,1683.8925,,4711.221333,4301.487898,3824.724878,,4814.053105,4058.147735,1992.314256,,4917.277957,4185.500687,2590.716697,,
5092.628926,4126.52289,2740.393604,,5047.141583,4028.839325,1470.319561,,4720.014323,4467.827834,2532.064923,,4815.456712,3668.264557,1718.393267,,4918.810386,4072.863651,2115.292839,,
5072.31133,3811.415462,1427.202046,,5045.162149,4261.754355,-208.838839,,4730.637469,4340.929286,3138.45041,,4824.140198,4197.956916,2625.863768,,4918.062786,4153.014005,1745.669346,,
5077.736637,4139.364577,2932.993677,,5045.162149,3924.992514,1590.325684,,4730.637469,4449.766492,3183.672601,,4856.293085,3956.349943,2550.059197,,4927.457335,4117.618381,2564.26279,,
5077.736637,4368.934691,2838.556912,,5046.101301,4595.983658,2179.272931,,4713.324344,4296.830046,1318.333122,,4856.293085,3900.43726,2011.219211,,4923.363842,4290.546414,2086.845544,,
5077.736637,4260.120412,1095.574423,,5046.101301,4496.000946,3136.649228,,4719.050532,4107.169984,1824.929103,,4804.09142,4072.224485,2512.266771,,4911.744972,4233.878957,2142.354881,,
5072.31133,4060.482138,1216.160539,,5052.925682,4274.784852,2388.657315,,4719.050532,4457.184294,3994.423543,,4827.892796,4142.867621,2640.226403,,4918.045085,4233.829726,2559.86695,,
5105.770309,3795.175747,2289.869918,,5052.925682,4537.933279,1934.21573,,4700.471456,4385.720313,3345.207679,,4804.09142,3923.853856,520.3814278,,4915.814717,4160.670799,2022.418689,,
5072.31133,3954.042212,1199.216075,,5018.158494,4425.845302,2473.15963,,4700.471456,4071.808582,1935.792754,,4804.301809,3992.395261,1425.68787,,4898.810772,4111.022839,1758.464082,,
5055.029921,3854.971645,836.6890169,,5021.357148,4506.608512,3166.489955,,4684.41609,4308.160228,3278.073584,,4822.784373,4011.114717,1738.99455,,4895.896883,4170.213775,2255.061777,,
5055.029921,4675.363205,3838.748326,,5026.220299,4715.231299,3155.996635,,4677.713333,4275.610956,3549.390927,,4804.301809,4123.616854,2299.851731,,4890.81634,4447.455578,3210.996905,,
5045.981593,4208.089758,414.0250831,,5015.529801,4641.648765,3564.016907,,4692.329001,4085.912267,2001.59143,,4832.260686,4195.718975,3091.350337,,4896.52527,4282.842441,2267.745939,,
4994.924851,4482.536406,2252.136238,,5018.386268,3933.726739,706.2509661,,4673.152969,3731.274627,-117.8326146,,4815.87523,4240.636857,2204.611731,,4875.58483,4097.043657,1261.29158,,
4979.251453,4337.047378,1779.780995,,5019.624369,4548.33814,2567.731303,,4704.275795,4035.621752,1054.941801,,4825.105551,4010.484483,2601.671055,,4882.064292,4232.872938,2001.031288,,
4979.251453,3902.483467,263.871203,,5049.308669,3936.268188,1620.179442,,4642.70639,4099.756177,2982.603937,,4825.105551,3970.955976,-107.6732443,,4874.093016,3977.365952,1189.745334,,
5004.162987,4313.403383,3330.495637,,5067.637723,4242.075382,2513.019504,,4678.714463,4353.78003,3291.199646,,4825.105551,4088.209055,2245.387089,,4893.905181,4249.366962,2845.025469,,
5004.162987,4388.753575,2976.187733,,5084.278544,3927.334348,438.4278204,,4678.714463,3719.779012,-30.27115326,,4810.222162,3906.269985,2107.467361,,4894.344539,3985.53423,1372.95294,,
4997.846408,4311.390915,1415.222769,,5085.663636,4568.843662,2399.896576,,4651.911355,4334.084387,3686.734905,,4823.682648,3787.696344,1020.841462,,4889.776012,4250.503827,2130.673928,,
5013.568055,4353.726126,2830.34106,,5116.3413,4587.996554,3180.095059,,4664.330701,3915.56018,1675.397043,,4818.64626,3975.19677,1967.147359,,4903.221579,4208.119908,2413.24513,,
5033.206145,3983.002584,2481.530497,,5116.3413,4629.485967,2566.119715,,4664.330701,4036.832753,-135.8331433,,4905.097836,4103.463782,2713.30706,,4929.743996,4188.196271,1906.281032,,
5023.760912,4123.05035,2276.340534,,5168.541883,4414.336225,3040.414529,,4667.189389,4271.958362,2459.414995,,4978.829542,3988.340428,-367.959166,,4959.580431,4199.421341,1852.052723,,
5001.370395,4056.611595,1915.388375,,5168.541883,3908.943475,-181.6530786,,4685.020902,4092.893706,2132.591104,,4913.824622,3516.755711,1943.686344,,4942.189451,3893.801122,1452.503186,,
5033.651493,3942.324865,964.0987169,,5168.541883,4230.193869,2629.676461,,4662.823468,3970.834547,-87.25471331,,4904.675065,4091.226218,-186.5308777,,4942.422977,4058.644875,829.9973967,,
4970.709456,4401.720653,3307.486852,,5168.541883,4326.951913,3148.018968,,4662.823468,4258.853564,2501.495571,,4906.896868,3997.172043,1933.277803,,4927.242919,4246.174543,2722.569798,,
5072.792304,3816.512517,646.8369471,,5116.3413,4103.501563,2471.161916,,4664.599752,4239.096353,1747.194217,,4924.035881,4314.902123,3035.788541,,4944.442309,4118.503139,1975.245405,,
4970.709456,3938.290465,2326.860943,,5131.549739,3503.975371,1901.53577,,4677.506061,4388.365642,2956.369127,,4918.930386,4203.918315,2438.374708,,4924.67391,4008.637448,2405.785137,,
4955.850982,4247.850298,2410.478997,,5046.932815,4008.347871,1355.323649,,4677.506061,3820.778763,578.7627617,,4918.930386,4125.320959,1520.972704,,4899.805061,4050.574473,1466.384528,,
4957.292294,4000.851012,1321.681214,,5110.225641,4391.755868,166.1825718,,4677.506061,3723.375691,1566.412424,,4906.504311,3739.009927,1105.031283,,4912.882077,3963.748125,1039.826873,,
4957.292294,4257.615121,2328.29497,,5090.09392,4170.314486,2489.357604,,4679.282345,3962.686599,1379.961953,,4937.439333,3781.695241,558.9508368,,4916.026973,4043.077862,1689.141341,,
4937.316468,4073.114393,2731.553806,,5140.774977,4192.181003,2382.609456,,4667.910578,3505.949026,-218.8944346,,4953.131717,4466.503505,3327.91004,,4924.783435,4059.436982,2055.794717,,
4965.276881,4130.567889,2986.61159,,5140.774977,4189.302348,2824.087095,,4673.126465,4383.370798,2618.64101,,4921.524091,4256.852048,2792.304519,,4925.175603,4240.023271,2805.411053,,
4935.5651,3802.337688,-1008.624167,,5078.203616,4482.513608,1655.019627,,4664.21188,3754.051765,411.4373431,,4922.558753,4090.618652,3060.129003,,4900.134837,4032.380428,1029.490451,,
4890.218027,3888.398502,2427.712907,,5047.573345,4139.759548,2865.645329,,4673.89058,4055.654831,2098.930486,,4922.905504,3745.733417,1370.991729,,4883.646864,3957.386575,2190.820113,,
4904.683889,3918.919966,1737.142778,,5075.502027,4259.967985,2532.472433,,4687.923201,3982.465387,1143.541452,,4922.905504,3757.353909,285.9499466,,4897.753655,3979.676812,1424.776652,,
4865.822166,4164.365845,2832.90323,,5075.502027,4538.202832,-178.5244487,,4687.923201,4431.375423,3027.989862,,4922.905504,3953.191929,2790.828058,,4888.038224,4271.784007,2118.299175,,
4916.891462,4107.933809,925.7135362,,5074.93082,4196.026615,1256.751868,,4679.630745,3711.203802,302.4259124,,4924.795733,3894.689302,1582.538361,,4899.06219,3977.463382,1016.857419,,
4942.775095,4445.226921,3250.347734,,5026.883407,4081.344911,2290.417686,,4683.974906,4105.783669,940.388724,,4853.108145,3889.727374,2253.505422,,4876.685388,4130.520719,2183.664892,,
4905.803969,4288.582594,2314.925429,,5023.217734,3928.538885,474.1095091,,4683.974906,4007.142969,469.3387133,,4839.783565,3781.175783,944.2954662,,4863.195043,4001.360058,1050.667279,,
4899.592655,3989.748508,2083.260885,,5027.968374,4494.723643,2643.279841,,4697.918078,3972.434586,585.635053,,4846.373219,3890.455942,2704.757633,,4867.963082,4086.84067,2004.233353,,
4902.244572,4084.066568,2563.153291,,5053.093334,4171.792256,2664.824976,,4709.408157,3278.138399,-406.8987721,,4858.66846,3611.560339,1374.321816,,4880.853631,3786.389391,1548.850328,,
4928.302138,3872.914379,1877.066369,,5026.035545,4354.447532,1832.920823,,4713.039831,4126.077238,1341.544441,,4854.060471,3782.558231,1125.65948,,4880.359496,4033.999345,1544.297778,,
4885.873263,4187.519946,2653.275202,,5048.701685,4498.699638,3378.391399,,4669.1895,3478.145767,131.9241246,,4848.787236,4012.058435,2460.307169,,4863.137921,4044.105946,2155.974474,,
4925.678023,3885.603208,707.5749761,,5048.701685,4106.742005,1163.481345,,4653.729274,3677.917193,1225.26697,,4846.373219,3992.695921,2252.221123,,4868.62055,3915.739582,1337.136103,,
4972.387353,3969.14465,1508.120452,,5023.217734,4536.342712,2080.224004,,4646.533155,3526.969931,-1254.164749,,4855.159757,4240.309965,2605.44123,,4874.3245,4068.191815,1234.905234,,
4972.387353,4509.199084,2629.644695,,5024.567184,4052.761423,1946.860397,,4727.303822,4144.437254,1061.4173,,4855.159757,4043.730889,2275.78996,,4894.854529,4187.532163,1978.428088,,
4994.35664,4374.546613,3039.129351,,5019.867893,3790.322883,734.1383154,,4659.61175,4224.400084,77.97817083,,4846.373219,3530.739374,1385.611503,,4880.052375,3980.002239,1309.214335,,
4975.666138,3934.226874,-337.1493155,,5037.504922,4311.169932,2680.752413,,4666.228126,4304.322429,2808.206873,,4846.373219,3986.476351,2378.14899,,4881.443101,4134.048896,1882.48974,,
4987.727075,4313.75151,2534.175463,,5037.504922,4484.244237,1148.560405,,4666.228126,4013.990614,2239.110698,,4905.555918,4416.213016,2548.044161,,4899.25401,4307.049844,2117.472682,,
5016.194195,4318.003699,2775.193337,,5037.504922,4223.947774,2195.558707,,4670.03535,4005.474458,802.2987486,,4944.657485,3806.409639,886.5367529,,4917.097988,4088.458893,1664.896886,,
5020.580547,4349.312877,2843.777597,,5037.504922,4441.159953,2358.938163,,4668.991624,4484.227035,4136.563759,,4944.657485,4048.202362,2777.418808,,4917.933644,4330.725557,3029.174582,,
5020.580547,4639.055683,2634.085237,,5037.504922,4530.330539,2724.525508,,4661.521429,2992.140201,-542.5596791,,4870.232528,4066.868933,1829.186641,,4897.459856,4057.098839,1661.309427,,
5023.029286,4005.414433,1888.410529,,5057.285922,3968.891867,1164.083069,,4662.05124,3818.657418,710.8326574,,4870.232528,3866.242073,315.5080938,,4903.149744,3914.801448,1019.708587,,
5016.220625,4348.896869,1898.409806,,5057.285922,4532.973146,2979.296669,,4681.210569,4038.099375,319.5119936,,4864.943252,4022.426936,2896.868847,,4904.915092,4235.599082,2023.521829,,
5009.556141,4349.188124,2647.958604,,5057.285922,4190.063147,2391.340624,,4658.757931,4021.518282,668.8208042,,4867.712744,4219.986999,2816.549279,,4898.328185,4195.189138,2131.167328,,
5009.556141,4258.902684,3708.362745,,5045.989552,4541.97833,2324.719248,,4658.757931,4304.87287,417.0472084,,4905.656497,3637.755766,1553.892197,,4904.99003,4185.877412,2001.00535,,
4980.960128,3722.890775,1292.025713,,5045.989552,4567.435593,2284.569349,,4653.773018,3468.102587,-894.1040575,,4910.780736,4039.171667,1921.699815,,4897.875858,3949.400155,1151.047705,,
4967.437421,4240.876471,2769.748665,,5045.989552,3870.317381,1047.979187,,4636.672304,3981.666614,880.3112962,,4910.780736,3956.367975,2572.808229,,4890.220003,4012.30711,1817.711844,,
4970.919087,4169.318349,2064.788624,,5073.71545,3864.121839,976.2959075,,4647.116422,4284.18464,3640.429828,,4900.511176,4245.046916,2323.717115,,4898.065534,4140.667936,2251.307869,,
