49195.64618,48173.55913,46760.18618,,49048.98791,48285.59127,47542.98565,,49126.99442,48222.22994,47464.18188,,49215.4257,48237.95077,47257.05188,,49146.76355,48229.83278,47256.1014,,,75.3987105
48935.89715,36926.99639,489.9722607,,48776.5425,38664.26257,-7182.121464,,48789.05175,41975.53512,19226.00516,,48954.3991,44619.76169,18182.3888,,48863.97262,40546.63894,7679.06119,,,
48846.40605,36826.3456,15766.98046,,48729.72137,35557.47904,12220.24618,,47787.25512,40941.9307,16036.13429,,48971.14052,41722.63063,15181.00915,,48583.63077,38762.09649,14801.09252,,,
48846.40605,42977.3797,17129.6687,,48929.26765,41707.24498,21758.37556,,47813.45239,41687.08046,24515.85747,,48954.3991,36510.84471,1286.432181,,48635.8813,40720.63746,16172.58348,,,
48846.40605,39918.26062,19758.66987,,48691.58603,38884.81079,19548.30367,,47955.15646,37548.42594,16951.57766,,48954.3991,37814.51338,14619.48971,,48611.88691,38541.50268,17719.51023,,,
48846.40605,41393.34297,25589.58991,,48691.58603,40271.40177,21121.69115,,47955.15646,43364.31142,13572.65951,,48958.74992,43331.54236,26647.38928,,48612.97462,42090.14963,21732.83246,,,
48979.43377,40591.7779,27347.10628,,48701.23302,42652.78486,20220.20458,,47541.21976,37627.34974,8122.82546,,48954.3991,43627.48867,28044.73701,,48544.07141,41124.85029,20933.71833,,,
48790.39682,45219.30085,36622.57915,,48941.46515,29934.4169,-5891.966433,,47492.96941,41012.77607,20328.39533,,48912.49837,41376.71889,16238.25479,,48534.33244,39385.80318,16824.31571,,,
48522.80386,38447.15499,19299.31857,,48941.46515,39075.53734,7280.360266,,47835.08603,42642.82681,21829.6107,,48912.49837,39370.62082,18442.34411,,48552.96335,39884.03499,16712.90841,,,
48258.32817,45116.276,28504.63645,,48939.31025,37448.08436,3326.136223,,47835.08603,44560.00542,27598.36413,,48933.61699,40781.39784,21070.33929,,48491.58536,41976.44091,20124.86902,,,
48291.74298,42925.57388,27416.03901,,48454.74625,40678.55067,22852.52096,,47951.42655,40772.02969,18122.57719,,48912.49837,40643.29305,23366.55901,,48402.60354,41254.86182,22939.42404,,,
48533.72676,37845.32399,12982.02851,,48462.03944,42990.08031,32385.87319,,47835.08603,43560.80989,32789.87947,,48971.46976,42633.39871,29939.50526,,48450.5805,41757.40323,27024.32161,,,
48533.72676,39816.00936,11837.03709,,48462.03944,40504.77577,5964.222057,,47861.60159,39025.60631,25512.50752,,48962.75779,41292.53706,29957.73945,,48455.03139,40159.73212,18317.87653,,,
48533.72676,42108.95585,25343.37526,,48462.03944,40932.72328,17489.74851,,48023.48972,38643.72469,2076.177409,,48929.05734,36820.86844,-8720.288478,,48487.07831,39626.56806,9047.253176,,,
48401.20192,43073.75492,23667.84614,,48462.03944,43233.38889,23713.99142,,47835.08603,36710.53269,17882.57039,,48888.69407,41851.15003,27449.89194,,48396.75536,41217.20663,23178.57497,,,
48206.68485,41754.09804,25820.70536,,48501.79086,41864.9947,27504.93146,,47835.08603,42718.30328,31470.43787,,48871.11858,40918.89719,25285.58573,,48353.67008,41814.0733,27520.41511,,,
48253.86255,30433.9694,-10435.34436,,48501.79086,41027.90812,16425.47975,,47835.08603,43754.75741,30356.58284,,48820.84227,42255.87115,20506.80288,,48352.89543,39368.12652,14213.38028,,,
48286.83481,40259.19238,17046.85701,,48501.79086,40768.21551,19527.45482,,47835.08603,45072.12326,31065.46409,,48820.84227,41127.75065,6539.242641,,48361.13849,41806.82045,18544.75464,,,
48253.86255,39184.67291,18201.67232,,47839.33926,30296.05852,-16893.74801,,47871.66584,44721.59301,31141.94876,,48820.84227,44158.29457,24022.32977,,48196.42748,39590.15475,14118.05071,,,
48253.86255,36131.05816,19222.45475,,48043.6968,41205.98516,27096.09608,,47967.24115,45485.69653,36048.29848,,48820.84227,40398.77493,23325.69474,,48271.41069,40805.37869,26423.13601,,,
48266.56466,40647.23993,21441.79014,,48043.6968,42708.71242,27759.98074,,48048.11092,42324.98229,28704.97419,,48820.84227,42444.61649,25061.2553,,48294.80366,42031.38778,25742.00009,,,
48110.95213,40410.35409,7600.71386,,47839.33926,36484.41155,14834.71285,,47967.24115,41770.71877,13846.72351,,48820.84227,42540.78869,29607.93495,,48184.5937,40301.56827,16472.52129,,,
48266.56466,45808.0412,33004.69963,,47958.59849,42313.10954,16331.04695,,47967.24115,44073.68563,33047.21171,,48820.84227,39876.64017,16342.47662,,48253.31164,43017.86913,24681.35873,,,
48148.94504,38960.19702,15237.00021,,48017.18144,35038.56065,-7914.090513,,47967.24115,44862.4867,25051.33966,,48820.84227,46320.17724,33350.00882,,48238.55248,41295.3554,16431.06454,,,
48110.95213,41022.90453,30599.82037,,48017.18144,41248.1912,23508.37823,,47967.24115,40386.77257,28317.40351,,48820.84227,44991.7367,36078.94643,,48229.05425,41912.40125,29626.13714,,,
48256.85322,39211.69143,18153.64244,,48017.18144,36861.09625,14343.06015,,47967.24115,40433.97807,19201.33624,,48820.84227,44574.97762,30159.07106,,48265.52952,40270.43584,20464.27747,,,
48256.85322,39136.38048,25814.55605,,48017.18144,41477.5565,15453.8457,,47967.24115,42378.14467,29149.44816,,48820.84227,41898.79741,-2055.127859,,48265.52952,41222.71976,17090.68051,,,
48110.24976,40875.13413,24603.69041,,47973.26686,39043.76096,21886.60184,,47911.03128,37681.72513,13617.74444,,48659.86184,38825.8865,25765.73674,,48163.60243,39106.62668,21468.44336,,,
48213.74756,35353.00825,19396.74035,,48008.61002,33541.47656,3682.740909,,47748.45528,40459.55138,23952.7224,,48659.86184,36378.03351,11953.18909,,48157.66867,36433.01742,14746.34819,,,
48345.09336,39117.82093,17631.1797,,48062.92033,42508.23171,30848.32817,,47849.75728,40719.15415,20266.12201,,48659.86184,41393.47293,21808.56025,,48229.4082,40934.66993,22638.54753,,,
48338.899,43203.96931,19218.40455,,47881.36209,32097.85848,-15174.71484,,47849.75728,39172.49763,11657.83573,,48219.64621,42143.92128,18763.53066,,48072.41615,39154.56168,8616.264026,,,
48386.02949,44711.29337,23323.76135,,47868.62441,38287.73815,20340.05273,,47849.75728,40124.7299,4067.308724,,48634.5909,39839.36539,18049.83263,,48184.75052,40740.7817,16445.23886,,,
48362.16015,39957.63796,12149.25723,,47868.62441,34203.03567,8231.859146,,48105.81907,38698.51014,22544.33062,,48634.63163,43020.69238,21297.3585,,48242.80882,38969.96904,16055.70137,,,
48347.31677,43392.44253,28362.28446,,47679.91013,34785.20938,-2062.584138,,48105.81907,41787.4702,28907.67018,,48637.49322,42444.77908,24766.31288,,48192.6348,40602.4753,19993.42085,,,
48385.71861,44861.6519,23806.64835,,47679.91013,42716.30451,30612.31844,,48085.20564,40158.79831,24275.04465,,48637.49322,40277.07371,17264.474,,48197.0819,42003.45711,23989.62136,,,
48347.31677,42176.66088,29000.14458,,47476.40264,38665.82681,19971.0045,,48085.96934,43017.61814,33609.5812,,48484.33939,41816.08412,21847.10028,,48098.50704,41419.04749,26106.95764,,,
48347.31677,38194.75934,3375.17089,,47476.40264,41861.02571,21483.3294,,48078.48189,43075.09816,26377.55938,,48351.88211,39210.33638,21568.03007,,48063.52085,40585.3049,18201.02244,,,
48340.76664,41119.01376,22282.82647,,47333.59004,39263.27466,21085.98908,,48078.48189,43411.89041,26948.70684,,47891.69806,39572.72007,10100.07514,,47911.13416,40841.72472,20104.39938,,,
47930.25217,40893.25006,16310.95555,,47434.3559,40651.16757,19249.06756,,48279.41613,40496.35672,17379.8249,,48105.17804,41771.81795,20341.51122,,47937.30056,40953.14808,18320.33981,,,
48003.21389,36031.91991,8025.282116,,47434.3559,40469.01487,11772.91473,,48279.41613,42740.14438,20163.69333,,47504.71232,38207.45484,19378.29187,,47805.42456,39362.1335,14835.04551,,,
48001.39723,40533.60087,23845.95473,,47434.3559,41903.07545,31097.91617,,48000.09138,40183.71766,22690.7224,,47987.79781,42785.38169,29473.63732,,47855.91058,41351.44392,26777.05766,,,
48001.39723,39058.72633,21690.42313,,47513.84734,41964.74746,15251.98737,,48000.09138,40966.52309,24098.79143,,47987.79781,39078.55394,23850.70765,,47875.78344,40267.1377,21222.9774,,,
47930.25217,38839.68575,16552.23749,,47608.57357,41738.20644,27804.45258,,48000.09138,41686.85652,21774.95719,,47987.79781,39552.32873,11143.32956,,47881.67873,40454.26936,19318.74421,,,
48110.04566,42346.82896,28769.84992,,47653.13383,40086.01284,20884.81037,,48000.09138,42734.46976,27549.94192,,47987.79781,44006.07012,29152.29179,,47937.76717,42293.34542,26589.2235,,,
47972.00957,41754.072,31647.98397,,47696.08657,41106.25568,10891.66305,,48000.09138,43199.8497,28085.42557,,48079.73164,44166.16514,28347.77351,,47936.97979,42556.58563,24743.21153,,,
47972.00957,40865.76112,13485.23007,,47696.08657,44784.70032,29415.14925,,48050.75041,38507.42547,24391.30006,,48003.85164,32277.14655,8908.946032,,47930.67455,39108.75837,19050.15635,,,
48007.62311,40173.74002,23620.82714,,47696.08657,43926.03692,35637.62371,,48000.09138,39424.7019,8961.849903,,47987.79781,39370.04299,18099.35248,,47922.89972,40723.63046,21579.91331,,,
48008.95084,40805.58762,16547.1178,,47906.59352,36833.78433,8411.685917,,48050.75041,41896.42892,24235.92752,,48085.58676,42483.81723,21277.21308,,48012.97038,40504.90453,17617.98608,,,
48008.95084,41539.30481,13890.25607,,47906.59352,41477.73446,26553.54853,,48000.09138,41545.28136,26920.47017,,47987.79781,41832.02969,19089.86795,,47975.85839,41598.58758,21613.53568,,,
48008.95084,40514.92849,24200.80694,,47764.2229,34296.0425,12317.33979,,47862.94131,39844.28305,31055.61202,,47987.79781,40111.03919,13964.72836,,47905.97821,38691.57331,20384.62178,,,
47973.28632,38697.48427,18856.43325,,47901.85892,40903.00981,15187.91213,,47862.94131,42167.48318,17170.49074,,47681.90153,43139.07993,26947.90646,,47854.99702,41226.7643,19540.68565,,,
47973.28632,40085.1371,21852.49341,,47731.32049,36766.75936,16728.91943,,47862.94131,41475.18158,1616.431724,,47925.81038,40201.62101,22221.79512,,47873.33963,39632.17476,15604.90992,,,
48188.55904,42642.72219,20079.38521,,47703.47741,35999.0792,20244.12632,,47728.76039,43147.06377,31357.98507,,47925.81038,37663.15026,1336.630561,,47886.6518,39863.00386,18254.53179,,,
48188.55904,44070.57452,30889.37419,,47696.08657,37798.31291,17928.29927,,47783.31577,40175.30627,15423.49347,,47862.51102,38606.99501,20078.34545,,47882.6181,40162.79718,21079.8781,,,
48188.55904,37510.99722,8963.167064,,47685.20999,39595.98762,9544.726166,,47628.67647,39004.67527,21007.62999,,47862.51102,41572.44553,28840.14903,,47841.23913,39421.02641,17088.91806,,,
48188.55904,41250.02841,18775.99454,,47093.88493,38601.88261,9207.583662,,47628.67647,43241.5507,30969.25376,,48002.14559,39579.75093,10804.3689,,47728.31651,40668.30316,17439.30022,,,
48187.86524,35197.62425,9408.359818,,47093.88493,38224.64218,20048.73184,,47715.4342,39057.82906,19427.31123,,48002.14559,37376.1563,19381.8071,,47749.83249,37464.06295,17066.5525,,,
48020.22055,42724.70014,19110.65476,,47093.88493,34171.64269,16565.20385,,47628.67647,38755.20633,18692.45886,,48002.14559,42044.05717,20192.98858,,47686.23188,39423.90158,18640.32651,,,
48020.22055,39251.33255,17891.44718,,47093.88493,37036.53132,16169.91971,,47628.67647,38277.05859,19955.76266,,48002.14559,41489.03736,21637.63751,,47686.23188,39013.48996,18913.69176,,,
48020.22055,42223.27784,25919.51036,,46989.5926,36026.9418,4738.835502,,47211.92633,42417.04176,21589.89093,,48005.09827,44597.18122,32471.40858,,47556.70944,41316.11066,21179.91134,,,
47888.37217,38846.43187,22370.85727,,46947.21705,32720.23691,-17087.75298,,47374.87038,40479.79749,16576.74799,,48005.09827,42448.07261,25818.83421,,47553.88947,38623.63472,11919.67162,,,
47449.7596,42889.63514,29979.10755,,46890.37694,37557.6749,10614.11092,,47374.87038,43059.86874,32643.24842,,48279.0819,41595.5599,27381.70456,,47498.5222,41275.68467,25154.54286,,,
47485.37313,41366.90701,23102.2138,,47443.84274,39283.79325,7382.241958,,46972.06351,42916.2763,26176.96908,,48171.39267,40645.80723,23364.0182,,47518.16801,41053.19595,20006.36076,,,
47537.50254,41918.52685,22753.24396,,47443.84274,35934.8337,13663.7919,,46902.40542,35614.62622,5661.386992,,48171.39267,44744.36337,27224.50845,,47513.78584,39553.08754,17325.73282,,,
48042.48547,38932.51185,23548.58036,,47120.02002,38371.17099,13552.49756,,47345.4034,41834.32998,30786.71075,,48082.15955,40332.93151,25615.24728,,47647.51711,39867.73608,23375.75899,,,
48105.16413,42988.85782,28942.81721,,46937.43598,41413.98524,25621.8609,,47403.8406,41098.05439,-5140.20361,,48089.83435,40088.17332,32387.68362,,47634.06876,41397.26769,20453.03953,,,
48141.48716,44057.3062,35197.63432,,46937.43598,42307.26007,20726.28711,,47344.75692,42169.51423,31815.93877,,48002.14559,39113.19216,16599.53908,,47606.45641,41911.81816,26084.84982,,,
48130.40441,39599.5105,-1101.366086,,46937.43598,34225.72572,-6447.249395,,47473.14285,38879.96588,14711.71485,,48018.24097,39887.77379,16598.5032,,47639.80605,38148.24397,5940.400644,,,
48130.40441,41372.67867,27506.74575,,46833.71,36613.39131,13593.60256,,47473.14285,38657.11158,16328.49652,,48002.14559,43359.02883,24487.02967,,47609.85071,40000.5526,20478.96862,,,
48130.40441,41229.01899,21270.49346,,46861.1522,41462.01281,23899.09851,,47500.81071,38194.23306,9574.259145,,47946.81163,37945.09942,16062.24733,,47609.79474,39707.59107,17701.52461,,,
48213.84209,39351.96229,3659.266945,,47026.47493,40119.00361,5016.832727,,47437.18106,42773.52878,27461.63026,,47946.81163,42657.50151,27691.8095,,47656.07743,41225.49905,15957.38486,,,
48251.92559,41892.18268,26302.58524,,47118.31978,40142.6376,15386.48047,,47437.18106,42141.30354,17374.11553,,47946.81163,40695.49103,22729.92995,,47688.55952,41217.90371,20448.2778,,,
48416.36791,45763.22537,28861.20919,,47118.31978,40052.60887,18444.99329,,47468.43114,40495.81444,28542.94067,,48248.29359,42307.09069,19867.65356,,47812.85311,42154.68484,23929.19918,,,
48416.36791,44800.38211,30801.37228,,47118.31978,44318.08783,29801.94576,,47557.56005,41668.07566,16256.86658,,48207.66306,36668.33312,5203.209885,,47824.9777,41863.71968,20515.84862,,,
48321.11963,42748.71941,22521.34756,,47283.0549,42700.79667,22946.33655,,47551.50666,38916.20055,22491.57808,,47913.49258,36824.24492,11370.06824,,47767.29344,40297.49039,19832.33261,,,
48398.68886,43505.77393,29210.30887,,47468.48823,40960.45767,22890.93271,,47465.42054,43846.68179,30108.99619,,47906.1811,40519.57826,18243.55464,,47809.69469,42208.12291,25113.4481,,,
48251.92559,44534.89598,30299.86969,,47106.25802,40585.90126,11780.35448,,47465.42054,43446.34374,24036.88602,,47906.1811,39187.46292,-15999.03433,,47682.44631,41938.65097,12529.51897,,,
48311.32938,42319.28238,24954.83035,,47245.24657,35953.37342,-22856.84717,,47470.25704,38211.63847,22238.56428,,47967.43166,41963.20756,29798.82566,,47748.56616,39611.87546,13533.84328,,,
48311.32938,41301.92167,23064.24782,,47021.23852,35561.11704,1050.521879,,47470.25704,37323.30698,13692.57967,,47967.43166,39750.72565,22393.01192,,47692.56415,38484.26783,15050.09032,,,
48311.32938,43359.80042,22259.02256,,47021.23852,41440.06697,28737.52308,,47392.03852,39148.88398,4601.918611,,47967.43166,45815.13246,35619.8264,,47673.00952,42440.97096,22804.57266,,,
48311.32938,43470.61521,29129.61625,,46931.5932,38878.39235,18982.77883,,47473.44579,39744.30743,20831.66866,,48016.80552,41925.97339,26739.13567,,47683.29347,41004.82209,23920.79985,,,
48311.32938,43592.16873,32674.04684,,46949.98484,35717.03121,-5079.975948,,46674.68553,32587.09649,4573.57095,,48104.32488,43338.88913,30098.30976,,47510.08116,38808.79639,15566.4879,,,
48010.71813,40668.78992,22461.68026,,47034.8528,38974.50106,14290.17475,,46703.2369,38443.59673,13706.35453,,47966.48075,35631.76914,-20517.72051,,47428.82214,38429.66421,7485.122259,,,
48010.71813,37055.19748,8655.34869,,47034.8528,40950.54026,16775.88946,,47452.6274,42096.85483,23420.62136,,48006.98835,39626.35331,15641.63768,,47626.29667,39932.23647,16123.3743,,,
48010.71813,40826.17559,30067.47908,,47034.8528,39557.46484,20341.20981,,47323.74301,38656.62059,12652.47903,,48006.98835,41692.85448,13914.67818,,47594.07557,40183.27888,19243.96152,,,
48010.71813,41620.56984,15326.36875,,47304.68395,40068.41062,14865.64541,,47303.36318,39432.6773,5431.111757,,48006.98835,39573.53055,21649.5089,,47656.4384,40173.79708,14318.1587,,,
47832.39154,41104.90322,23277.99448,,47397.27774,39318.79748,12361.66837,,47392.74287,37783.19155,17927.7974,,48006.98835,39342.91045,23699.69723,,47657.35013,39387.45067,19316.78937,,,
47980.63478,41900.93641,13058.91362,,47573.72373,41275.60925,15570.08117,,47392.74287,42713.57524,21344.57845,,47977.87647,43707.58021,32712.15985,,47731.24446,42399.42528,20671.43327,,,
47980.63478,41295.96884,10224.08971,,47573.72373,39265.72612,18446.25167,,47392.74287,38070.34666,15655.93005,,47977.87647,40097.00027,17474.64795,,47731.24446,39682.26047,15450.22984,,,
47980.63478,37288.59573,122.4044603,,47573.72373,43109.92519,27367.59987,,47077.52834,32555.94249,8236.77422,,47862.06304,42191.5482,22095.1211,,47623.48747,38786.5029,14455.47491,,,
47980.63478,40334.63921,18040.69039,,47419.13386,39747.93638,24777.03676,,46847.29055,39900.01601,24631.32563,,47862.06304,40511.72589,23822.16599,,47527.28056,40123.57937,22817.80469,,,
47980.63478,42496.12883,27268.86647,,47050.34701,39747.43067,17877.94093,,46732.16847,34238.94483,9409.23105,,47702.96676,32641.73931,-28985.28143,,47366.52926,37281.06091,6392.689255,,,
47980.63478,43137.72105,21610.27039,,47050.34701,35523.8396,9364.409189,,47030.30202,34734.91073,12615.71756,,47702.96676,40546.78882,25786.15267,,47441.06264,38485.81505,17344.13745,,,
47651.52119,35928.04215,14042.45625,,47042.36375,38864.46237,15307.14244,,46730.36774,37626.46316,18797.72456,,47631.7098,37950.44324,15742.1322,,47263.99062,37592.35273,15972.36386,,,
47676.12185,43646.79676,27828.54682,,47163.26828,37604.48728,20722.32166,,46122.43913,39523.64541,20504.43659,,47965.29369,36856.66421,14937.81765,,47231.78074,39407.89842,20998.28068,,,
47774.19259,44323.79831,29283.32779,,47133.2457,40595.77482,25346.13245,,46122.43913,37155.30759,13333.24681,,47678.09537,40908.14232,22888.2879,,47176.9932,40745.75576,22712.74874,,,
47715.16191,40893.12646,22427.24241,,47133.2457,33681.2361,12753.16254,,46122.43913,33447.96962,11967.29813,,47933.19175,39875.93065,12594.28188,,47226.00962,36974.56571,14935.49624,,,
47743.3212,39594.1156,30379.62701,,47068.23545,40524.4637,7588.419956,,46122.43913,33356.03033,-6851.182345,,47678.09537,40331.82054,7761.350847,,47153.02279,38451.60754,9719.553866,,,
47715.16191,41243.00014,24178.68087,,47068.23545,37857.79267,12110.10012,,46541.49511,40028.18143,18902.10144,,47678.09537,44873.9802,30486.94143,,47250.74696,41000.73861,21419.45597,,,
47715.16191,38753.43532,23446.58866,,47109.0466,39095.41997,15910.40102,,46134.82692,36679.98451,11145.48333,,47920.76724,42814.82476,27568.3255,,47219.95067,39335.91614,19517.69963,,,
47692.69487,43332.90247,29139.75219,,47177.83519,37805.43912,11907.2712,,46094.45713,39252.46891,9188.873259,,47843.84269,40371.29006,14313.20448,,47202.20747,40190.52514,16137.27528,,,
47540.52117,40335.0538,13350.72075,,47177.83519,35422.76353,10606.52376,,46199.64316,35816.60891,-7273.227232,,47877.42865,42622.15657,31073.93005,,47198.85704,38549.1457,11939.48683,,,
47540.52117,41072.16685,23088.56267,,47122.40848,40497.48512,15779.35387,,46129.30255,36857.83125,19267.33544,,47787.30377,41851.91002,5696.467533,,47144.88399,40069.84831,15957.92988,,,
47685.33212,43038.03872,17617.7366,,47125.19376,39444.85931,21783.46247,,46129.30255,40020.91634,20410.00102,,47747.27587,40195.84326,20202.06952,,47171.77608,40674.91441,20003.3174,,,
47617.76342,41068.85612,24974.72629,,47138.30184,31292.98241,-3423.584947,,46558.87931,40607.74609,18375.93642,,47688.73022,41724.37009,23964.80684,,47250.9187,38673.48868,15972.97115,,,
47617.76342,44172.60345,27637.48359,,47121.1872,40770.83449,11268.01721,,46715.98629,39164.36391,10828.41932,,47745.81868,40619.06047,20971.63016,,47300.1889,41181.71558,17676.38757,,,
47540.52117,41877.13813,20137.98016,,46923.96987,36557.44335,6509.902332,,46958.7287,39869.57381,14391.7097,,47794.18551,40114.65679,13629.21927,,47304.35131,39604.70302,13667.20286,,,
47540.52117,40575.20167,17616.25865,,47121.1872,36917.6829,11545.20508,,46958.7287,40496.85686,22323.51975,,47848.45987,41525.89794,8406.407958,,47367.22424,39878.90984,14972.84786,,,
47540.52117,39754.87523,15019.29024,,47119.88845,40246.76502,23655.91198,,47163.97939,41476.44544,26027.83339,,48124.72227,39805.26562,26626.91101,,47487.27782,40320.83783,22832.48665,,,
47540.52117,35510.07775,24617.77441,,47119.88845,32686.52157,13888.5414,,47225.34968,38302.95637,11106.2828,,47967.8221,43300.56422,28424.52221,,47463.39535,37450.02998,19509.28021,,,
47540.52117,40704.95645,2047.603824,,47137.54203,40070.4162,14640.53911,,47189.74071,40052.57306,16832.42781,,47745.81868,40950.25538,29037.9146,,47403.40565,40444.55027,15639.62134,,,
47562.83298,42530.68346,22821.44442,,47321.95733,41342.99565,11962.77403,,47176.82773,35932.46245,10966.01804,,47745.81868,42412.76697,23824.81963,,47451.85918,40554.72713,17393.76403,,,
47546.39428,41284.49118,26751.70975,,47496.36691,41383.88383,26405.05569,,47037.12,29891.09235,-4957.702875,,47763.14549,37995.51657,16555.939,,47460.75667,37638.74598,16188.75039,,,
47720.89416,40185.68698,26842.18768,,47051.96703,40836.40775,27921.46441,,47037.12,40220.67707,9523.883842,,47772.27023,37054.84738,10154.54879,,47395.56285,39574.4048,18610.52118,,,
47597.96034,38729.20261,13501.26514,,47157.08653,38697.62631,9929.338963,,47119.19202,37838.2858,13788.91758,,47845.57379,39657.81593,19754.26336,,47429.95317,38730.73266,14243.44626,,,
47597.96034,41287.73756,9944.024125,,47273.09281,36000.25526,11416.70083,,47010.45597,39881.48443,20074.70478,,47845.57379,38210.75796,23360.73079,,47431.77073,38845.0588,16199.04013,,,
47611.48246,41164.13511,19310.83211,,47347.73634,39234.58387,21562.62376,,47037.54732,35380.46477,231.9997109,,47615.82167,34645.52223,7696.234066,,47403.14695,37606.1765,12200.42241,,,
47611.48246,42455.97415,22913.02363,,46972.6742,39294.03098,24381.37339,,46713.68794,37684.80732,12816.12952,,47808.73398,41257.57512,17923.2193,,47276.64464,40173.09689,19508.43646,,,
47611.48246,39382.79701,23244.33784,,47169.16932,38095.05616,9877.453171,,46847.59686,42229.70743,23287.19065,,47626.95885,39415.60054,19949.54494,,47313.80187,39780.79029,19089.63165,,,
47588.42419,41912.25481,14805.02167,,47169.16932,41043.41459,22793.02758,,46867.27451,41010.44331,13149.01836,,47637.1664,40024.44938,26056.10886,,47315.5086,40997.64052,19200.79412,,,
47530.26549,36642.97609,18842.58636,,47202.12628,40998.98807,25448.22066,,46747.68495,39354.68196,20287.15944,,47637.1664,40532.69888,19717.91771,,47279.31078,39382.33625,21073.97104,,,
47537.17094,37554.18277,19857.25998,,47119.02685,39988.65781,19594.08003,,47073.40413,38584.43261,23460.38997,,47637.1664,39758.87784,21892.53458,,47341.69208,38971.53776,21201.06614,,,
47556.34031,36957.60441,23246.00881,,47119.02685,37020.5463,5121.52181,,46890.41302,40273.64014,19102.51135,,47566.10793,34866.38883,6701.094779,,47282.97203,37279.54492,13542.78418,,,
47630.49048,37726.29089,5530.107368,,47119.02685,40836.47855,640.7631454,,46890.41302,42562.40568,24777.68677,,47061.94639,35790.43696,5537.915674,,47175.46919,39228.90302,9121.618238,,,
47630.49048,40088.30411,13883.60991,,47101.88243,41114.97795,26248.56197,,46890.41302,43193.24708,25694.72805,,47290.83158,39199.2862,4854.391145,,47228.40438,40898.95384,17670.32277,,,
47630.49048,41951.30984,17597.3748,,47120.03401,39536.08226,16714.01034,,46991.33155,45458.00712,36663.31584,,47255.89929,34262.118,9834.768079,,47249.43883,40301.87931,20202.36726,,,
47898.91628,42417.19137,24361.62271,,47120.03401,41584.99295,25644.27723,,46991.33155,44427.21291,32838.35292,,47187.44996,38568.96663,22617.25035,,47299.43295,41749.59097,26365.3758,,,
47944.44492,41858.02027,16422.77216,,47134.67245,40334.7878,13984.0387,,47022.34112,43090.48549,33002.77473,,47596.42249,39041.37742,2455.914153,,47424.47025,41081.16774,16466.37494,,,
47755.59372,39945.35809,25579.75848,,47365.17654,42635.88115,33729.52537,,47039.13121,43121.64292,18636.00772,,47207.23031,41705.41687,10419.78453,,47341.78295,41852.07476,22091.26903,,,
47636.91229,37283.18051,17152.46667,,47249.47912,38811.02135,23233.02742,,46939.86653,35288.27039,15695.8994,,47140.258,38373.06499,24914.62234,,47241.62899,37438.88431,20249.00396,,,
47636.91229,39824.59703,20067.48976,,47249.47912,36036.05462,15820.29916,,46813.77038,37222.37891,11110.58308,,47140.258,40178.93995,25181.86206,,47210.10495,38315.49263,18045.05852,,,
47636.91229,39416.69268,18461.53113,,47367.45327,39881.13171,18209.52193,,46729.09574,39990.56389,6983.253041,,47129.37765,37694.69262,9878.140992,,47215.70974,39245.77023,13383.11177,,,
47636.91229,39949.53673,22999.85751,,47482.25994,43865.53563,34041.87946,,46729.09574,36347.74152,7977.642611,,47346.61193,41613.64246,21333.93231,,47298.71997,40444.11409,21588.32797,,,
47636.91229,38087.90808,15559.15966,,47482.25994,44321.84193,28445.56601,,46911.94184,36586.73917,12731.42102,,47346.61193,40984.47477,23549.06661,,47344.4315,39995.24099,20071.30333,,,
47709.19893,41262.35523,13140.50491,,47482.25994,38082.50521,15689.14072,,46911.94184,36612.90907,-8681.659127,,47346.61193,32797.59389,2556.287068,,47362.50316,37188.84085,5676.068393,,,
47709.19893,39266.6806,20030.10045,,47516.36505,33092.06087,708.9785,,46911.94184,39412.52632,25419.59647,,47346.61193,37510.55396,13938.0697,,47371.02944,37320.45544,15024.18628,,,
47728.87563,41748.00577,24045.27962,,47932.16266,39991.83135,16382.49819,,46267.39079,38028.16276,8822.033674,,47291.44752,38311.64076,16643.44459,,47304.96915,39519.91016,16473.31402,,,
47636.91229,42387.31902,21308.45969,,47850.86223,41420.76183,29262.04339,,46318.23134,36220.31895,4581.208072,,47211.94931,39141.70424,18616.83383,,47254.48879,39792.52601,18442.13625,,,
47636.91229,41824.84586,21808.81778,,47850.86223,38918.04922,4695.605727,,46623.06345,35643.22233,12753.89589,,47372.29199,39714.80745,16107.45853,,47370.78249,39025.23122,13841.44448,,,
47702.77123,42117.49566,29099.58842,,47851.00727,41276.29608,26721.27881,,46406.13796,36977.93879,6984.008111,,47292.16071,41288.19358,26952.66581,,47313.01929,40414.98103,22439.38529,,,
47733.93959,40724.0489,26702.07568,,47850.86223,39064.75307,22025.94685,,46340.67607,30441.37433,-4877.526058,,47292.16071,41381.83924,16199.62316,,47304.40965,37903.00388,15012.52991,,,
47742.59525,41683.33299,21881.27785,,48115.04145,37888.97133,13254.59489,,46290.32308,40925.2248,16696.5748,,47340.38771,41566.22119,24310.22864,,47372.08687,40515.93758,19035.66905,,,
47838.51482,39998.67688,10143.09847,,48115.04145,36762.74702,14314.05715,,46581.25013,43030.79109,27796.26719,,47335.93232,38640.26029,11313.42415,,47467.68468,39608.11882,15891.71174,,,
47838.51482,41754.09618,26738.13182,,47992.99817,38042.73792,10786.07342,,46581.25013,40126.09267,24935.01879,,47310.9522,40832.26334,20349.90031,,47430.92883,40188.79753,20702.28108,,,
47807.34646,39212.286,18111.63954,,47657.1491,38549.83291,22807.73387,,46457.5796,34615.43896,11371.00192,,47176.86308,38461.12935,14227.10206,,47274.73456,37709.6718,16629.36935,,,
47807.34646,38720.412,16362.08533,,47609.96882,42284.9745,25391.78093,,46399.17057,42731.42258,21134.47839,,47070.17937,44269.18377,27060.70772,,47221.6663,42001.49821,22487.26309,,,
47605.21176,40938.96346,24106.81368,,47609.96882,43319.65298,23602.55374,,46598.41262,31575.0082,13630.38555,,47098.38101,41196.07637,22417.19353,,47227.99355,39257.42525,20939.23663,,,
47482.98647,40681.16216,26367.56707,,47609.96882,38630.51724,12912.3431,,45870.53272,38231.74452,9224.109107,,46932.28991,38506.72589,5740.000891,,46973.94448,39012.53745,13561.00504,,,
47525.37792,43004.44551,17660.18415,,47583.84355,40948.33156,14206.30886,,45889.09991,39025.36918,15933.12654,,46932.28991,33975.24649,19311.07012,,46982.65282,39238.34819,16777.67242,,,
47482.98647,38826.69388,26472.53036,,47583.84355,42294.28386,20182.94937,,45705.10532,39182.38987,21320.25874,,46831.10214,39915.40393,20235.80848,,46900.75937,40054.69288,22052.88674,,,
47456.95072,36648.85904,10930.45652,,47583.84355,38840.73879,23903.60777,,46117.18998,42872.13801,16460.21722,,46831.10214,41993.31708,18962.0261,,46997.2716,40088.76323,17564.0769,,,
47456.95072,39674.9304,17132.55689,,47586.61807,41098.49341,16574.71413,,46113.85565,37755.71729,12480.66374,,46716.06222,42863.71476,31393.14705,,46968.37166,40348.21397,19395.27045,,,
47409.11965,38718.60849,14531.15481,,47660.85459,43589.15442,21333.12064,,46032.37318,39065.06642,9991.868916,,46664.9545,41418.06674,27291.39362,,46941.82548,40697.72402,18286.8845,,,
47409.11965,42162.69238,31114.05278,,47626.97902,41215.59344,774.0274548,,45975.74028,39251.71875,18512.17687,,46655.10674,41908.17065,29550.02365,,46916.73642,41134.5438,19987.57019,,,
47409.11965,41823.69887,18802.25165,,47569.2627,39296.42414,19807.38585,,45715.35698,41327.53329,23377.24664,,46357.58696,37588.53444,-2129.466607,,46762.83157,40009.04768,14964.35438,,,
47464.02496,36913.78792,13827.60084,,47569.2627,41027.89413,23473.17567,,45648.36344,39248.7197,22348.43186,,46410.85712,42449.86148,23874.89932,,46773.12705,39910.06581,20881.02692,,,
47659.59666,41157.72683,26967.70357,,47570.38435,40104.62992,4184.28986,,46006.4515,37147.73452,10303.02302,,46807.37834,36694.12847,17630.42911,,47010.95271,38776.05494,14771.36139,,,
47539.1966,41926.99978,27929.95483,,47439.41458,38940.24727,8754.65356,,46323.67409,37858.52831,14017.71641,,46673.18901,37343.82551,19769.53178,,46993.86857,39017.40022,17617.96415,,,
47478.17885,43926.03186,34697.92428,,47439.41458,35090.78865,20175.43078,,46323.67409,37039.11688,14608.63105,,46824.72166,39093.32877,16980.76123,,47016.49729,38787.31654,21615.68684,,,
47525.6383,40570.92447,23249.5758,,47613.26246,38906.03722,4311.549202,,46323.67409,34138.6297,14872.5015,,46422.43112,37852.35523,15750.01766,,46971.25149,37866.98665,14545.91104,,,
47525.6383,41131.6907,16529.06941,,47613.26246,39586.69608,15428.39242,,46323.67409,40719.55737,23983.28161,,46511.24459,38325.7164,14782.90114,,46993.45486,39940.91514,17680.91114,,,
47464.02496,41221.85587,25505.735,,47672.63528,40127.7261,26068.3781,,46323.67409,40516.71611,29294.47831,,46708.44893,40177.84363,22459.26564,,47042.19582,40511.03543,25831.96426,,,
47528.18959,36246.58795,512.630853,,47534.80815,43306.87262,23282.06903,,46775.1062,41595.7577,27138.65524,,46988.46384,38724.76165,6354.382022,,47206.64194,39968.49498,14321.93429,,,
47463.49363,41502.15665,27763.87576,,47658.64009,40621.675,21679.97071,,46385.49047,39337.29758,15574.00759,,47128.34005,42532.75333,22034.53123,,47158.99106,40998.47064,21763.09632,,,
47486.96595,41603.32965,22671.03524,,47613.26246,38611.24734,18102.02516,,46615.11927,39401.92393,5781.244783,,47128.34005,42594.52373,27413.85767,,47210.92193,40552.75616,18492.04071,,,
47463.49363,40064.6405,23532.52929,,47469.669,39478.41854,19153.45994,,46419.05546,38478.92192,22686.98812,,47199.80165,36838.68759,6077.930439,,47138.00494,38715.16714,17862.72695,,,
47463.49363,36188.78316,16101.92031,,47301.94676,37400.89602,13251.14571,,46282.51252,39574.7946,18199.45297,,46988.46384,33171.4093,-7209.86688,,47009.10419,36583.97077,10085.66303,,,
47463.49363,36271.41325,-2067.890842,,47301.94676,37294.47404,8037.139861,,46431.57466,42361.42622,17652.76059,,46988.46384,42454.64374,25994.32053,,47046.36972,39595.48931,12404.08253,,,
47255.33924,32942.88794,-784.4472143,,47370.18458,40009.61464,19517.08493,,46598.83118,39521.28105,21039.29009,,46988.46384,34727.69308,9562.358368,,47053.20471,36800.36918,12333.57154,,,
47306.79977,39187.96194,18397.39536,,47370.18458,37282.63317,9001.022006,,46598.83118,39726.43399,24302.71655,,47107.04079,35474.56114,2683.429993,,47095.71408,37917.89756,13596.14098,,,
47254.64935,43203.73195,23458.81096,,47370.18458,40395.95138,20713.44189,,46598.83118,41098.0722,10423.81263,,47107.04079,40223.36884,8975.843942,,47082.67647,41230.28109,15892.97735,,,
47554.56163,38403.32263,-2149.034572,,47344.45268,41823.38265,18020.15044,,46598.83118,36625.03343,-3716.485374,,47107.04079,39459.32211,27041.03096,,47151.22157,39077.76521,9798.915364,,,
47306.79977,40499.97258,18525.09544,,47382.69222,42863.2592,27730.51982,,46571.07529,34130.16162,1224.059788,,47296.00053,42216.51491,22827.83073,,47139.14195,39927.47708,17576.87645,,,
47171.8706,35633.97141,15556.7892,,47134.67269,32644.46466,4869.522701,,46598.83118,39729.55823,17219.72877,,47107.04079,42743.42428,34100.77015,,47003.10381,37687.85465,17936.7027,,,
47162.78082,36158.61403,8241.284614,,47412.41519,38572.22855,12957.73616,,46471.35486,43221.01659,30716.57924,,47105.19511,42876.55177,14535.80673,,47037.93649,40207.10274,16612.85169,,,
46955.37174,40065.01597,28497.52254,,47076.92373,33949.43891,-8168.281555,,46516.10971,37409.02357,9261.105219,,46975.68463,41175.63313,18847.39062,,46881.02245,38149.7779,12109.43421,,,
47044.43292,42861.84016,29843.41023,,46843.22823,42502.21789,24990.7491,,46319.04883,31505.40122,2689.075299,,46975.68463,36150.36409,10844.13292,,46795.59865,38254.95584,17091.84189,,,
47134.79245,38757.3173,25152.93079,,46960.83084,40041.14421,24826.07795,,46350.86534,39151.10269,2492.184037,,47197.79494,40283.57256,24550.05281,,46911.07089,39558.28419,19255.3114,,,
47242.61173,36802.48744,5921.21849,,47046.87564,38817.53167,11242.73444,,46601.84275,39096.27139,9921.530104,,47197.79494,39763.70772,25905.17335,,47022.28127,38619.99956,13247.6641,,,
47242.61173,42749.46469,23654.19767,,47191.24868,40855.09806,28488.48709,,46350.86534,36450.81791,8038.134964,,47197.79494,30897.53123,1786.240513,,46995.63017,37738.22797,15491.76506,,,
47253.2772,41171.06058,15047.89908,,47148.40386,40880.16791,6289.70102,,46350.86534,36399.49405,13955.10937,,47256.75382,43023.69501,28333.50742,,47002.32505,40368.60439,15906.55422,,,
47121.27396,40111.84845,24104.25219,,47167.47745,41081.89328,8830.516947,,46350.86534,41185.01514,25298.70084,,47256.75382,42606.3355,27446.7055,,46974.09264,41246.27309,21420.04387,,,
47234.86229,39633.11006,15212.3829,,47140.89803,35865.18138,-3330.268322,,46350.86534,38351.37904,9127.443174,,47512.87366,34739.5589,12912.02289,,47059.87483,37147.30734,8480.395159,,,
47199.25159,37184.01958,9473.042959,,47042.9203,40070.0242,24650.5507,,46388.1903,37517.96989,13161.18489,,47256.75382,38642.41074,22399.9494,,46971.779,38353.6061,17421.18199,,,
46980.69671,38608.87918,20167.95976,,46861.87174,41928.79249,26240.79658,,46388.1903,37691.9504,17243.80512,,47256.75382,38785.30342,13176.91625,,46871.87814,39253.73137,19207.36943,,,
46981.18958,41544.87054,29216.67216,,46795.37539,37478.31966,16364.33973,,46442.04288,40739.83986,25886.80594,,47375.17287,40071.92598,10979.93874,,46898.44518,39958.73901,20611.93914,,,
46930.19865,39723.45562,10408.47147,,46938.62891,33424.52724,-3311.848237,,46503.47526,41981.73861,25678.60247,,47197.79494,34604.49961,8030.278202,,46892.52444,37433.55527,10201.37598,,,
46736.02026,40543.76251,29635.53525,,46776.67325,39545.81102,16806.69272,,46343.11823,31051.84092,-6191.57372,,47193.46709,36299.7618,21551.93728,,46762.31971,36860.29406,15450.64788,,,
46436.13017,36436.52557,15628.47888,,47172.91399,43836.83494,15923.40005,,46315.4174,34205.25861,19958.63937,,47158.10178,37399.5115,-4139.363913,,46770.64083,37969.53266,11842.7886,,,
46460.24662,39260.12082,14584.2595,,46891.52062,40281.39429,22419.63595,,46259.39613,38573.43093,20862.48768,,47287.90284,37729.40149,11761.37365,,46724.76655,38961.08688,17406.9392,,,
46626.49629,38357.65537,15443.32573,,46785.41822,37432.80749,23384.17947,,46466.63201,41010.63832,17098.54923,,47418.35598,36721.19704,17395.55273,,46824.22563,38380.57456,18330.40179,,,
46626.49629,40817.35663,25154.86837,,46664.34031,39051.69495,11459.79322,,46480.76785,39632.89458,21814.15541,,47525.85525,42322.71394,19388.24522,,46824.36492,40456.16502,19454.26556,,,
46318.54528,37157.28733,19676.30394,,47069.82429,36562.18863,18246.04933,,46558.33114,36608.4897,12665.64928,,47216.31796,36342.15979,18057.23416,,46790.75467,36667.53136,17161.30918,,,
46153.71102,41261.44681,20725.58409,,47069.82429,36635.52583,1278.460026,,46558.33114,40276.98821,11822.43829,,47361.53253,41456.0616,26741.39379,,46785.84975,39907.50561,15141.96905,,,
46819.07311,41733.58815,25844.29324,,46808.70942,40889.74533,9895.523059,,46695.46072,41209.60554,21233.09344,,47361.53253,40139.91038,22246.1152,,46921.19394,40993.21235,19804.75623,,,
46819.07311,38046.84311,23814.6494,,47037.27919,43106.92806,25219.83549,,46466.63201,38384.46005,14068.39143,,47323.94617,43502.6634,36563.21393,,46911.73262,40760.22366,24916.52256,,,
46339.50754,33370.60161,3586.672644,,46927.48995,37810.26944,-223.7282837,,46746.02093,38478.71755,23511.23814,,47365.15253,36223.20851,12376.99427,,46844.54274,36470.69928,9812.794191,,,
46231.00469,34206.91978,9792.531817,,46927.48995,41673.38556,26485.57968,,46859.53722,39809.45038,5360.338073,,47323.94617,40295.96666,21696.69427,,46835.49451,38996.4306,15833.78596,,,
46111.21111,37089.96501,9865.537651,,47024.24497,38832.23767,8980.992419,,46998.07804,35917.79702,13629.26685,,47323.94617,35518.17913,1925.064505,,46864.37008,36839.54471,8600.215357,,,
46056.4327,34697.20141,-11663.89016,,47024.24497,41176.98997,28974.77834,,46859.53722,36128.31963,-3141.192802,,47308.36554,32387.69513,8684.479153,,46812.14511,36097.55153,5713.543632,,536.8327873,
