3229.699955,393.2012192,-2970.975014,,2509.578262,156.1679037,-2767.975343,,3074.927293,554.2075113,-1900.44009,,3350.440075,378.7517077,-2481.590583,,3646.056606,528.5244628,-2829.036429,,2645.03456,490.8212493,-2950.834733,,2932.637143,467.6581307,-3190.492141,,2932.598474,366.8397073,-3016.404896,,3460.888228,341.3957917,-2763.760945,,2872.416497,462.1155324,-2034.316518,,6758.15,413.9683216,-2690.582669
3710.712036,2582.723934,70.37719079,,2943.492181,2004.508247,-2226.699107,,3742.409705,2439.17191,-575.4217478,,3389.81703,2136.480864,-2208.711651,,3511.768146,2084.31019,-1820.371683,,3150.357789,1955.172471,-1823.663574,,3198.034718,2071.621803,-440.4247096,,3257.69268,2047.184268,-754.0952938,,3732.790429,2311.841226,-1256.418537,,3457.474915,2118.291618,-1342.827,,,2175.130653,-1237.825611
3761.536025,3015.945748,-892.4281765,,3056.653876,2261.677178,272.2096045,,3896.801619,3100.385713,-411.7440533,,3572.57526,2984.803375,-1440.740975,,3812.500796,2636.407415,-826.2353593,,4113.003387,2635.875104,811.6909278,,3393.271144,2732.316429,-457.5565962,,3612.945837,2424.102627,-815.6345738,,3575.266083,2764.955098,-278.7381907,,3647.129757,2715.382529,-722.7215516,,,2727.185122,-476.1898944
3908.268293,3201.383398,-969.2511173,,3331.270816,2577.905742,601.0044276,,4085.587336,3126.491965,-881.4044123,,3637.977106,3076.360887,793.4524134,,3844.155217,2846.200879,-274.8011205,,4288.13312,3001.869312,-3090.39915,,3602.975082,2827.574376,-1228.290244,,3456.499456,2685.198664,-461.4703629,,3580.5892,2992.38935,-734.9933102,,4044.188281,3277.495167,-1529.22912,,,2961.286974,-777.5381997
4276.805267,3488.383676,1088.218083,,3490.778492,2732.280086,-1939.289976,,4058.494938,3260.613178,-1699.659309,,3804.194674,2903.571769,858.3857495,,3434.954908,2895.4177,-1186.691716,,4148.232862,3209.316332,546.6177768,,3868.145095,2884.59508,-863.9305102,,3833.044619,3134.634047,-47.35148525,,3952.67411,3023.825453,-1967.574299,,4255.056694,3361.188524,-1018.118283,,,3089.382584,-622.939397
4010.28434,3447.079748,395.244496,,3586.160539,2621.543117,493.9473857,,4323.431042,3579.141775,2197.19237,,3804.690689,3071.779263,437.9588331,,3678.513789,2708.422459,-920.8699987,,4051.289575,3450.273522,-204.9000162,,3916.032127,2955.871496,874.8751451,,4030.410643,3376.180347,181.8981261,,3969.795593,3011.749681,322.9519593,,4174.757334,3162.604462,-117.408966,,,3138.464587,366.0889334
4290.775238,3377.45872,-1452.524842,,3463.688986,2640.965678,742.1640651,,4212.751827,3600.308213,1251.720249,,3985.93716,3106.699932,181.1729915,,3656.954522,2851.604536,-248.2300191,,3985.482268,3305.256268,345.3843009,,4040.904581,3417.898991,1515.555903,,4038.694719,3347.235896,1637.844705,,3793.882005,3157.746369,1717.069941,,4421.748552,3271.422085,-2083.963189,,,3207.659669,360.6194106
4440.617624,3740.560939,-549.2562999,,3608.904272,2764.955307,-37.94476566,,4406.544855,3715.252332,944.9146044,,3627.842718,2918.410728,-908.8414773,,3725.246165,2932.225067,511.266485,,4575.581563,3496.703363,433.3595707,,4124.903699,3466.420333,-601.271422,,4303.984253,3291.926993,1320.118961,,4110.571482,3147.981252,207.2167328,,4502.266609,3712.929518,1382.498459,,,3318.736583,270.2060848
4377.627205,3475.40432,475.0231204,,3789.743306,2792.818639,311.8480331,,4361.966071,3869.981038,2702.282518,,3916.337258,3230.484138,-1565.027122,,3759.970337,2978.457933,-467.4960201,,4196.248071,3543.572253,746.735204,,4241.072523,3626.47363,117.2838702,,4211.755087,3569.258524,1145.50655,,3652.185188,3029.8966,101.608477,,4532.462154,3611.619109,-491.2818701,,,3372.796618,307.6482761
4486.717286,3736.116836,1227.182596,,3892.516794,3244.16113,1619.472507,,4519.012414,3809.109521,-983.5320237,,4147.671289,3234.586703,272.2113574,,3779.773384,3087.853911,-1166.828984,,4488.657117,3731.619587,950.7801643,,4363.690426,3605.406873,1569.811687,,4386.880453,3725.315251,1912.776906,,3608.301707,2968.712941,319.3705767,,4605.349059,3543.542941,-242.0944346,,,3468.642569,547.9150351
4491.324629,3755.35544,-552.7525341,,4324.852243,3291.221034,943.3554153,,4424.835466,3885.77646,2899.323662,,4230.442052,3437.584455,-843.836442,,4078.653613,2943.760914,-972.7595863,,4734.700887,3900.840578,1432.459144,,4299.414178,3792.008983,153.2545674,,4338.234626,3933.868059,1942.433,,3829.571726,3207.862681,-375.7657384,,4524.569473,3701.09983,344.8150796,,,3584.937843,497.0526568
4606.864855,4004.18721,776.0582903,,4606.604022,3802.560254,174.3615986,,4651.630726,3988.939002,891.1969514,,4229.620677,3482.696545,1381.636966,,4117.688273,3334.636691,486.7154002,,4441.225133,3901.126944,1397.782614,,4428.661183,3936.786732,2341.920388,,4404.460709,3870.974229,856.7939926,,4093.293678,3533.844495,913.1200514,,4716.448244,3840.243203,466.0910735,,,3769.59953,968.5677326
4666.237658,4061.710404,1613.363152,,4705.325509,3918.035046,1701.439311,,5000.037019,4239.65178,2523.060793,,4196.10445,3523.758419,1012.637854,,4138.581344,3359.753924,0.004099119,,4729.282143,3872.081779,1072.078985,,4500.069148,3774.130067,637.1891862,,4425.385722,3826.980953,639.6207044,,4565.425609,3407.93092,949.8114088,,4459.948886,3539.97842,75.54782911,,,3752.401171,1022.475332
4526.143746,4031.943707,282.6754452,,4429.603449,3880.126008,435.5689142,,4809.493598,4263.770086,2710.510681,,4213.561049,3627.303274,978.2288277,,4314.749041,3434.605524,-880.9607223,,4883.465056,3979.050348,1935.049156,,4312.7784,3752.808266,794.2005774,,4701.752932,3958.184337,1931.657382,,4330.168322,3651.703488,1188.684682,,4591.546724,3698.38156,-900.4388462,,,3827.78766,847.5176097
4786.415245,4011.500332,291.9203056,,4792.959256,4103.634451,74.92115223,,4754.015548,4285.323254,1161.156619,,4334.388764,3694.299911,17.94843781,,4336.428912,3488.736458,-777.453902,,5094.191574,4282.117381,2272.05461,,4426.569735,3868.768887,393.5089323,,4716.754293,4195.338392,2159.355732,,4522.234993,3799.219969,2839.375836,,4679.78735,3806.9274,775.3528139,,,3953.586643,920.8140536
4616.563036,4000.064691,955.7287485,,4986.190869,4235.621002,2610.378385,,4775.619416,4370.919338,2637.692025,,4468.023068,3895.7964,1632.90513,,4410.668696,3673.759391,1612.919182,,5124.719406,4486.828152,2530.247613,,4620.830668,3915.222222,-238.7090485,,4826.232067,4321.454096,2547.776347,,4782.932452,3911.904555,95.06033448,,4510.781686,3938.142948,-538.7160521,,,4074.97128,1384.528266
4694.535232,4147.60295,2753.92592,,5104.577117,4297.864963,-232.1064214,,4777.802597,4258.872666,3000.591552,,4413.151548,3701.488524,233.0467183,,4268.170736,3658.903316,762.0492701,,5249.787107,4719.612686,2332.311159,,4531.207185,4000.26576,-0.739636773,,4783.456262,4531.758445,2514.376059,,4986.973062,4190.64925,1870.455371,,4759.363075,4084.436158,1664.699081,,,4159.145472,1489.860907
4650.005025,4198.532428,1824.565615,,5147.229943,4639.1113,3447.245462,,4865.732198,4436.429179,2693.492446,,4648.251943,3766.154784,1303.000568,,4529.679859,3813.114512,1232.737555,,5310.234257,4755.617827,1990.670641,,4690.153338,3981.66948,1258.557741,,4866.123261,4508.418369,2062.812937,,4872.259555,4474.68187,3559.971895,,4690.290022,4129.889951,1433.251023,,,4270.36197,2080.630588
4737.236996,4065.676309,1075.224187,,5051.124212,4664.391249,3219.909477,,4895.428916,4540.209178,3001.33685,,4681.955176,3958.419906,1801.227279,,4678.016081,3751.516044,613.0749945,,5351.59646,4961.837687,3110.883994,,4648.129786,4060.386661,2369.524843,,4965.871472,4542.56377,3176.130143,,4931.980878,4549.828538,1803.598385,,5034.043227,4276.17343,2165.532208,,,4337.100277,2233.644236
4839.726754,4162.29847,260.6483929,,5146.910779,4497.513946,1723.95291,,5053.399059,4651.319644,2955.272763,,4832.745906,4227.087057,1929.289698,,4898.495484,3889.940696,764.4542743,,5430.635889,5043.745424,3337.595355,,4755.450513,4256.33659,2456.515905,,4938.557196,4641.587897,4085.977064,,5060.890575,4670.213013,3707.696388,,5031.605556,4422.218991,2200.51177,,,4446.226173,2342.191452
4960.546139,4210.930616,833.9044553,,5116.638072,4675.801778,2093.431979,,5054.682089,4785.369128,3317.610632,,4811.746849,4296.07338,2409.902783,,4907.081655,3965.719449,318.9113998,,5336.124615,5102.596671,3357.802403,,4816.29849,4412.248009,2490.477787,,4978.334297,4656.406569,3060.687122,,5017.631646,4693.615568,2404.089598,,5099.873518,4533.219874,1838.404176,,,4533.198104,2212.522233
4845.33468,4304.461725,967.8884866,,5265.911931,4736.782524,3076.723375,,5179.575085,4792.343256,3268.032014,,4764.283517,4271.785599,1121.922437,,4627.667232,4068.135753,1715.805685,,5414.837371,5084.140918,3664.451222,,4832.906787,4399.030503,1521.844536,,4966.73994,4668.177617,3403.054753,,5096.114803,4798.264148,3966.239038,,5215.805774,4551.439566,1473.333776,,,4567.456161,2417.929532
4949.540669,4373.428799,1260.953073,,5178.436567,4766.130273,1921.092774,,5166.05029,4856.869664,3903.333542,,4724.239745,4294.717603,2464.573198,,4751.880414,4252.738867,2324.341602,,5390.312064,4984.710904,3615.447461,,4829.119204,4420.050951,2306.466495,,4976.281276,4736.352633,3433.227507,,5123.624503,4717.018518,2698.20451,,5152.924,4714.307703,2685.632056,,,4611.632592,2661.327222
4935.857022,4393.943199,2024.943458,,5136.315798,4642.724236,2252.149547,,5097.519381,4753.216136,2473.413594,,4791.482852,4225.974277,2312.507253,,4748.877242,4294.735378,3490.834206,,5404.066782,5035.998522,3380.644234,,4872.897234,4539.090917,3121.206705,,4958.278513,4712.319186,3389.343674,,4977.36292,4753.203735,3786.580392,,5182.590444,4782.534265,2530.701357,,,4613.373985,2876.232442
4920.869771,4471.586857,2016.469603,,5221.627267,4698.61794,2547.199933,,5113.352314,4861.047453,2812.533575,,4922.124145,4377.952389,2866.101971,,4866.85836,4199.25939,2355.964358,,5410.106371,5084.41163,2823.581835,,4846.677959,4517.124406,3047.849557,,5347.860704,4778.874528,2741.193348,,5060.249441,4798.027226,2782.111521,,5286.649447,4730.348614,2502.325386,,,4651.725043,2649.533109
4945.970022,4516.807243,3098.608516,,5194.475322,4667.978348,2435.455722,,5186.676078,4910.832128,3981.132406,,5014.418791,4517.753169,2938.998583,,4914.346109,4213.939517,1201.885759,,5477.081239,5293.602463,4737.636796,,4864.672853,4489.448123,2225.086181,,5426.887663,4944.646725,2823.266846,,5180.057931,4818.636259,3464.940609,,5362.039339,4756.890227,2852.7944,,,4713.05342,2975.980582
5130.050046,4781.127767,2659.812232,,5185.628576,4664.032183,2983.912137,,5156.323187,4973.326644,4142.177468,,4957.117725,4606.598065,3880.815692,,4806.12677,4170.634643,3557.222397,,5519.426584,5273.133342,4376.243806,,5006.814127,4539.500963,2114.643308,,5525.198588,5078.571395,3371.249552,,5166.508597,4920.196097,3194.545157,,5438.238632,4907.512608,3402.78193,,,4791.463371,3368.340368
5217.080381,4690.576147,2287.659209,,5033.469579,4732.505665,3360.060483,,5221.977683,4901.359003,3805.419317,,5112.576361,4751.071711,4024.07762,,4943.979468,4366.471058,2525.186688,,5519.403609,5245.79796,3644.975502,,5035.451024,4634.828686,3280.901087,,5574.4169,5288.705971,4000.694394,,5435.834144,4821.835273,3285.504888,,5432.963891,4964.111977,2727.64582,,,4839.726345,3294.212501
5149.574231,4785.473351,3077.815131,,5116.955023,4620.039595,2510.297432,,5231.478743,4945.577301,3809.716359,,5191.359652,4991.04239,4061.382861,,4898.02343,4502.39946,2884.714039,,5551.438155,5226.536293,3906.731661,,4962.175077,4599.868456,2988.267234,,5485.906104,5091.413883,3689.458034,,5540.273819,5074.844747,3934.432119,,5446.435975,4938.043779,2949.052416,,,4877.523926,3381.186729
5163.962089,4820.036528,2830.104788,,5071.233748,4613.871435,1819.336141,,5321.163414,4973.306713,3679.72298,,5251.796548,5064.101883,4370.388686,,5001.545862,4539.442942,2492.530809,,5543.963863,5293.252297,4097.854925,,5032.945124,4655.056614,3300.494291,,5581.311872,5142.991458,3851.039636,,5689.036194,5221.428373,3629.346964,,5620.444301,5174.543873,3170.427986,,,4949.803212,3324.12472
5241.157152,4717.732359,2842.221379,,5098.12888,4710.62084,2846.03506,,5265.324961,4976.961106,3209.614329,,5554.266314,5120.653993,4573.437318,,5007.697929,4570.608203,2912.039169,,5530.198769,5314.585661,4212.962497,,4986.206274,4613.307164,2273.627301,,5593.022644,5213.016661,3532.844688,,5739.903902,5282.590868,3497.572241,,5692.634843,5119.550119,2764.953815,,,4963.962697,3266.53078
5170.772261,4725.124064,3180.024592,,5244.168503,4712.6043,3143.847394,,5203.59918,4969.123274,3949.527196,,5677.219043,5124.710245,4185.821228,,5249.772412,4657.176494,2952.941251,,5622.22846,5263.288511,3536.193863,,5028.326035,4665.672262,2205.344863,,5658.110396,5279.406345,3905.148349,,5692.376134,5326.141717,3980.565948,,5668.600347,5293.639946,4116.573198,,,5001.688716,3515.598788
5284.890622,4744.727746,2092.088712,,5271.139505,4730.795627,2756.150656,,5270.31801,4971.247667,4229.585263,,5728.163636,5333.725017,4030.942296,,5209.972612,4854.010456,2809.627073,,5523.406232,5268.343078,3618.867069,,5077.436292,4686.382113,2461.848074,,5673.097146,5315.493546,4158.544064,,5899.913274,5401.794596,3214.990615,,5821.250855,5335.148475,3123.119214,,,5064.166832,3249.576304
5373.434104,4788.504465,1617.738925,,5158.35736,4740.93579,2380.033508,,5262.895647,5008.28243,3005.734481,,6129.137506,5627.211748,4618.54263,,5169.594389,4822.968863,2807.878386,,5491.007068,5314.709665,3993.325174,,4993.842012,4690.005608,2433.297712,,5754.710816,5353.737106,4082.867481,,5834.30027,5480.662679,4062.332138,,5691.360561,5427.03134,4465.908652,,,5125.404969,3346.765909
5401.278443,4940.288622,3466.041242,,5193.666794,4726.420514,2516.316004,,5281.546057,5048.53194,4341.70345,,6183.596536,5749.378345,4874.759367,,5341.282447,5042.601427,3553.602479,,5552.078327,5274.809502,4263.614933,,5076.014395,4657.77123,2073.232456,,5906.85156,5458.852215,3872.714185,,5876.637741,5467.219793,3567.400522,,5701.330361,5387.535451,3376.273731,,,5175.340904,3590.565837
5320.377526,4993.678325,4004.295245,,5320.079344,4783.378667,3007.028649,,5257.871064,5048.464009,3601.710247,,6218.690409,5959.68073,4236.885334,,5304.041738,4917.145911,3902.655768,,5559.046239,5340.428189,3580.275194,,5140.306221,4687.220135,2367.941753,,5854.132437,5455.145479,3943.721753,,5855.677555,5411.812449,3515.090167,,5753.192305,5421.038438,3329.484648,,,5201.799233,3548.908876
5310.952715,5022.355378,3123.361302,,5286.310528,4942.14074,3826.746981,,5360.496189,5075.448609,3166.724904,,6226.67693,5969.873325,4293.233579,,5332.594535,4894.71238,2808.548732,,5654.102315,5415.776412,4508.691532,,5084.034563,4669.192395,2777.540487,,5921.130652,5605.053478,4253.988692,,5861.502908,5577.169457,3971.562871,,5714.953444,5414.994203,4014.901735,,,5258.671638,3674.530082
5393.348117,5081.183561,3811.306134,,5391.387649,4732.31717,2145.08252,,5282.771844,5096.982523,4416.499432,,6309.358217,6022.226285,4809.709788,,5281.485406,4929.212582,3007.8553,,5619.338499,5420.891838,4394.782964,,5164.221086,4772.445207,3190.928141,,5974.508693,5588.228999,4680.40253,,5865.005523,5615.640046,4492.832385,,5720.454285,5347.278849,3400.529567,,,5260.640706,3834.992876
5390.242421,5076.122321,3879.372602,,5300.507676,4755.031742,1111.942877,,5424.48496,5186.319685,4489.219145,,6358.056356,6088.329183,4442.139542,,5427.837665,4985.154453,3989.304818,,5585.137116,5375.077372,4327.693384,,5141.765175,4815.37649,3534.003631,,5850.283342,5583.875728,3892.183168,,5906.143115,5574.376656,3938.446579,,5715.929873,5438.897565,3416.698689,,,5287.85612,3702.100443
5491.787777,5042.026122,3225.641049,,5485.545212,4856.097465,2725.227966,,5378.129099,5165.187533,3826.876219,,6373.027821,6122.000067,4742.518306,,5464.759496,5121.674674,3247.284158,,5652.130852,5454.277584,4511.246101,,5177.120264,4758.817641,2323.93693,,5876.74019,5611.409513,3953.297465,,5879.766746,5532.44715,4032.262164,,5710.622443,5354.991776,4119.841509,,,5301.892952,3670.813187
5456.887829,5010.462864,3432.91183,,5397.735453,4888.998193,2204.596364,,5481.870617,5205.01951,4432.010958,,6434.751213,6159.879651,4171.209758,,5472.693611,5202.59882,4103.211774,,5621.718679,5356.909461,4274.46762,,5288.181045,4786.5058,3540.672162,,5828.292485,5595.406016,3774.592544,,5882.380459,5525.963421,3620.242609,,5753.826996,5416.865022,3959.948031,,,5314.860876,3751.386365
5481.865902,5145.655149,3911.227743,,5375.830964,4902.688214,2710.422084,,5455.916127,5206.646029,4180.430828,,6419.213675,6164.114042,4409.871937,,5491.780547,5312.497276,4464.384313,,5607.425853,5375.819739,4196.590249,,5348.250377,4821.034393,3081.717466,,5880.372815,5644.039222,4099.982724,,5923.291428,5520.02692,4132.108275,,5805.778405,5348.804354,3814.0276,,,5344.132534,3900.076322
5418.50563,5089.938403,3858.202053,,5514.188087,4975.625618,3001.42835,,5374.41933,5204.869526,4650.848535,,6487.994571,6158.295509,4491.508313,,5528.8786,5276.136677,4374.643593,,5613.160052,5385.210537,4195.748429,,5187.525498,4754.757753,3410.480751,,5941.797212,5606.006928,4525.57742,,6016.015129,5698.059788,4038.058014,,5861.453822,5506.700435,4222.3806,,,5365.560117,4076.887606
5544.931408,5084.394958,2855.082961,,5331.164747,4942.08024,2965.011092,,5476.940261,5205.142379,4393.571161,,6507.665207,6200.483987,4732.751939,,5522.094707,5294.898466,3962.974763,,5603.904209,5411.119049,4459.22264,,5339.510083,5017.392753,4245.558294,,5865.181191,5640.496012,4462.436777,,5985.419012,5717.037351,4487.008207,,5855.73835,5536.847077,3949.174789,,,5404.989227,4051.279262
5582.775963,5125.426328,3328.84975,,5547.129207,5144.260027,4252.013736,,5463.434553,5235.269411,4126.579482,,6479.440919,6290.517051,5168.191111,,5494.315698,5274.629138,3996.934635,,5652.983365,5451.447187,4096.155294,,5394.509771,5097.757044,4004.111598,,5847.486256,5552.90393,4019.675132,,6022.361241,5717.67496,4402.640143,,5888.322897,5555.706601,4180.109784,,,5444.559168,4157.526067
5563.849685,5158.624195,3419.324097,,5510.17724,5186.447142,2960.58227,,5489.894252,5239.218193,4358.032955,,6538.753368,6353.191053,5217.398084,,5596.194876,5324.425227,4408.706363,,5651.841957,5454.597178,3996.452916,,5390.816213,5077.621702,3505.290464,,5930.754662,5624.834674,4480.778359,,6047.918369,5834.627969,4747.878003,,5959.079306,5694.912962,4120.294345,,,5494.85003,4121.473786
5609.56563,5312.447607,3863.559788,,5590.216685,5249.85226,3683.918966,,5556.317762,5276.29256,4076.514882,,6461.590964,6226.286483,4890.946015,,5543.423358,5349.995956,4072.869679,,5647.964987,5445.394771,4247.524187,,5407.617919,5063.852516,4128.687462,,5922.917814,5630.255291,4192.820329,,6073.564436,5805.795002,4365.225675,,5954.002254,5790.390354,4492.373169,,,5515.05628,4201.444015
5627.227033,5210.12315,3877.350082,,5499.149988,5229.991256,3790.719507,,5500.272868,5301.649083,4529.15193,,6498.025837,6333.746664,5027.266916,,5567.322847,5423.927623,4476.64006,,5658.158986,5479.149539,3992.124923,,5463.866811,5174.142669,3882.279037,,5963.764544,5742.52561,4714.302048,,6093.017153,5798.700998,4547.395299,,5964.244862,5780.845022,4941.264166,,,5547.480161,4377.849397
5548.766257,5233.59419,3439.525125,,5612.607523,5219.532402,4305.557435,,5506.695791,5341.34597,4462.366235,,6529.425874,6271.443882,4611.241728,,5813.73163,5426.023024,4156.301234,,5692.882915,5476.765405,4486.033667,,5506.487663,5184.647558,3226.069418,,5967.658242,5703.254668,4194.775523,,6055.637798,5803.42238,4748.309487,,6007.63941,5802.870743,4568.049475,,,5546.290022,4219.822933
5681.534107,5248.121221,3601.006226,,5606.688981,5264.084629,3817.160621,,5621.091114,5347.93228,4225.225693,,6567.147448,6286.892741,4937.512699,,5863.087549,5416.41456,4279.492576,,5666.972305,5421.898163,4069.954776,,5464.381945,5200.835786,4105.754663,,5983.125015,5673.329648,4304.934517,,6113.324763,5801.529595,4076.725296,,5991.152113,5825.384609,4725.242278,,,5548.642323,4214.300934
5639.133654,5277.839577,4090.032284,,5606.743642,5234.314836,3861.385541,,5541.339532,5323.370355,4217.508364,,6600.603562,6347.69434,5354.265113,,6009.285632,5622.133202,3897.352578,,5673.365668,5498.333171,4473.319361,,5471.590402,5183.497893,3829.130487,,5987.027118,5687.124367,4500.889059,,6192.462318,5935.403552,4539.692384,,5984.620424,5807.058576,4772.843684,,,5591.676987,4353.641886
5593.066622,5269.340431,3435.22816,,5610.064785,5228.712939,3683.338342,,5705.770789,5385.181265,4448.795611,,6572.950602,6406.284197,5247.803773,,6052.04589,5612.038768,3487.460461,,5691.17348,5455.851821,3749.026532,,5487.341678,5170.547819,2973.691249,,5965.381662,5797.696189,4218.187068,,6253.83313,5924.157965,4693.027194,,6010.21154,5837.926277,4692.863525,,,5608.773767,4062.942191
5620.391499,5360.423452,3962.646204,,5677.479004,5208.418142,2964.653905,,5826.883457,5453.864995,4304.647722,,6645.339044,6322.912808,4863.950769,,6123.730139,5855.629364,4183.660554,,5689.260205,5464.914405,4148.974178,,5465.320021,5155.512498,3732.982585,,6048.381638,5794.606863,4872.064257,,6297.266972,5903.507861,4284.389726,,6025.270676,5851.560781,4728.276064,,,5637.135117,4204.624596
5609.487734,5300.200145,3658.684671,,5653.606568,5379.781176,4646.935023,,5922.175932,5628.904477,4775.086413,,6591.672369,6354.850592,4829.942861,,6124.081742,5860.722743,4512.304411,,5708.691682,5486.572632,4503.025135,,5450.713838,5191.68723,3679.844194,,5998.340221,5782.266869,4811.871873,,6164.982414,5908.443139,4540.939465,,6059.402771,5859.148498,4779.209588,,,5675.25775,4473.784364
5685.86468,5291.167068,3553.436956,,5781.683167,5336.991768,3545.151331,,5918.191949,5704.300723,4614.809859,,6576.836664,6359.654455,4927.440478,,6096.641228,5852.815869,4010.146611,,5777.819766,5427.983785,3818.368431,,5478.365771,5162.788887,3236.53353,,6087.785476,5792.577969,4569.96162,,6253.051138,5956.501261,4830.786983,,5959.987601,5830.712658,4731.256115,,,5671.549444,4183.789191
5696.743697,5373.467333,4119.073207,,5705.254457,5410.992696,4455.077769,,6097.920387,5716.405296,4671.181529,,6585.600835,6438.71895,5511.859687,,6126.281007,5832.227115,4634.309645,,5710.824645,5523.85354,4763.818525,,5551.567327,5230.758921,4499.202794,,6091.918594,5824.239402,4632.793354,,6296.985485,5965.898048,4393.901856,,6014.690303,5827.413948,4301.820485,,,5714.397525,4598.303885
5710.666842,5401.067042,4680.979663,,5877.991352,5563.987529,4573.330455,,6065.101249,5807.172034,4357.721373,,6606.793009,6391.047609,5125.402309,,6188.894587,5913.918441,4517.290589,,5758.995437,5548.191605,4362.851221,,5539.226366,5256.863904,4348.504441,,6110.98516,5842.881338,4553.191987,,6331.574761,5933.024787,4547.006779,,6050.246495,5887.773865,4486.933623,,,5754.592815,4555.321244
5688.504434,5305.609311,3721.379839,,5814.80029,5588.053679,4664.964227,,6101.323094,5814.662628,4592.286507,,6587.850771,6404.811991,4956.817951,,6280.468798,5891.023845,4435.064891,,5747.337061,5572.513453,4271.648421,,5572.023644,5283.775179,4529.432196,,6078.012673,5835.759575,4655.472186,,6295.949738,5957.030373,4699.115574,,6045.650795,5811.503069,4395.707035,,,5746.47431,4492.188883
5656.253117,5406.701677,4272.268438,,5859.668952,5613.081281,4119.887505,,6122.733085,5822.077966,4796.924023,,6605.88372,6470.188244,5068.437071,,6267.439848,5989.66677,4847.999068,,5723.938734,5518.621182,4446.505181,,5621.328768,5279.598472,4687.464995,,6164.160704,5913.440478,4712.321873,,6361.288989,6067.404185,4889.782503,,6118.258263,5817.139716,4418.61507,,,5789.791997,4626.020573
5673.704546,5391.665724,4106.255709,,5879.794758,5525.083051,4253.8984,,6121.881406,5840.671853,4764.125534,,6608.872541,6365.812722,5075.827232,,6236.08448,6014.939903,4355.704338,,5800.639794,5555.466549,4509.789926,,5479.454541,5273.8908,4062.859052,,6120.874695,5885.415909,4583.53254,,6341.903194,6092.26689,4245.615989,,6009.090384,5854.676015,5077.329698,,,5779.988942,4503.493842
5682.083738,5334.11148,4239.174579,,5856.226731,5616.571225,4545.673986,,6133.199573,5865.212683,4724.315751,,6626.552085,6358.115306,4755.889679,,6253.961161,6006.634456,4630.496846,,5767.02836,5585.618821,4508.737775,,5526.466317,5258.177232,4336.699622,,6116.083812,5953.578699,4573.505418,,6401.966093,6099.926006,4480.876662,,6073.329469,5838.759851,4410.558135,,,5791.670576,4520.592845
5720.769345,5388.743091,3536.608205,,5850.573867,5694.758187,4549.942178,,6118.459459,5875.121448,4707.114289,,6583.969623,6376.924337,4687.797415,,6244.966875,6076.74033,5078.286222,,5756.973788,5566.317518,4150.798266,,5517.199302,5297.283094,4674.621007,,6142.414979,5937.538687,5143.315904,,6350.4826,6026.538136,4691.79976,,6095.40733,5899.415607,4976.158493,,,5813.938043,4619.644174
5767.996958,5487.791071,4388.49813,,5828.495629,5582.710844,4085.848503,,6121.437011,5818.250092,4557.370513,,6595.179806,6400.193596,5120.718335,,6259.539238,6038.179666,4433.725621,,5760.533902,5565.687822,4549.944826,,5543.018994,5282.463724,4195.625778,,6098.392114,5924.825781,4059.218083,,6399.204542,6110.255299,4628.488578,,6122.271192,5933.424173,4933.67174,,,5814.378207,4495.311011
5830.975754,5452.579569,3790.281127,,5905.897664,5657.949298,4238.944208,,6219.207672,5812.08019,4230.13082,,6602.405349,6413.484766,5126.323515,,6291.443315,6043.582124,4973.899348,,5773.761688,5604.627091,4801.100125,,5570.473176,5245.763033,4284.989401,,6138.92426,5922.548321,4690.85003,,6453.798943,6161.75542,4634.855122,,6140.52138,5945.473355,4844.681771,,,5825.984317,4561.605547
5837.874557,5529.815955,4222.674868,,5883.370469,5620.851643,4561.496975,,6223.335644,5891.325592,4712.170439,,6640.444615,6412.728941,5326.719033,,6242.093759,5955.067982,4692.177145,,5785.806661,5568.363925,4954.750998,,5505.604596,5279.651066,4066.290285,,6190.624341,5934.615935,4456.252953,,6430.458801,6181.248041,4984.697926,,6154.399748,5944.224429,4959.847389,,,5831.789351,4693.707801
5883.427315,5476.635105,3919.02678,,5898.554187,5727.372002,4626.657637,,6325.632567,5874.844004,4684.508303,,6637.228197,6376.980825,4949.427941,,6256.352569,6042.013014,4674.646425,,5823.73696,5607.663208,4529.238386,,5628.616246,5363.028673,4066.357288,,6219.806779,5947.011286,4554.828149,,6443.025896,6167.505154,4646.033529,,6119.423268,5968.24898,4782.715668,,,5855.130225,4543.344011
5867.535326,5616.956417,4302.347747,,5972.585906,5731.242491,4376.82605,,6331.170432,5981.475611,4404.395652,,6652.244389,6439.878244,4990.619113,,6295.170125,6024.539116,5030.986,,5812.200997,5591.743293,5011.615377,,5617.555893,5430.949433,3997.364035,,6164.810563,6027.160301,5258.339138,,6489.818111,6179.13734,4923.160559,,6129.307436,5972.531723,5085.145567,,,5899.561397,4738.079924
5933.551499,5704.271384,4749.791676,,6005.814309,5741.87458,4572.751406,,6357.673109,6060.805598,4831.29777,,6635.64676,6346.267701,5019.214837,,6307.372655,6083.6701,4737.179221,,5757.480441,5574.066638,4111.081314,,5599.735164,5402.586555,4542.681887,,6195.498512,6005.374592,4934.095096,,6460.283335,6165.595602,4823.032991,,6169.719653,5997.441941,4804.170928,,,5908.195469,4712.529713
5948.201973,5614.465608,3996.077439,,6034.344987,5803.818226,4849.243758,,6376.189384,6062.645705,4838.033048,,6641.540899,6463.440863,5262.158377,,6285.065587,6117.174175,4973.760411,,5840.205576,5606.885868,4871.466939,,5634.474863,5410.114526,4338.455742,,6202.893839,6011.51817,4905.790931,,6473.728549,6163.088885,4606.783832,,6173.217477,6014.626461,5082.850183,,,5926.777849,4772.462066
5881.071751,5634.666027,4340.161214,,6104.303812,5831.849945,4731.938419,,6398.572482,6121.236088,4698.377432,,6662.368772,6458.725308,5143.908022,,6300.770969,6125.459682,4990.97907,,5786.464092,5607.857183,4648.658826,,5659.697761,5406.611425,4264.678878,,6225.936243,6050.434826,5047.814951,,6437.867896,6156.002231,5033.666889,,6178.147973,6039.621261,5228.396825,,,5943.246398,4812.858053
5905.64709,5639.075066,4213.745912,,6161.189323,5972.426699,4523.932461,,6349.870502,6072.708143,4942.221704,,6670.540155,6447.397102,4895.221731,,6339.586557,6138.422405,4880.200151,,5812.083621,5629.491993,4641.014223,,5637.725844,5450.074472,4875.329371,,6248.870691,6041.513952,4945.302765,,6545.150335,6265.068881,5195.15963,,6198.124833,6101.404845,5244.153003,,,5975.758356,4835.628095
5987.028301,5672.723432,4681.901826,,6167.840095,5889.318683,4652.189341,,6341.84113,6049.097097,4438.031806,,6716.163311,6434.655715,5073.14936,,6362.939264,6152.291608,4843.201636,,5876.019136,5640.335168,4223.853731,,5686.413818,5397.359563,3927.453156,,6249.643383,6050.934586,4591.314349,,6484.707231,6245.556437,5217.85502,,6212.26053,6081.687316,5081.825374,,,5961.39596,4673.07756
5975.999586,5775.225517,4672.200712,,6113.069008,5930.393022,4646.504294,,6371.912128,6081.538999,4913.060997,,6719.862166,6495.147122,5136.582517,,6393.60806,6142.75837,4874.165297,,5867.809441,5671.796781,4645.278068,,5689.358602,5410.50831,4493.951129,,6271.971658,6065.208243,4792.54278,,6532.870732,6235.127753,4889.681703,,6224.949473,6111.484032,4758.334971,,,5991.918815,4782.230247
6019.168057,5801.096614,4338.188939,,6162.625217,5940.901497,4919.583802,,6363.092305,6079.943351,4936.217371,,6718.444769,6491.902403,5020.99177,,6379.105908,6142.095387,5058.533249,,5900.933672,5729.406004,5190.163558,,5677.159032,5456.482607,4481.549342,,6238.713276,6044.41905,4967.347359,,6523.589213,6292.315475,5045.136161,,6224.121705,6096.642227,5186.604422,,,6007.520462,4914.431597
6044.895834,5827.489908,4970.96934,,6577.120856,6018.735738,4932.857093,,6428.820675,6041.86607,4609.71426,,6716.872163,6588.109823,5373.341594,,6399.604092,6142.981947,4982.520567,,5922.266319,5741.044092,4524.736032,,5773.816799,5463.565467,4537.539599,,6376.305552,6037.519117,4932.645105,,6548.715463,6268.818657,4928.153121,,6235.050169,6135.803738,5126.513703,,,6026.593456,4891.899041
6042.046532,5878.131252,4768.877038,,6551.406512,6096.933761,5082.535324,,6385.175455,6169.345471,5009.928291,,6727.847025,6620.858558,5574.083066,,6361.512949,6190.376802,5082.498633,,5915.196725,5747.246648,4805.499112,,6025.930614,5642.21684,4572.409136,,6408.028387,6102.564443,5078.675072,,6537.054931,6301.075981,4407.823687,,6302.75,6157.150159,5103.078266,,,6090.589992,4948.540763
6069.552773,5828.773525,4708.351536,,6633.214152,6385.233214,5036.338354,,6466.199396,6204.311988,5037.098754,,6712.867225,6549.381571,5550.975346,,6384.637293,6183.681072,5101.686004,,5961.444207,5813.505876,4974.257088,,5993.511398,5734.78011,4358.629217,,6392.282015,6259.169855,5128.894598,,6540.166627,6321.017506,5180.841941,,6302.75,6128.968273,5103.078266,,,6140.882299,5018.01511
6054.595684,5863.69992,5006.925516,,6633.90966,6321.219387,4683.285386,,6444.491297,6185.677665,4792.593811,,6728.277665,6543.991444,5139.11519,,6372.787361,6222.806776,4747.859953,,5962.480606,5790.485488,4841.242317,,5962.028536,5693.295234,4613.548288,,6455.498432,6220.887188,5335.31191,,6556.680879,6307.12225,4828.863391,,6302.75,6216.121235,5341.75,,,6136.530659,4933.049576
6058.434584,5832.824719,4663.099651,,6674.063581,6364.194487,4643.609755,,6456.326161,6196.208968,4992.917649,,6726.185974,6579.908305,5173.480772,,6422.934577,6136.519389,4424.214616,,5949.694479,5803.600996,5045.641462,,6003.343757,5721.125778,3946.602846,,6451.23961,6197.606157,5052.525598,,6624.565465,6379.393603,5160.167761,,6302.75,6194.19,5328.75,,,6140.55724,4843.101011
6071.419803,5838.902304,5074.180897,,6639.423685,6380.647042,4576.404022,,6513.692894,6132.011085,4747.735478,,6735.043619,6530.446046,5085.635429,,6412.619626,6246.694899,5002.642128,,5965.784295,5794.039186,4713.44622,,5977.448742,5692.835087,3855.551342,,6529.45451,6235.959575,5194.123539,,6622.123936,6399.572769,4908.984938,,6302.75,6233.45,5318.75,,,6148.455799,4847.745399
6086.229479,5908.555412,4892.707441,,6637.809504,6252.504439,4717.607929,,6482.977311,6275.849646,5094.342458,,6735.043619,6543.800011,5254.185974,,6394.883271,6142.525738,5061.081686,,5985.053523,5801.108343,4944.492947,,5942.730994,5668.396063,4303.1819,,6546.915501,6319.574668,5145.971468,,6644.973396,6437.138407,5195.429318,,6302.75,6236.43,5044.75,,,6158.588273,4965.375112
6078.250813,5925.055635,4966.311633,,6662.154393,6324.187472,4866.996056,,6529.600734,6328.700206,5329.142411,,6737.75,6615.772888,5360.75,,6366.196027,6151.926488,4968.335137,,6237.860676,5859.729414,4830.033539,,6060.275911,5717.841372,4276.947948,,6575.827092,6301.404397,5206.130809,,6642.550106,6412.248393,4955.605217,,6302.75,6209.94,5267.75,,,6184.680626,5002.800275
6120.274648,5942.753783,5130.669536,,6669.866439,6338.491664,4627.355352,,6560.518773,6253.840243,4952.202544,,6768.185974,6549.228268,5504.75,,6364.833216,6163.593636,4828.412069,,6193.799553,5878.38389,5091.455104,,6059.19055,5735.288077,4553.030532,,6592.833843,6299.136599,5049.564685,,6647.752282,6410.283909,5387.705116,,6351.75,6211.61,5653.75,,,6178.261007,5077.889494
6106.768065,5937.258832,5076.530391,,6716.767589,6346.273913,4553.263623,,6557.63248,6306.739314,4794.246937,,6775.460495,6607.565861,5130.75,,6385.841993,6154.26643,4691.152642,,6230.582652,5997.819977,4937.016577,,5992.317627,5741.165625,4633.416171,,6616.108091,6328.522349,5095.422045,,6660.75,6465.768199,5212.238338,,6462.75,6202.44,5336.75,,,6208.78205,4946.078672
6119.646313,6012.338402,5001.862437,,6661.943838,6429.461128,5057.019492,,6545.809274,6260.817011,4573.817336,,6815.984836,6611.450387,5346.75,,6415.793126,6161.851759,4552.934584,,6421.561212,6079.591978,4949.541124,,6011.523081,5650.633844,4462.541637,,6594.95496,6407.648085,5358.501545,,6660.75,6498.028519,5428.975838,,6462.75,6348.98,5360.75,,,6246.080111,5009.269399
6126.112618,6012.680572,5262.341712,,6697.745067,6524.770937,5243.008748,,6555.637872,6290.763092,5114.964204,,6830.75,6633.911349,5254.185974,,6370.832654,6098.101373,4667.060254,,6507.323456,6137.790901,5218.647268,,5990.323725,5750.237015,4487.458088,,6587.990716,6383.775849,5106.96118,,6660.75,6500.160503,5329.75,,6536.75,6359.52,5324.75,,,6269.171159,5100.912743
6128.520706,6013.212107,5081.387471,,6741.623092,6525.547288,5048.601675,,6559.742397,6338.215635,4973.367118,,6830.75,6642.424825,5335.715484,,6382.144811,6135.471231,4714.629613,,6525.660672,6353.898842,5132.714778,,6041.34408,5654.735894,4305.774348,,6593.471956,6343.804086,5235.787804,,6660.75,6554.31,5441.75,,6536.75,6352.65,4965.75,,,6291.426991,5023.547829
6132.747044,6048.666627,5446.754891,,6720.454821,6436.227814,4865.786215,,6571.7518,6374.725948,5225.228518,,6830.75,6688.776787,5108.75,,6401.76193,6169.147547,5025.576292,,6538.716993,6377.352079,4994.643466,,6052.062666,5664.901155,4172.031332,,6588.669785,6413.951243,5161.440727,,6660.75,6516.46,5130.75,,6563.75,6438.32,5506.75,,,6312.85292,5063.771144
6133.91047,6053.459377,5370.516511,,6737.07189,6498.256189,5284.944456,,6581.942274,6305.226648,5024.794838,,6830.75,6592.82,5322.75,,6368.899549,6161.581446,4680.379275,,6520.7206,6326.169204,4822.959976,,6036.801144,5710.696796,3979.58518,,6594.724592,6380.641134,4960.595283,,6660.75,6506.35,5149.75,,6563.75,6430.14,5248.75,,,6296.534079,4984.502552
6137.830235,6050.849209,5116.82465,,6710.463182,6435.555784,4964.875525,,6583.016802,6357.82755,5130.526779,,6830.75,6693.95,5275.75,,6399.392231,6195.669328,4516.578303,,6546.55788,6370.034956,4845.54193,,6054.453994,5716.69354,4523.435534,,6619.070242,6438.356083,5458.190188,,6660.75,6502.16,5412.75,,6563.75,6403.32,5450.75,,,6316.441645,5069.522291
6137.830235,6022.565482,5102.22663,,6762.501501,6510.817685,5317.40575,,6577.002721,6368.82767,4966.441359,,6830.75,6656.38,5460.75,,6414.165606,6235.294833,5023.323978,,6525.172652,6402.872573,5302.60799,,6079.693591,5797.588951,4554.353299,,6641.537197,6390.62616,5126.076471,,6660.75,6511.8,5343.75,,6563.75,6455.67,5357.75,,,6335.244335,5155.468548
6137.830235,6075.728409,5300.922968,,6713.527578,6519.900912,5013.659048,,6587.290036,6416.921888,5114.997534,,6830.75,6629.97,5163.75,,6424.287295,6161.453459,4655.510711,,6533.398151,6347.506028,5148.466213,,6029.394207,5762.957917,4021.151649,,6625.559478,6477.938557,5443.824221,,6660.75,6502.29,5229.75,,6563.75,6433.97,5237.75,,,6332.863717,5032.978234
6595.679144,6045.883847,5295.89568,,6793.255588,6531.993753,5361.759916,,6601.294417,6392.840303,5153.994834,,6830.75,6695.56,5454.75,,6410.472356,6136.121101,4462.710742,,6537.661095,6303.733857,4988.213424,,6040.654542,5763.100974,4800.871479,,6639.945823,6418.268231,5058.801804,,6660.75,6533.6,5327.75,,6563.75,6365.14,5076.75,,,6318.624207,5098.149788
6598.622676,6076.847778,5398.172591,,6794.697479,6504.31389,5155.899874,,6610.181515,6393.387772,5156.373052,,6830.75,6662.54,5166.75,,6405.31174,6214.302727,4746.684937,,6547.540074,6372.764937,5189.650804,,6081.537505,5791.817508,4409.224728,,6624.160035,6407.3601,5204.158651,,6660.75,6530.09,5345.75,,6563.75,6406.16,5357.75,,,6335.958471,5113.041464
6630.75,6366.07512,5353.22663,,6802.007227,6583.674412,5215.504076,,6616.134776,6369.838994,5128.437191,,6830.75,6665.17,5371.75,,6420.787459,6176.631328,4933.720254,,6558.278719,6377.209175,4921.02735,,6062.849213,5861.465281,4834.753937,,6628.671738,6434.624755,4924.106352,,6660.75,6481.7,5130.75,,6563.75,6461.99,5295.75,,,6377.837906,5110.902579
6630.75,6507.278423,5351.75,,6815.860189,6512.295395,4943.764643,,6625.614343,6408.420488,5309.952874,,6830.75,6640.92,5554.75,,6418.186793,6238.243814,5153.854001,,6569.156488,6347.694861,5136.909349,,6026.494093,5837.203197,4387.894057,,6623.884207,6437.806256,5242.53868,,6660.75,6457.85,5444.75,,6563.75,6454.05,5275.75,,,6384.176243,5180.19136
6650.75,6458.393203,5363.75,,6784.552143,6644.743836,5345.565714,,6623.97606,6418.434298,5371.103537,,6830.75,6689.41,5548.75,,6413.635961,6159.196724,4997.498997,,6567.846108,6394.313093,5081.310278,,6055.387046,5783.762544,4347.935667,,6618.359985,6408.097457,4888.580796,,6660.75,6479.69,5245.75,,6563.75,6431.4,5249.75,,,6386.744115,5143.999499
6666.75,6467.12,5356.75,,6826.719307,6627.534797,5308.552689,,6619.395,6423.384361,5275.5759,,6830.75,6620.24,4759.75,,6404.136099,6132.866645,4953.300101,,6569.039558,6431.792549,5146.077017,,6076.451874,5839.652827,4633.491103,,6631.848356,6373.189164,5045.886851,,6660.75,6549.09,5443.75,,6563.75,6360.07,5213.75,,,6382.494034,5113.688366
6666.75,6523.59,5634.75,,6827.440252,6605.743303,5264.313866,,6630.952501,6448.29633,5163.781599,,6830.75,6689.86,5341.75,,6449.049796,6160.5015,5040.604064,,6554.008357,6428.487198,5422.207707,,6105.381613,5737.020419,4030.838141,,6633.910171,6394.099508,5233.127385,,6660.75,6510.77,5130.75,,6563.75,6394.38,5210.75,,,6389.274826,5147.287276
6666.75,6485.22,4928.75,,6834.75,6625.189555,5224.190756,,6637.850046,6457.437638,5450.833733,,6830.75,6667.06,5130.75,,6445.606316,6223.837617,5064.138861,,6557.562752,6433.865968,4896.810639,,6126.316261,5812.633301,4775.351431,,6627.693314,6375.347033,5188.25482,,6660.75,6482.66,4927.75,,6563.75,6374.94,5430.75,,,6393.819111,5101.758024
6666.75,6475.79,5377.75,,6834.75,6624.678848,5238.371744,,6635.435135,6490.630172,5299.147242,,6830.75,6668.81,4667.75,,6446.093163,6248.506659,5084.534617,,6563.684195,6373.053187,5388.946384,,6090.4752,5807.712259,4417.225845,,6640.818129,6378.774351,5167.911962,,6660.75,6443.41,5335.75,,6628.75,6457.85,5342.75,,,6396.921548,5132.013779
6666.75,6462.27,5236.75,,6834.75,6627.14,5317.75,,6644.432268,6432.811038,4980.038162,,6830.75,6701.8,5559.75,,6472.08787,6193.501733,4773.927601,,6563.266333,6393.02089,5242.73747,,6197.831281,5873.913133,4549.831489,,6655.75,6370.747767,5039.201878,,6660.75,6506.92,5363.75,,6628.75,6408.78,5322.75,,,6397.090456,5138.64866
6666.75,6526.79,5267.75,,6834.75,6605.63,5251.75,,6635.435135,6434.367433,5261.177052,,6830.75,6657.86,5479.75,,6471.265839,6249.926571,5206.284155,,6569.944669,6347.694656,5296.560439,,6172.524657,5918.31119,4688.062338,,6655.75,6403.926913,4902.408651,,6660.75,6455.03,5130.75,,6659.75,6514.18,5306.75,,,6411.371676,5179.124263
6666.75,6537.95,5229.75,,6834.75,6668.41,5340.75,,6646.784732,6432.334979,5257.270841,,6830.75,6713.77,5468.75,,6504.841977,6296.899051,5035.780056,,6566.521594,6412.169678,5071.346876,,6235.772056,5868.970675,4566.212557,,6655.75,6483.228315,5164.75,,6660.75,6482.48,5340.75,,6659.75,6484.15,5327.75,,,6438.03627,5180.311033
6666.75,6500.25,5450.75,,6834.75,6684.11,5328.75,,6647.976127,6457.322842,5021.035575,,6830.75,6641.15,4928.75,,6508.798673,6250.482551,4995.420956,,6570.279266,6384.78866,5159.678318,,6255.785039,5906.26569,4440.792582,,6655.75,6512.3,5171.75,,6660.75,6479.18,5383.75,,6757.75,6472.44,4977.75,,,6428.828974,5085.842743
6666.75,6515.72,5077.75,,6834.75,6726.24,5333.75,,6647.490163,6471.937297,5206.553298,,6830.75,6642.24,5130.75,,6530.835624,6373.596739,5491.519596,,6573.099962,6408.159059,5171.644547,,6306.488022,6009.884248,4337.355621,,6655.75,6525.55,5428.75,,6660.75,6539.91,5130.75,,6757.75,6497.02,5255.75,,,6471.025734,5156.457306
6666.75,6544.91,5478.75,,6834.75,6654.89,5278.75,,6653.071419,6458.651099,5220.162739,,6830.75,6633.61,4959.75,,6524.546428,6397.784117,5411.98173,,6569.373385,6382.252527,5388.389497,,6250.642215,5992.649796,4630.646608,,6655.75,6499.24,5228.75,,6660.75,6514.84,5427.75,,6757.75,6590.47,5148.75,,,6466.929754,5217.368057
6666.75,6522.61,5444.75,,6834.75,6601.97,5258.75,,6647.976127,6482.527794,5345.300763,,6830.75,6663.66,5328.75,,6525.432819,6339.76072,5354.902654,,6569.43609,6340.911002,5218.457549,,6279.798848,5969.025399,4568.773435,,6655.75,6528.42,5330.75,,6660.75,6505.2,5067.75,,6757.75,6564.38,5323.75,,,6451.846492,5224.19344
6666.75,6554.71,5353.75,,6834.75,6708.88,5523.75,,6650.982881,6512.131482,5175.143951,,6830.75,6688.85,5616.75,,6520.694228,6334.375526,5257.170554,,6570.487683,6388.381302,5091.707665,,6248.20532,6003.037672,4887.019293,,6655.75,6528.04,5403.75,,6660.75,6452.27,5541.75,,6757.75,6534.64,5122.75,,,6470.531598,5297.354146
6666.75,6479.03,4726.75,,6834.75,6657.01,5137.75,,6653.397536,6442.725085,4769.774257,,6830.75,6668.67,5110.75,,6552.322007,6300.865485,5083.761653,,6582.684312,6423.066598,5294.029955,,6273.172773,6046.597663,4651.911883,,6655.75,6545.39,5456.75,,6660.75,6556.67,5397.75,,6757.75,6563.37,5091.75,,,6468.339483,5072.097775
6666.75,6467.91,5130.75,,6834.75,6682.87,5538.75,,6652.257282,6420.609473,5275.140895,,6830.75,6670.65,5200.75,,6542.67235,6367.892034,5072.366122,,6573.755537,6472.629931,5388.261557,,6249.480672,6017.670893,4383.756067,,6655.75,6502.32,5316.75,,6660.75,6506.17,5349.75,,6757.75,6583.02,5306.75,,,6469.174233,5196.302464
6666.75,6515.44,5325.75,,6834.75,6720.98,5526.75,,6652.962713,6441.851749,5025.175326,,6830.75,6684.26,5392.75,,6549.326677,6356.979915,5303.693007,,6575.67729,6405.597828,5210.312602,,6326.089313,6037.328037,4785.518404,,6655.75,6536.79,5291.75,,6660.75,6524.24,5375.75,,6757.75,6561.69,5329.75,,,6478.515753,5256.719934
6666.75,6503.93,5300.75,,6834.75,6624.4,5490.75,,6655.75,6446.222633,5110.118129,,6830.75,6586.17,5067.75,,6552.609866,6350.257116,5104.882193,,6573.837773,6415.788746,5232.59749,,6257.124009,5971.442293,4191.781893,,6655.75,6431.11,5130.75,,6660.75,6490.6,5440.75,,6757.75,6561.68,5130.75,,,6438.160079,5120.08797
6666.75,6499.42,5382.75,,6834.75,6640.61,5301.75,,6655.75,6453.702578,5147.963819,,6830.75,6641.48,5201.75,,6553.599455,6324.70016,4979.928752,,6584.991803,6382.170923,5096.361313,,6288.351311,5971.545298,4563.882885,,6655.75,6541.55,5538.75,,6660.75,6495.96,5348.75,,6757.75,6566.43,5243.75,,,6451.756896,5180.563677
6666.75,6504.59,4966.75,,6834.75,6602.76,5130.75,,6655.75,6449.073874,5048.75,,6830.75,6668.77,5341.75,,6558.74016,6410.157917,4939.073999,,6550.276898,6372.703191,5061.966061,,6284.926774,5991.7455,4794.511737,,6655.75,6486.03,4579.75,,6660.75,6490.17,5430.75,,6757.75,6585.28,5253.75,,,6456.128048,5054.78018
6666.75,6515.77,5394.75,,6834.75,6636.47,5267.75,,6655.75,6486.16,4900.75,,6830.75,6674.73,5320.75,,6557.872232,6458.502713,5418.650514,,6600.089565,6383.540062,5003.884919,,6274.877335,5998.562943,4749.583591,,6655.75,6445.28,5366.75,,6660.75,6526.35,5062.75,,6757.75,6574.8,5076.75,,,6470.016572,5156.236902
6666.75,6541.53,5238.75,,6845.75,6646.35,4821.75,,6655.75,6551.79,5236.75,,6830.75,6654.49,5413.75,,6559.608087,6389.665231,5100.729592,,6583.287205,6439.314766,5186.518628,,6253.558937,5950.389969,4725.387846,,6655.75,6531.55,5305.75,,6660.75,6485.4,5376.75,,6757.75,6507.9,4778.75,,,6469.837997,5118.488607
6666.75,6436.06,5368.75,,6845.75,6616.81,5441.75,,6655.75,6490.48,5330.75,,6830.75,6681.72,5130.75,,6564.870454,6462.540881,5436.244377,,6578.8038,6357.305861,5039.835349,,6260.133228,6020.30558,4817.258632,,6655.75,6470.93,5432.75,,6660.75,6530.54,5343.75,,6757.75,6569.84,5198.75,,,6463.653232,5254.058836
6666.75,6529.29,5424.75,,6845.75,6661.83,5107.75,,6655.75,6525.52,5164.75,,6830.75,6640.25,4858.75,,6563.134599,6439.486708,5437.421441,,6578.978038,6441.595728,5170.562652,,6310.384658,6027.553263,4490.746286,,6655.75,6458.9,5248.75,,6660.75,6461.33,5159.75,,6757.75,6558.57,4726.75,,,6474.43257,5078.998038
6666.75,6498.2,5249.75,,6845.75,6613.82,5341.75,,6655.75,6497.6,5052.75,,6830.75,6648.33,5264.75,,6563.134599,6431.532811,5261.75,,6570.404933,6369.750916,5191.948306,,6240.115154,5996.413906,4641.76581,,6655.75,6480.1,5342.75,,6660.75,6513.53,5145.75,,6757.75,6524.89,5267.75,,,6457.416763,5176.071412
6666.75,6475.96,5137.75,,6845.75,6647.7,4835.75,,6655.75,6489.41,5242.75,,6830.75,6596.47,5007.75,,6567.75,6483.219156,5685.657409,,6565.222779,6450.884193,5235.20503,,6356.822004,6083.878302,4731.577057,,6655.75,6440.12,5317.75,,6660.75,6515.48,5286.75,,6757.75,6545.66,5289.75,,,6472.878165,5177.06895
6666.75,6538.14,5186.75,,6845.75,6591.69,5266.75,,6655.75,6433.26,5071.75,,6830.75,6652.7,5226.75,,6567.75,6450.68542,5123.924685,,6583.340401,6386.028405,4259.909528,,6266.456018,6046.336334,4406.118316,,6655.75,6515.29,5259.75,,6660.75,6471.8,5341.75,,6757.75,6574.67,5167.75,,,6466.060016,5031.120253
6666.75,6534.93,5130.75,,6865.75,6608.67,5378.75,,6655.75,6472.75,5159.75,,6830.75,6633.99,5130.75,,6567.75,6423.512302,5425.75,,6582.266707,6457.72945,5263.41775,,6380.076984,6176.015565,4385.800087,,6655.75,6508.58,5193.75,,6660.75,6525.88,4922.75,,6757.75,6615.15,5192.75,,,6495.720732,5118.421784
6666.75,6471.99,5379.75,,6865.75,6670.3,5256.75,,6655.75,6427.63,5171.75,,6830.75,6665.92,5130.75,,6567.75,6475.03,5367.75,,6591.062363,6426.981747,5083.244009,,6439.721768,6144.10581,4673.466901,,6655.75,6560.26,5640.75,,6660.75,6500.76,4967.75,,6757.75,6537.72,5072.75,,,6488.069756,5174.471091
6666.75,6500.57,5057.75,,6865.75,6689.78,5341.75,,6655.75,6455.87,5330.75,,6830.75,6709.29,4741.75,,6567.75,6420.77,5249.75,,6577.950088,6435.472283,5046.402995,,6406.127843,6141.832405,5048.013575,,6655.75,6487.31,5170.75,,6660.75,6462.26,5341.75,,6757.75,6613.1,5121.75,,,6491.625469,5145.041657
6666.75,6479.43,5013.75,,6865.75,6691.24,5145.75,,6655.75,6394.51,5043.75,,6830.75,6634.76,5275.75,,6567.75,6422.85,5239.75,,6580.129085,6414.910488,5328.134292,,6414.630337,6119.994184,4519.698442,,6655.75,6467.25,5348.75,,6660.75,6427.54,5261.75,,6757.75,6560.63,5083.75,,,6461.311467,5126.083273
6666.75,6484.16,5177.75,,6865.75,6632.65,5354.75,,6655.75,6500.44,5449.75,,6830.75,6682.14,5443.75,,6567.75,6414.1,5196.75,,6576.232383,6414.378761,5531.075084,,6394.914998,6101.213601,4527.521584,,6655.75,6492.86,5160.75,,6660.75,6551.8,5448.75,,6757.75,6587.61,5078.75,,,6486.135236,5236.959667
6666.75,6449.34,5328.75,,6865.75,6623.14,5130.75,,6655.75,6493.81,5130.75,,6830.75,6630.81,5166.75,,6567.75,6405.22,5329.75,,6568.971971,6367.715601,5118.493047,,6413.655835,6188.8213,4718.651622,,6655.75,6434.79,5346.75,,6660.75,6497.47,5079.75,,6757.75,6632.2,5393.75,,,6472.33169,5174.414467
6666.75,6514.19,5077.75,,6865.75,6641.58,5130.75,,6655.75,6461.38,5378.75,,6830.75,6671.89,5338.75,,6567.75,6403.64,5343.75,,6595.041815,6397.122357,5064.955413,,6456.843862,6209.716751,4998.807244,,6655.75,6499.43,5367.75,,6660.75,6504.07,5377.75,,6757.75,6579.57,5339.75,,,6488.258911,5241.876266
6666.75,6505.27,5382.75,,6865.75,6716.21,5498.75,,6655.75,6474.36,5156.75,,6830.75,6682.66,5084.75,,6567.75,6414.61,5163.75,,6571.439565,6433.053974,5137.638429,,6448.713016,6212.649894,5150.093024,,6655.75,6497.19,5166.75,,6660.75,6528.61,5156.75,,6757.75,6592.66,4927.75,,,6505.727387,5182.573145
6666.75,6516.21,5135.75,,6865.75,6704.35,5373.75,,6655.75,6514.89,5319.75,,6830.75,6637.91,5130.75,,6567.75,6446.31,5133.75,,6581.281931,6300.063441,5018.635865,,6465.667227,6264.523368,5098.130715,,6655.75,6422.98,4765.75,,6660.75,6563.7,5421.75,,6757.75,6548.2,4966.75,,,6491.913681,5136.476658
6666.75,6499.53,5325.75,,6865.75,6639.45,5333.75,,6655.75,6470.68,5127.75,,6830.75,6685.66,5666.75,,6567.75,6431.81,5216.75,,6571.547757,6402.405461,5136.98667,,6507.913615,6249.79606,4918.879162,,6655.75,6468.21,5262.75,,6660.75,6564.42,5479.75,,6757.75,6519.83,5084.75,,,6493.179152,5255.386583
6666.75,6477.7,5244.75,,6865.75,6651.98,4860.75,,6655.75,6496.5,5049.75,,6830.75,6668.28,5063.75,,6567.75,6413.15,5453.75,,6573.93697,6395.534365,5256.115917,,6494.924869,6255.291591,5053.706188,,6655.75,6457.07,4876.75,,6660.75,6432.21,5123.75,,6757.75,6518.13,5188.75,,,6476.584596,5117.182211
6666.75,6445.29,5050.75,,6865.75,6659.49,5647.75,,6655.75,6504.58,5406.75,,6830.75,6653.01,5048.75,,6567.75,6443.98,5413.75,,6584.416665,6423.967477,5121.234702,,6545.869412,6261.992095,4784.297564,,6655.75,6458.9,5210.75,,6660.75,6459.62,5130.75,,6757.75,6551.22,5187.75,,,6486.204957,5200.253227
6666.75,6545.17,5256.75,,6865.75,6729.25,5158.75,,6655.75,6456.29,5144.75,,6830.75,6631.37,5464.75,,6567.75,6411.07,5445.75,,6570.707408,6424.56482,5355.826834,,6526.586824,6307.503166,4877.350118,,6655.75,6498.67,4767.75,,6660.75,6568.13,5339.75,,6757.75,6597.93,5267.75,,,6516.994799,5207.917695
6666.75,6493.55,5178.75,,6865.75,6677.89,5377.75,,6655.75,6535.77,5291.75,,6830.75,6707.97,5557.75,,6567.75,6414.88,5377.75,,6575.369933,6461.338898,5457.651954,,6533.802797,6332.018054,4781.473249,,6655.75,6547.2,5067.75,,6660.75,6490.28,5423.75,,6757.75,6542.39,5343.75,,,6520.328695,5285.81252
6666.75,6441.79,5166.75,,6865.75,6701.82,5330.75,,6655.75,6473.73,5438.75,,6830.75,6698.58,5359.75,,6567.75,6384.89,5130.75,,6591.373832,6355.395602,4969.937708,,6529.230945,6285.742749,5034.876921,,6655.75,6459.02,5319.75,,6660.75,6538.27,5640.75,,6757.75,6575.13,5012.75,,,6491.436835,5240.481463
6666.75,6451.43,5170.75,,6865.75,6642.51,5246.75,,6655.75,6544.25,5470.75,,6830.75,6644.98,4689.75,,6567.75,6423.79,5317.75,,6578.125096,6435.582064,5110.624267,,6570.211783,6367.855693,5241.465359,,6655.75,6468.02,5115.75,,6660.75,6513.24,5165.75,,6757.75,6584.36,5330.75,,,6507.601776,5186.008963
6666.75,6537.89,5303.75,,6865.75,6684.72,5264.75,,6655.75,6519.59,5365.75,,6830.75,6633.24,5237.75,,6567.75,6420.58,5416.75,,6591.77242,6413.457898,5219.62715,,6560.177045,6342.393079,4872.069876,,6655.75,6478.8,5141.75,,6660.75,6467.03,5344.75,,6757.75,6622.91,5236.75,,,6512.061098,5240.369703
6666.75,6519.71,5358.75,,6865.75,6653.63,5130.75,,6655.75,6463.42,5234.75,,6830.75,6711.77,5477.75,,6567.75,6418.64,5233.75,,6588.379927,6442.104192,4855.815169,,6565.994265,6352.904732,5038.662356,,6655.75,6506.36,5386.75,,6660.75,6497.88,5492.75,,6757.75,6588.69,5239.75,,,6515.510892,5244.947753
6666.75,6501.47,5367.75,,6865.75,6634.97,5404.75,,6655.75,6456.07,5436.75,,6830.75,6643.18,5435.75,,6567.75,6420.45,5230.75,,6572.953479,6415.637892,5268.020508,,6588.415856,6340.768229,4804.836926,,6655.75,6457.92,5344.75,,6660.75,6498.84,5342.75,,6757.75,6654.6,5265.75,,,6502.390612,5290.185743
6666.75,6441.84,5090.75,,6865.75,6677.53,5049.75,,6655.75,6519.12,5458.75,,6830.75,6714.4,5368.75,,6567.75,6407.47,5060.75,,6591.216042,6402.329001,5256.289563,,6589.332209,6346.333539,5080.43409,,6655.75,6476.16,5126.75,,6660.75,6455.94,4985.75,,6757.75,6526.14,5311.75,,,6496.726254,5178.972365
6666.75,6494.94,5330.75,,6865.75,6674.37,5187.75,,6655.75,6476.49,5233.75,,6830.75,6661.25,5221.75,,6567.75,6409.61,4726.75,,6590.198371,6466.747176,5093.924182,,6616.349728,6361.347298,5046.315505,,6655.75,6493.51,5239.75,,6660.75,6534.11,5537.75,,6757.75,6582.55,5259.75,,,6515.492447,5187.823969
6666.75,6552.88,4754.75,,6865.75,6715.24,5425.75,,6655.75,6455.44,5159.75,,6830.75,6632.49,5154.75,,6567.75,6435.3,4977.75,,6598.329714,6488.482665,5410.551109,,6619.089225,6415.922939,5156.885838,,6655.75,6486.31,5130.75,,6660.75,6530.66,5230.75,,6757.75,6571.86,5337.75,,,6528.45856,5173.943695
6666.75,6480.01,5052.75,,6865.75,6638.62,4862.75,,6655.75,6532.14,5334.75,,6830.75,6687.42,4915.75,,6567.75,6431.27,4779.75,,6596.720972,6490.234894,5533.964227,,6627.632512,6408.113773,5261.06977,,6655.75,6454.74,4971.75,,6660.75,6512.21,5096.75,,6757.75,6591.62,5418.75,,,6522.637867,5122.8034
6666.75,6509.31,5338.75,,6865.75,6688.9,5317.75,,6655.75,6466.1,5275.75,,6830.75,6685.88,5488.75,,6567.75,6467.22,5340.75,,6586.406263,6422.132909,5145.121945,,6630.382303,6420.946808,5098.165326,,6655.75,6454.42,5235.75,,6660.75,6535.81,5544.75,,6757.75,6590.53,5122.75,,,6524.124972,5290.828727
6666.75,6507.47,5179.75,,6865.75,6621.28,5279.75,,6655.75,6499.79,4977.75,,6830.75,6654.67,5634.75,,6567.75,6398.93,5433.75,,6595.009949,6450.282386,4982.364838,,6648.907024,6495.633134,4861.439499,,6655.75,6378.06,5211.75,,6660.75,6511.95,5130.75,,6757.75,6562.69,5422.75,,,6508.075552,5211.480434
6666.75,6494.38,5053.75,,6865.75,6718.24,5619.75,,6655.75,6466.77,5269.75,,6830.75,6655.45,4741.75,,6567.75,6406.73,5393.75,,6595.513387,6408.019582,5265.173019,,6640.093119,6456.804846,4944.738425,,6655.75,6477.33,5194.75,,6660.75,6523.77,5499.75,,6757.75,6516.98,5243.75,,,6512.447443,5222.691144
6666.75,6538.45,5164.75,,6865.75,6676.87,5533.75,,6655.75,6443.59,5140.75,,6830.75,6678.81,5174.75,,6759.75,6472.93,5154.75,,6609.668261,6439.332406,5269.037083,,6711.780736,6474.811387,5274.717663,,6655.75,6504.77,5266.75,,6660.75,6524.68,5367.75,,6757.75,6552.91,5141.75,,,6530.715379,5248.875475
6666.75,6479.76,5283.75,,6865.75,6680.6,5159.75,,6655.75,6462,5370.75,,6830.75,6695.66,5178.75,,6845.75,6475.47,5267.75,,6604.518231,6382.726565,4960.185824,,6737.057899,6475.562684,5301.806379,,6655.75,6490.41,5318.75,,6660.75,6494.77,5083.75,,6757.75,6583.93,5143.75,,,6522.088925,5206.89922
6666.75,6490.03,5230.75,,6865.75,6673.34,4867.75,,6655.75,6508.84,5151.75,,6830.75,6661.48,5597.75,,6845.75,6585.82,5534.75,,6614.401972,6421.68272,5238.27021,,6749.806461,6562.603142,5203.401332,,6655.75,6510.42,5288.75,,6660.75,6581.58,5243.75,,6757.75,6540.49,5179.75,,,6553.628586,5253.667154
6666.75,6515.89,5361.75,,6865.75,6633.59,5130.75,,6655.75,6502.78,5223.75,,6830.75,6617.28,5029.75,,6865.75,6685.67,5363.75,,6607.67044,6486.594044,5429.211656,,6744.308776,6583.719831,5262.92095,,6655.75,6496.79,5258.75,,6660.75,6517.22,5130.75,,6757.75,6573.7,5331.75,,,6561.323388,5252.313261
6666.75,6540.12,5249.75,,6865.75,6694.74,5362.75,,6655.75,6487.6,5362.75,,6830.75,6660.7,5205.75,,6865.75,6732.27,5431.75,,6611.06576,6423.970024,5390.437543,,6750.264805,6579.029421,5397.502887,,6655.75,6485.81,5167.75,,6660.75,6522.72,5421.75,,6757.75,6600.58,5242.75,,,6572.753945,5323.294043
6666.75,6477.93,4726.75,,6865.75,6639.51,5309.75,,6655.75,6531.59,5172.75,,6830.75,6654.15,5525.75,,6865.75,6704.66,5130.75,,6605.281484,6412.5499,5365.690106,,6742.238645,6550.66624,5123.910468,,6655.75,6451.35,4851.75,,6660.75,6480.96,5235.75,,6757.75,6541.27,4779.75,,,6544.463614,5122.260057
6666.75,6484.05,4866.75,,6865.75,6692.46,5435.75,,6655.75,6366.74,5065.75,,6830.75,6659.35,5537.75,,6865.75,6669.07,5200.75,,6619.839828,6395.780637,5187.036525,,6757.75,6536.646546,5325.147883,,6655.75,6525.84,5130.75,,6660.75,6550.79,5277.75,,6757.75,6540.64,5324.75,,,6542.136718,5235.218441
6666.75,6519.29,4928.75,,6865.75,6643.44,5036.75,,6655.75,6502,5358.75,,6830.75,6651.04,5127.75,,6865.75,6620,5011.75,,6625.52584,6431.444547,5407.89369,,6757.75,6492.799897,5158.364613,,6655.75,6548.27,5424.75,,6660.75,6524.36,4679.75,,6757.75,6612.05,5368.75,,,6554.469444,5150.32583
6666.75,6495.13,5350.75,,6865.75,6681,5322.75,,6655.75,6480.19,5136.75,,6830.75,6622.99,5277.75,,6865.75,6684.47,5421.75,,6621.734246,6474.234221,5104.368592,,6757.75,6552.820078,5267.75,,6655.75,6507.03,5079.75,,6660.75,6521.35,5343.75,,6757.75,6590.41,5428.75,,,6560.96243,5273.411859
6666.75,6507.15,5565.75,,6865.75,6725.17,5238.75,,6655.75,6467.78,5261.75,,6830.75,6687.42,5529.75,,6865.75,6720.33,5130.75,,6631.050558,6421.208242,5075.132577,,6757.75,6598.37,5218.75,,6655.75,6498.43,5260.75,,6660.75,6497.93,5204.75,,6757.75,6627.29,5527.75,,,6575.107824,5301.388258
6666.75,6539.54,5359.75,,6865.75,6704.01,5399.75,,6655.75,6476.47,5066.75,,6830.75,6680.22,5130.75,,6865.75,6669.06,5130.75,,6632.95535,6454.520791,5157.746676,,6757.75,6583.02,5328.75,,6655.75,6499.45,5550.75,,6660.75,6491.14,5460.75,,6757.75,6591.58,5285.75,,,6568.901079,5287.149668
6666.75,6503.04,5412.75,,6865.75,6687.48,5116.75,,6655.75,6499.32,5393.75,,6830.75,6694.62,5675.75,,6865.75,6691.51,5370.75,,6632.131962,6424.298781,5086.9732,,6757.75,6586.4,5246.75,,6655.75,6498.39,5331.75,,6660.75,6520.32,5320.75,,6757.75,6568.26,5102.75,,,6567.363878,5305.87232
6666.75,6469.47,5254.75,,6865.75,6688.8,5413.75,,6655.75,6486.51,5123.75,,6830.75,6604.7,5442.75,,6865.75,6709.09,5331.75,,6627.906059,6428.700402,5335.350032,,6757.75,6605.81,5351.75,,6655.75,6505.41,4950.75,,6660.75,6479.59,5267.75,,6757.75,6514.54,5273.75,,,6549.26204,5274.610003
6666.75,6479.28,5399.75,,6865.75,6644.91,5343.75,,6655.75,6403.17,5087.75,,6830.75,6691.83,5449.75,,6865.75,6698.41,5069.75,,6639.651417,6453.634211,5208.967021,,6757.75,6642.21,5561.75,,6655.75,6444.14,5368.75,,6660.75,6517.69,5609.75,,6757.75,6568.17,5024.75,,,6554.344421,5312.471702
6666.75,6466.35,5275.75,,6865.75,6663.67,5273.75,,6666.75,6494.16,5191.75,,6830.75,6680.96,5351.75,,6865.75,6659.81,5276.75,,6637.158124,6485.335231,5271.519767,,6757.75,6578.24,4858.75,,6655.75,6569.83,5517.75,,6660.75,6480.26,5253.75,,6757.75,6573.41,5457.75,,,6565.202523,5272.926977
6666.75,6475.65,4979.75,,6865.75,6663.33,5333.75,,6666.75,6426.99,5167.75,,6830.75,6689.71,5325.75,,6865.75,6634.34,5130.75,,6643.877321,6470.821914,5417.959194,,6757.75,6553.03,5075.75,,6655.75,6472.94,5231.75,,6660.75,6597.73,5434.75,,6757.75,6590.38,5192.75,,,6557.492191,5229.070919
6666.75,6493.05,4926.75,,6865.75,6669.96,5104.75,,6666.75,6513.66,5139.75,,6830.75,6641.57,5358.75,,6865.75,6709.58,5279.75,,6647.369781,6522.356561,5352.50589,,6757.75,6546.1,4966.75,,6655.75,6479.89,4927.75,,6660.75,6495.92,5266.75,,6757.75,6583.67,5202.75,,,6565.575656,5152.625589
6666.75,6526.64,5227.75,,6865.75,6681.44,5066.75,,6666.75,6406.44,5335.75,,6830.75,6665.42,5181.75,,6865.75,6632.98,5260.75,,6645.524097,6483.42262,5233.928869,,6757.75,6565.19,5369.75,,6655.75,6502.36,5171.75,,6660.75,6515.29,5378.75,,6757.75,6560.61,5370.75,,,6553.979262,5259.767887
6666.75,6486.77,5302.75,,6865.75,6671.27,5251.75,,6666.75,6467.43,5065.75,,6830.75,6668.61,5320.75,,6865.75,6730.14,5460.75,,6648.668596,6478.21933,5417.310479,,6757.75,6532.98,5173.75,,6655.75,6520.59,5436.75,,6660.75,6431.93,4978.75,,6757.75,6602.65,5321.75,,,6559.058933,5273.006048
6666.75,6462.78,5151.75,,6865.75,6675.12,5434.75,,6666.75,6495.62,4974.75,,6830.75,6658.38,5367.75,,6865.75,6685.35,4736.75,,6648.668596,6523.883818,5002.236003,,6757.75,6575.64,5256.75,,6655.75,6531.11,5412.75,,6660.75,6552.05,5354.75,,6757.75,6547.11,5391.75,,,6570.704382,5208.3986
6666.75,6499.95,5437.75,,6865.75,6687.77,5346.75,,6666.75,6520.14,5250.75,,6830.75,6666.43,5266.75,,6865.75,6593.65,5273.75,,6648.668596,6422.50021,5247.000753,,6757.75,6545.78,5158.75,,6655.75,6427.64,5360.75,,6660.75,6481.47,4928.75,,6757.75,6535.02,5182.75,,,6538.035021,5245.375075
6666.75,6510.54,5158.75,,6865.75,6633.29,5214.75,,6666.75,6476.57,5306.75,,6830.75,6636.96,5398.75,,6865.75,6726.34,5130.75,,6649.75,6481.815563,4860.018982,,6757.75,6545.03,5250.75,,6655.75,6467.6,5242.75,,6660.75,6501,5214.75,,6757.75,6513.42,5162.75,,,6549.256556,5194.076898
6666.75,6484.52,5242.75,,6865.75,6718.28,5130.75,,6666.75,6480.35,4996.75,,6830.75,6670.56,5441.75,,6865.75,6682.9,5078.75,,6649.75,6526.472631,5337.402994,,6757.75,6559.19,5274.75,,6655.75,6442.51,5140.75,,6660.75,6493.3,5130.75,,6757.75,6591.04,5499.75,,,6564.912263,5227.415299
6666.75,6473.32,5304.75,,6865.75,6660.84,5266.75,,6666.75,6504.01,5389.75,,6830.75,6723.88,5454.75,,6956.75,6684.81,5130.75,,6649.75,6446.970363,5338.75,,6757.75,6588.6,5449.75,,6655.75,6475.29,5176.75,,6660.75,6471.62,5510.75,,6757.75,6580.98,5346.75,,,6561.032036,5336.95
6666.75,6519.54,5427.75,,6865.75,6653.07,5135.75,,6666.75,6523.7,5155.75,,6830.75,6565.91,5067.75,,6956.75,6595,5130.75,,6649.75,6526.77,5153.75,,6757.75,6539.65,5317.75,,6655.75,6515.74,5363.75,,6660.75,6542.6,5348.75,,6757.75,6561.01,5437.75,,,6554.299,5253.95
6666.75,6519.57,5260.75,,6865.75,6641.42,5267.75,,6666.75,6436.73,5158.75,,6830.75,6614.46,5196.75,,6956.75,6705.99,4838.75,,6649.75,6480.95,5265.75,,6757.75,6506.96,5074.75,,6655.75,6519.66,5291.75,,6660.75,6500.33,5351.75,,6757.75,6536,5152.75,,,6546.207,5185.95
6666.75,6475.67,5343.75,,6865.75,6680.42,5126.75,,6666.75,6479.23,5166.75,,6830.75,6593.69,5130.75,,6956.75,6751.51,5531.75,,6649.75,6497.95,5248.75,,6757.75,6587.6,5035.75,,6666.75,6510.05,5347.75,,6660.75,6523.12,4928.75,,6757.75,6583.26,5066.75,,,6568.25,5192.75
6666.75,6452.94,5130.75,,6865.75,6711,5629.75,,6666.75,6520.7,4967.75,,6830.75,6678.87,5352.75,,6956.75,6678.76,5424.75,,6649.75,6484.44,5467.75,,6757.75,6582.73,5336.75,,6666.75,6456.54,5171.75,,6660.75,6488.77,5514.75,,6757.75,6602.1,5513.75,,,6565.685,5351.05
6666.75,6489.92,5200.75,,6865.75,6673.87,5248.75,,6666.75,6461.54,5098.75,,6830.75,6667.54,5329.75,,6956.75,6759.76,5328.75,,6649.75,6527.52,5249.75,,6757.75,6574.72,5448.75,,6666.75,6524.65,5421.75,,6660.75,6534.3,5367.75,,6757.75,6593.39,5321.75,,,6580.721,5301.65
6666.75,6457.97,5130.75,,6865.75,6686.53,5479.75,,6666.75,6445.85,5071.75,,6830.75,6693.9,5567.75,,6956.75,6706.23,5265.75,,6649.75,6510.41,5566.75,,6757.75,6583.78,5339.75,,6666.75,6469.99,5242.75,,6660.75,6529.39,5233.75,,6757.75,6546.75,4949.75,,,6563.08,5284.85
6666.75,6526.63,5137.75,,6865.75,6679.23,5172.75,,6666.75,6486.91,5179.75,,6830.75,6645.79,5296.75,,6956.75,6724.66,5341.75,,6649.75,6534.19,5283.75,,6757.75,6579.61,5423.75,,6666.75,6456.41,4567.75,,6660.75,6521.41,5263.75,,6757.75,6601.96,5057.75,,,6575.68,5172.55
6666.75,6465.35,5350.75,,6865.75,6686.54,5244.75,,6666.75,6489.51,5155.75,,6830.75,6649.37,5178.75,,6956.75,6717.68,5435.75,,6649.75,6448.57,5150.75,,6757.75,6595.37,5446.75,,6666.75,6445.43,4967.75,,6660.75,6524.24,5343.75,,6757.75,6686.53,5649.75,,,6570.859,5292.45
6666.75,6533.69,5326.75,,6865.75,6679.54,5628.75,,6666.75,6489.07,5029.75,,6830.75,6657.17,5377.75,,6956.75,6752.46,5255.75,,6649.75,6509.94,4962.75,,6757.75,6503.06,4926.75,,6666.75,6514.49,5232.75,,6660.75,6471.83,5295.75,,6757.75,6530.05,5266.75,,,6564.13,5230.35
6666.75,6443.06,5120.75,,6865.75,6660.69,5179.75,,6666.75,6511.49,5325.75,,6830.75,6639.28,5366.75,,6956.75,6735.64,5453.75,,6649.75,6524.41,5327.75,,6757.75,6564.09,5135.75,,6666.75,6427.27,5291.75,,6660.75,6505.32,5087.75,,6757.75,6584.98,5235.75,,,6559.623,5252.55
6766.75,6522.44,5268.75,,6865.75,6618.48,4777.75,,6666.75,6486.23,5242.75,,6830.75,6706.88,5426.75,,6956.75,6692.94,5130.75,,6649.75,6538.59,5363.75,,6757.75,6539.7,5201.75,,6666.75,6396.89,5058.75,,6660.75,6488.58,5361.75,,6757.75,6537.75,5140.75,,,6552.848,5197.35
6766.75,6470.09,5094.75,,6865.75,6715.74,5146.75,,6666.75,6519.7,5062.75,,6830.75,6603.76,5365.75,,6956.75,6738.44,4893.75,,6649.75,6519.03,5529.75,,6757.75,6552.16,4646.75,,6666.75,6520.85,5424.75,,6660.75,6547.02,5246.75,,6757.75,6592.18,5391.75,,,6577.897,5180.35
6766.75,6600.24,5525.75,,6865.75,6682.63,5266.75,,6666.75,6520.35,5243.75,,6830.75,6692.35,5194.75,,6956.75,6733.54,5452.75,,6649.75,6527.61,4947.75,,6757.75,6500.99,5055.75,,6666.75,6480.23,5008.75,,6660.75,6504.98,5446.75,,6757.75,6601.9,4921.75,,,6584.482,5206.45
6766.75,6546.94,5250.75,,6865.75,6711.07,5353.75,,6666.75,6479.7,5135.75,,6830.75,6586.08,5466.75,,6956.75,6771.21,5400.75,,6649.75,6498.87,5178.75,,6757.75,6603.39,5139.75,,6666.75,6403.09,5130.75,,6660.75,6495.14,5319.75,,6757.75,6517.67,4766.75,,,6561.316,5214.35
6766.75,6632.24,4867.75,,6865.75,6689.59,4923.75,,6666.75,6449.97,5321.75,,6830.75,6681.29,5423.75,,6956.75,6661.41,5328.75,,6649.75,6448.06,5290.75,,6757.75,6585.06,5267.75,,6666.75,6516.07,5291.75,,6660.75,6502.77,5149.75,,6757.75,6564.04,5268.75,,,6573.05,5213.45
6766.75,6615.4,5130.75,,6865.75,6691.39,5472.75,,6666.75,6462.56,5195.75,,6830.75,6660.41,5342.75,,6956.75,6818.83,5130.75,,6649.75,6482.36,5080.75,,6757.75,6626.53,5132.75,,6666.75,6512.97,5464.75,,6660.75,6524.41,5443.75,,6757.75,6612.78,5449.75,,,6600.764,5284.45
6766.75,6647.96,5333.75,,6867.75,6687.01,5557.75,,6666.75,6450,5401.75,,6830.75,6669.35,5534.75,,6956.75,6729,5439.75,,6649.75,6505.47,5142.75,,6757.75,6565.57,5334.75,,6666.75,6562.62,5362.75,,6660.75,6492.98,5466.75,,6757.75,6573.93,5344.75,,,6588.389,5391.95
6766.75,6608.81,5465.75,,6867.75,6669.96,5534.75,,6666.75,6459.14,5191.75,,6830.75,6696.5,5265.75,,6956.75,6775.03,5328.75,,6649.75,6518.32,5351.75,,6757.75,6582.72,5046.75,,6666.75,6492.22,5139.75,,6660.75,6479.75,5255.75,,6757.75,6583.63,4751.75,,,6586.608,5233.25
6766.75,6564.1,5292.75,,6867.75,6719.86,5429.75,,6666.75,6460.72,5149.75,,6830.75,6649.25,4987.75,,6956.75,6754.97,5356.75,,6649.75,6451.27,5297.75,,6757.75,6571.58,5141.75,,6666.75,6500.39,5328.75,,6660.75,6504.57,5079.75,,6757.75,6573.23,5456.75,,,6574.994,5252.15
6766.75,6530.75,5130.75,,6867.75,6705.51,5155.75,,6666.75,6465.29,5015.75,,6830.75,6635.64,5362.75,,6956.75,6664.68,4933.75,,6649.75,6512.96,5078.75,,6757.75,6541.86,5126.75,,6666.75,6500.89,5333.75,,6660.75,6484.75,5164.75,,6757.75,6521.1,4954.75,,,6556.343,5125.75
6766.75,6585.67,5482.75,,6867.75,6721.54,5861.75,,6666.75,6476.73,5157.75,,6830.75,6703.9,5464.75,,6956.75,6650.53,5023.75,,6649.75,6447.77,5268.75,,6757.75,6607.91,5410.75,,6666.75,6552.25,5229.75,,6660.75,6438.02,5286.75,,6757.75,6548.01,5075.75,,,6573.233,5326.25
6766.75,6565.61,5238.75,,6867.75,6687.18,5351.75,,6666.75,6500.38,5345.75,,6830.75,6675.65,5425.75,,6956.75,6740.92,5644.75,,6649.75,6469.82,4566.75,,6757.75,6611.81,5412.75,,6666.75,6536.11,5221.75,,6660.75,6510.18,5274.75,,6757.75,6642.34,5658.75,,,6594,5314.15
6766.75,6587.91,5653.75,,6867.75,6689.68,5342.75,,6666.75,6528.86,5543.75,,6830.75,6690.59,5239.75,,6956.75,6753.04,5329.75,,6649.75,6502.04,5437.75,,6757.75,6625.3,5395.75,,6666.75,6453.94,5342.75,,6660.75,6538.58,5242.75,,6757.75,6590.79,5354.75,,,6596.073,5388.35
6766.75,6598.08,5366.75,,6867.75,6581.63,5130.75,,6666.75,6478.15,5221.75,,6830.75,6671.97,5099.75,,6956.75,6677.78,4939.75,,6649.75,6500.33,5379.75,,6757.75,6611.31,5462.75,,6666.75,6437.04,5360.75,,6660.75,6527.46,5532.75,,6757.75,6591.16,5454.75,,,6567.491,5294.95
6766.75,6605.86,5264.75,,6867.75,6645.27,4928.75,,6666.75,6510,5291.75,,6830.75,6703,5174.75,,6956.75,6798.01,4966.75,,6649.75,6500.75,5412.75,,6757.75,6523.88,5266.75,,6666.75,6477.88,5035.75,,6660.75,6520.6,5378.75,,6757.75,6625.79,5346.75,,,6591.104,5206.75
6766.75,6581.78,5130.75,,6867.75,6667.55,4928.75,,6666.75,6475.5,5052.75,,6830.75,6628.23,5344.75,,6956.75,6716.42,4667.75,,6649.75,6507.2,5192.75,,6757.75,6574.04,5473.75,,6666.75,6443.65,5366.75,,6660.75,6524.08,5265.75,,6757.75,6624.6,5192.75,,,6574.305,5161.65
6766.75,6608.72,5522.75,,6867.75,6661.05,5059.75,,6666.75,6502.37,5332.75,,6830.75,6642.41,5321.75,,6956.75,6781.69,5258.75,,6649.75,6406.18,4723.75,,6757.75,6552.56,5339.75,,6666.75,6469.96,5345.75,,6660.75,6549.01,5130.75,,6757.75,6574.55,5141.75,,,6574.85,5217.75
6766.75,6616.05,5500.75,,6867.75,6734.21,5326.75,,6666.75,6528.03,5438.75,,6830.75,6611.94,5439.75,,6956.75,6723.53,5374.75,,6649.75,6462.49,5030.75,,6757.75,6564.68,5178.75,,6666.75,6502.36,5340.75,,6660.75,6484.55,5421.75,,6757.75,6509.26,5163.75,,,6573.71,5321.65
6766.75,6665.88,5449.75,,6867.75,6713.66,5463.75,,6666.75,6462.53,5071.75,,6830.75,6692.64,5375.75,,6956.75,6638.35,5063.75,,6649.75,6470.84,5358.75,,6757.75,6587.07,5323.75,,6666.75,6454.91,4995.75,,6660.75,6527.14,5437.75,,6757.75,6626.53,5455.75,,,6583.955,5299.65
6766.75,6563.5,5333.75,,6867.75,6680.93,4845.75,,6666.75,6454.18,5291.75,,6830.75,6685.82,5729.75,,6956.75,6754.55,5426.75,,6649.75,6510.67,5130.75,,6757.75,6608.63,5248.75,,6666.75,6438.13,5178.75,,6660.75,6535.48,5173.75,,6757.75,6553.82,4928.75,,,6578.571,5228.85
6766.75,6569.65,5266.75,,6867.75,6678.41,5496.75,,6666.75,6464.45,5335.75,,6830.75,6649.14,5629.75,,6956.75,6725.75,4839.75,,6649.75,6502.33,5327.75,,6757.75,6527.11,5159.75,,6666.75,6481.31,5088.75,,6660.75,6501.91,5427.75,,6757.75,6573.73,5482.75,,,6567.379,5305.55
6766.75,6622.41,5197.75,,6867.75,6666.8,5438.75,,6666.75,6504.76,5291.75,,6830.75,6705.39,5530.75,,6956.75,6809.94,5600.75,,6649.75,6472.69,5157.75,,6757.75,6625.66,5328.75,,6666.75,6448.32,4972.75,,6660.75,6532.36,5138.75,,6757.75,6573.28,5426.75,,,6596.161,5308.45
6766.75,6524.97,5258.75,,6867.75,6654.22,5537.75,,6666.75,6459.33,5404.75,,6830.75,6668.49,5626.75,,6956.75,6793.76,5223.75,,6649.75,6483.44,5367.75,,6757.75,6604.31,5192.75,,6666.75,6483.03,5067.75,,6660.75,6522.24,5125.75,,6757.75,6589.19,5318.75,,,6578.298,5312.45
6766.75,6548.49,5358.75,,6867.75,6711.55,5531.75,,6666.75,6491.47,5400.75,,6830.75,6676.12,5360.75,,6956.75,6679.4,4567.75,,6649.75,6475.88,5258.75,,6757.75,6621.19,5238.75,,6666.75,6506.67,5360.75,,6660.75,6456.53,5252.75,,6757.75,6574.51,5268.75,,,6574.181,5259.95
6766.75,6583.21,5102.75,,6867.75,6694.83,5358.75,,6666.75,6481.91,5039.75,,6830.75,6675.39,5460.75,,6956.75,6750.87,5392.75,,6649.75,6498.93,5249.75,,6757.75,6611.81,5526.75,,6666.75,6479.87,5226.75,,6660.75,6531.4,4938.75,,6757.75,6627.42,5329.75,,,6593.564,5262.65
6766.75,6598.4,5326.75,,6867.75,6637.94,5235.75,,6666.75,6492.17,5179.75,,6830.75,6676.68,4743.75,,6956.75,6678.2,5084.75,,6649.75,6477.89,5168.75,,6757.75,6500.95,5138.75,,6666.75,6474.31,5440.75,,6660.75,6553.76,5626.75,,6757.75,6579.77,5414.75,,,6567.007,5236.05
6766.75,6498.16,5130.75,,6867.75,6704.37,5374.75,,6666.75,6524.25,5385.75,,6830.75,6670.15,5527.75,,6956.75,6795.26,5149.75,,6649.75,6515,5263.75,,6757.75,6505.59,5459.75,,6666.75,6572.39,5357.75,,6660.75,6514.21,5509.75,,6757.75,6589,5466.75,,,6588.838,5362.65
6766.75,6586.21,5145.75,,6867.75,6639.01,5433.75,,6666.75,6482.97,5208.75,,6830.75,6703.96,5367.75,,6956.75,6716.59,5346.75,,6649.75,6511.9,5355.75,,6757.75,6444.34,5064.75,,6666.75,6446.93,5367.75,,6660.75,6541.79,5415.75,,6757.75,6541.7,5368.75,,,6561.54,5307.55
6766.75,6625.94,5563.75,,6867.75,6726.03,5687.75,,6666.75,6541.1,5349.75,,6830.75,6602.53,5428.75,,6956.75,6730.89,5328.75,,6649.75,6523.72,5489.75,,6757.75,6606.05,5461.75,,6666.75,6433.98,5224.75,,6660.75,6478.13,5178.75,,6757.75,6624.46,5330.75,,,6589.283,5404.45
6766.75,6584.4,5150.75,,6867.75,6660.63,5425.75,,6666.75,6518.45,5483.75,,6830.75,6720.47,5441.75,,6956.75,6738.47,5140.75,,6649.75,6516.59,5327.75,,6757.75,6577.83,5335.75,,6666.75,6494.63,5267.75,,6660.75,6524.16,5337.75,,6757.75,6554.83,5272.75,,,6589.046,5318.45
6766.75,6576.99,5018.75,,6867.75,6686.9,5527.75,,6666.75,6429.11,4930.75,,6830.75,6722.39,5362.75,,6956.75,6665.16,5232.75,,6649.75,6471.84,5145.75,,6757.75,6573.36,5356.75,,6666.75,6457.44,5053.75,,6660.75,6466.57,5045.75,,6757.75,6612.38,5566.75,,,6566.214,5224.15
6766.75,6650,5241.75,,6867.75,6729.06,5433.75,,6666.75,6520.06,5436.75,,6830.75,6629.84,5130.75,,6956.75,6647.92,5181.75,,6649.75,6524.66,5647.75,,6757.75,6552.08,5252.75,,6666.75,6443.06,4987.75,,6660.75,6441.99,4923.75,,6757.75,6525.82,5017.75,,,6566.449,5225.45
6766.75,6608.89,5380.75,,6867.75,6712.6,5313.75,,6666.75,6454.1,5130.75,,6830.75,6686.92,5732.75,,6956.75,6773.04,5433.75,,6649.75,6484.15,4947.75,,6757.75,6557.67,5590.75,,6666.75,6428.43,5366.75,,6660.75,6510.28,5532.75,,6757.75,6614.1,5343.75,,,6583.018,5377.35
6766.75,6549.26,5192.75,,6867.75,6679.78,5167.75,,6666.75,6515.45,5243.75,,6830.75,6618.84,4928.75,,6956.75,6677.24,5130.75,,6649.75,6495.85,5246.75,,6757.75,6532.4,5178.75,,6666.75,6490.53,5243.75,,6660.75,6512.74,5566.75,,6757.75,6524.09,5267.75,,,6559.618,5216.75
6766.75,6447.08,4998.75,,6867.75,6701.39,5543.75,,6666.75,6513.37,5067.75,,6830.75,6645.34,5333.75,,6956.75,6780.65,5351.75,,6649.75,6422,5241.75,,6757.75,6608.73,5323.75,,6666.75,6476.12,5035.75,,6660.75,6452.03,5058.75,,6757.75,6601.99,5165.75,,,6564.87,5212.15
6766.75,6578.56,5130.75,,6867.75,6628.95,4901.75,,6666.75,6511.96,5363.75,,6830.75,6677.84,5463.75,,6956.75,6727.92,5150.75,,6649.75,6493.55,5266.75,,6757.75,6592.68,5130.75,,6666.75,6498.28,5166.75,,6660.75,6582.39,5268.75,,6757.75,6696.83,5829.75,,,6598.896,5267.35
6766.75,6622.59,5416.75,,6867.75,6643.62,5525.75,,6666.75,6438.41,4928.75,,6830.75,6648.79,5634.75,,6956.75,6772.33,5363.75,,6649.75,6473.67,5230.75,,6757.75,6629.16,5669.75,,6666.75,6490.33,5277.75,,6660.75,6476.29,5130.75,,6757.75,6563.12,5250.75,,,6575.831,5342.95
6766.75,6583.71,5320.75,,6867.75,6657.66,5527.75,,6666.75,6452.24,5172.75,,6830.75,6698.35,5263.75,,6956.75,6742.85,4976.75,,6649.75,6464.93,5247.75,,6757.75,6571.21,5466.75,,6666.75,6484.3,5152.75,,6660.75,6482.76,5403.75,,6757.75,6521.7,5447.75,,,6565.971,5298.05
6766.75,6604.73,5258.75,,6867.75,6711.79,5335.75,,6666.75,6477.75,5130.75,,6830.75,6589.56,5130.75,,6956.75,6743.33,5266.75,,6649.75,6506.28,5254.75,,6757.75,6544.72,5229.75,,6666.75,6504.1,5303.75,,6660.75,6493.98,4723.75,,6757.75,6619.91,5257.75,,,6579.615,5189.25
6766.75,6589.67,5427.75,,6867.75,6730.04,5447.75,,6666.75,6463.62,5354.75,,6830.75,6619.07,5328.75,,6956.75,6762.37,5130.75,,6649.75,6446.7,5242.75,,6757.75,6513.61,5179.75,,6666.75,6471.79,5266.75,,6660.75,6450.1,4950.75,,6757.75,6588.22,5130.75,,,6563.519,5246.05
6766.75,6603.23,5043.75,,6867.75,6636.29,5265.75,,6666.75,6507.71,5529.75,,6830.75,6639.73,5130.75,,6956.75,6700.86,5367.75,,6649.75,6496.22,5543.75,,6757.75,6615.16,4995.75,,6666.75,6563.96,5517.75,,6660.75,6523.65,5530.75,,6757.75,6581.98,5239.75,,,6586.879,5316.55
6766.75,6613.27,5130.75,,6867.75,6706.36,5449.75,,6666.75,6490.5,5339.75,,6830.75,6629.08,5330.75,,6956.75,6722.56,5177.75,,6649.75,6497.45,4976.75,,6757.75,6615.26,5252.75,,6666.75,6450.09,4524.75,,6660.75,6487.16,5137.75,,6757.75,6524.77,5009.75,,,6573.65,5133.05
6766.75,6651.03,5267.75,,6867.75,6638.97,5487.75,,6666.75,6480.41,5267.75,,6830.75,6609.62,5341.75,,6956.75,6770.22,5299.75,,6649.75,6504.21,5192.75,,6757.75,6513.34,5249.75,,6666.75,6517.19,5483.75,,6660.75,6493.53,5351.75,,6757.75,6534.96,5252.75,,,6571.348,5319.55
6766.75,6578.29,4900.75,,6867.75,6732.44,5665.75,,6666.75,6487.3,5064.75,,6830.75,6636.19,5130.75,,6956.75,6747.52,5436.75,,6649.75,6422.54,5142.75,,6757.75,6579.12,5330.75,,6666.75,6476.19,5242.75,,6660.75,6538.45,4878.75,,6757.75,6572.46,4867.75,,,6577.05,5166.15
6766.75,6620.28,5396.75,,6867.75,6668.94,5336.75,,6666.75,6511.56,5451.75,,6830.75,6625.72,5130.75,,6956.75,6775.05,5325.75,,6649.75,6478.77,5312.75,,6757.75,6543.19,5330.75,,6666.75,6431.22,5167.75,,6660.75,6478.32,5256.75,,6757.75,6568.8,5422.75,,,6570.185,5313.25
6766.75,6543.95,5266.75,,6867.75,6644.19,5266.75,,6666.75,6437.1,5179.75,,6830.75,6719.02,5554.75,,6956.75,6683.7,5338.75,,6649.75,6496.72,5461.75,,6757.75,6575.9,5217.75,,6666.75,6524.35,5350.75,,6660.75,6507.66,5456.75,,6757.75,6538.77,4764.75,,,6567.136,5285.85
6766.75,6577.14,5436.75,,6867.75,6712.49,5593.75,,6666.75,6466.61,4998.75,,6830.75,6651.77,5344.75,,6956.75,6757.37,5267.75,,6649.75,6470.87,4764.75,,6757.75,6586.75,5130.75,,6666.75,6494.24,5327.75,,6660.75,6547.18,5542.75,,6757.75,6653.37,5321.75,,,6591.779,5272.95
6766.75,6533.33,5249.75,,6867.75,6678.53,5447.75,,6666.75,6526.19,5548.75,,6830.75,6668.56,5240.75,,6956.75,6779.59,5141.75,,6649.75,6475.17,4930.75,,6757.75,6608.26,5178.75,,6666.75,6499.98,5412.75,,6660.75,6542.74,5029.75,,6757.75,6593.33,5078.75,,,6590.568,5225.95
6766.75,6534.43,5358.75,,6867.75,6647.33,5333.75,,6666.75,6465.03,5429.75,,6830.75,6658.35,5426.75,,6956.75,6668.03,5447.75,,6649.75,6457.34,5171.75,,6757.75,6590.21,4967.75,,6666.75,6581.92,5245.75,,6660.75,6509.85,5130.75,,6757.75,6518.27,5061.75,,,6563.076,5257.45
6766.75,6635.81,5453.75,,6867.75,6631.75,4911.75,,6666.75,6525.01,5303.75,,6830.75,6680.94,5296.75,,6956.75,6834.35,5823.75,,6649.75,6497.43,5176.75,,6757.75,6575.74,5159.75,,6666.75,6519.77,5335.75,,6660.75,6515.34,5125.75,,6757.75,6619.5,5565.75,,,6603.564,5315.35
6766.75,6481.61,5165.75,,6867.75,6672.93,5482.75,,6666.75,6471.83,5242.75,,6830.75,6668.79,5366.75,,6956.75,6745.35,5467.75,,6649.75,6500.49,5130.75,,6757.75,6562.73,5353.75,,6666.75,6412.99,5123.75,,6660.75,6544.83,4908.75,,6757.75,6605.45,5156.75,,,6566.7,5239.95
6766.75,6634.52,5359.75,,6867.75,6693.35,5045.75,,6666.75,6472.28,5264.75,,6830.75,6640.78,5130.75,,6956.75,6783.46,5130.75,,6649.75,6477.87,5325.75,,6757.75,6542.94,5046.75,,6666.75,6507.63,5438.75,,6660.75,6500.68,5317.75,,6757.75,6521.21,5376.75,,,6577.472,5243.75
6766.75,6545.55,5092.75,,6867.75,6702.84,5457.75,,6666.75,6498.96,5079.75,,6830.75,6690.76,5450.75,,6956.75,6687.3,5056.75,,6649.75,6494.2,5488.75,,6757.75,6646.31,5467.75,,6666.75,6493,5343.75,,6660.75,6485.98,5130.75,,6757.75,6581.2,5081.75,,,6582.61,5265.05
6766.75,6585.53,5350.75,,6867.75,6636.38,5473.75,,6666.75,6460.51,5190.75,,6830.75,6612.45,5316.75,,6956.75,6742.71,5469.75,,6649.75,6488.68,4726.75,,6757.75,6532.25,5033.75,,6666.75,6501.61,5130.75,,6660.75,6476.15,5153.75,,6757.75,6527.11,5102.75,,,6556.338,5194.95
6766.75,6597.03,5485.75,,6867.75,6704.01,5261.75,,6666.75,6493.45,5048.75,,6830.75,6700.34,5544.75,,6956.75,6630.89,5357.75,,6649.75,6455.95,5419.75,,6757.75,6629.13,5562.75,,6666.75,6422.83,5124.75,,6660.75,6562.77,5273.75,,6757.75,6549.27,5334.75,,,6574.567,5341.45
6766.75,6562.04,5215.75,,6867.75,6715.39,5130.75,,6666.75,6471.35,5445.75,,6830.75,6709.22,5476.75,,6956.75,6748.2,5259.75,,6649.75,6513.38,5327.75,,6757.75,6574.4,5262.75,,6666.75,6496.09,5435.75,,6660.75,6561.41,5110.75,,6757.75,6537.93,5243.75,,,6588.941,5290.95
6766.75,6540.37,5402.75,,6867.75,6696.02,5591.75,,6666.75,6496.74,5428.75,,6830.75,6648.8,5427.75,,6956.75,6660.23,5181.75,,6649.75,6522.43,5327.75,,6757.75,6593.34,5342.75,,6666.75,6389.65,5214.75,,6660.75,6558.62,5301.75,,6757.75,6607.53,5243.75,,,6571.373,5346.35
6766.75,6520.77,5007.75,,6867.75,6719.24,5234.75,,6666.75,6497.24,5303.75,,6830.75,6608.94,5273.75,,6956.75,6765.31,5450.75,,6649.75,6483.93,5507.75,,6757.75,6595.58,5264.75,,6666.75,6468.25,5351.75,,6660.75,6489.46,5439.75,,6757.75,6587.76,5592.75,,,6573.648,5342.75
6766.75,6537.62,5061.75,,6867.75,6646.73,5253.75,,6666.75,6504.29,5352.75,,6830.75,6657.2,5019.75,,6956.75,6785.68,5181.75,,6649.75,6524.24,5428.75,,6757.75,6571.38,5450.75,,6666.75,6475.46,5135.75,,6660.75,6491.78,5347.75,,6757.75,6611.58,5244.75,,,6580.596,5247.75
6766.75,6569.69,5130.75,,6867.75,6721.17,5554.75,,6666.75,6550.05,5592.75,,6830.75,6721.04,5441.75,,6956.75,6757.3,5232.75,,6649.75,6485.29,5326.75,,6757.75,6591.99,5311.75,,6666.75,6516.12,4867.75,,6660.75,6550.35,5195.75,,6757.75,6559.24,5266.75,,,6602.224,5292.15
6766.75,6587.23,5115.75,,6867.75,6642.92,5075.75,,6666.75,6515.13,5412.75,,6830.75,6669.02,5576.75,,6956.75,6784.04,5224.75,,6649.75,6521.78,5262.75,,6757.75,6615.6,5413.75,,6666.75,6492.06,5130.75,,6660.75,6515.84,4736.75,,6757.75,6559.77,5371.75,,,6590.339,5232.15
6766.75,6540.15,5304.75,,6867.75,6633.13,5254.75,,6666.75,6416.68,4524.75,,6830.75,6663.45,5526.75,,6956.75,6697.7,5219.75,,6649.75,6510.15,5119.75,,6757.75,6557.19,5141.75,,6666.75,6438.26,5229.75,,6660.75,6505.41,5237.75,,6757.75,6543.2,5368.75,,,6550.532,5192.85
6766.75,6630.92,5246.75,,6867.75,6683.88,5275.75,,6666.75,6509.2,5529.75,,6830.75,6676.07,5554.75,,6956.75,6716.07,5159.75,,6649.75,6509.22,5266.75,,6757.75,6588.25,5192.75,,6666.75,6516.31,5063.75,,6660.75,6535.88,5479.75,,6757.75,6605.8,5129.75,,,6597.16,5289.95
6766.75,6631.67,5047.75,,6867.75,6676.79,5159.75,,6666.75,6462.16,5250.75,,6830.75,6674.7,4797.75,,6956.75,6614.64,5066.75,,6649.75,6550.34,5582.75,,6757.75,6619.3,5434.75,,6666.75,6438.92,5351.75,,6660.75,6552.6,5362.75,,6757.75,6610.6,4967.75,,,6583.172,5202.25
6766.75,6555.95,5291.75,,6867.75,6636.21,5130.75,,6666.75,6519.36,5215.75,,6830.75,6693.89,5067.75,,6956.75,6696.55,5335.75,,6649.75,6524.27,5430.75,,6757.75,6546,5386.75,,6666.75,6443.47,5130.75,,6660.75,6495.93,5422.75,,6757.75,6607.65,5366.75,,,6571.928,5277.95
6766.75,6557.42,5158.75,,6867.75,6668.86,5387.75,,6666.75,6495.26,5325.75,,6830.75,6655.12,5539.75,,6956.75,6760.29,5225.75,,6649.75,6529.45,5445.75,,6757.75,6515.48,5237.75,,6666.75,6534.81,5234.75,,6660.75,6481.29,5350.75,,6757.75,6591.21,5326.75,,,6578.919,5323.35
6766.75,6565.24,5130.75,,6867.75,6687.21,5154.75,,6666.75,6471.71,5049.75,,6830.75,6586.3,4746.75,,6956.75,6701.17,4864.75,,6649.75,6462.99,5246.75,,6757.75,6591.91,5267.75,,6666.75,6448.94,5166.75,,6660.75,6472.97,5130.75,,6757.75,6587.15,4928.75,,,6557.559,5068.75
6766.75,6530.16,4924.75,,6867.75,6673.23,5534.75,,6666.75,6458.33,4781.75,,6830.75,6679.68,5275.75,,6956.75,6685.36,5047.75,,6649.75,6517.39,5442.75,,6757.75,6536.57,5150.75,,6666.75,6444.35,4928.75,,6660.75,6505.35,5237.75,,6757.75,6576.01,5265.75,,,6560.643,5159.05
6766.75,6671.09,5141.75,,6867.75,6707.03,5718.75,,6666.75,6471.45,5130.75,,6830.75,6692.2,5342.75,,6956.75,6752.97,5423.75,,6649.75,6505.51,5078.75,,6757.75,6595.24,5356.75,,6666.75,6451.82,5233.75,,6660.75,6529.11,5464.75,,6757.75,6563.51,5217.75,,,6593.993,5310.95
6766.75,6511.44,5172.75,,6867.75,6755.93,5336.75,,6666.75,6528.02,5427.75,,6830.75,6700.6,5359.75,,6956.75,6718.91,5396.75,,6649.75,6506.94,5288.75,,6757.75,6631.57,5692.75,,6666.75,6506.25,5343.75,,6660.75,6533.08,5440.75,,6757.75,6531.4,5331.75,,,6592.414,5379.15
6766.75,6576.82,5255.75,,6867.75,6614.11,5130.75,,6666.75,6432.19,5217.75,,6830.75,6667.58,5221.75,,6956.75,6765.5,5181.75,,6649.75,6495.61,5209.75,,6757.75,6603.96,5241.75,,6666.75,6510.57,5225.75,,6660.75,6490.51,5367.75,,6757.75,6567.28,5376.75,,,6572.413,5242.95
6766.75,6513.38,4879.75,,6867.75,6634.34,5250.75,,6666.75,6410.23,5162.75,,6830.75,6688.04,5649.75,,6956.75,6737.4,5130.75,,6649.75,6467.73,5294.75,,6757.75,6567.13,5267.75,,6666.75,6471.78,5302.75,,6660.75,6480.82,5130.75,,6757.75,6495.75,5278.75,,,6546.66,5234.85
6766.75,6511.64,5242.75,,6867.75,6689.61,5067.75,,6666.75,6503.7,5179.75,,6830.75,6631.66,5236.75,,6956.75,6765.57,5242.75,,6649.75,6452.78,5242.75,,6757.75,6619.3,5449.75,,6666.75,6495.71,5239.75,,6660.75,6524.33,5565.75,,6757.75,6606.71,5398.75,,,6580.101,5286.65
6766.75,6569.61,5130.75,,6867.75,6668.9,5546.75,,6666.75,6368.8,5034.75,,6830.75,6690.04,5736.75,,6956.75,6718.78,4667.75,,6649.75,6584.73,5554.75,,6757.75,6601.69,5218.75,,6666.75,6512.99,5262.75,,6660.75,6534.92,5448.75,,6757.75,6638.89,5125.75,,,6588.935,5272.75
6766.75,6477.47,4757.75,,6867.75,6637.35,5358.75,,6666.75,6509.56,5276.75,,6830.75,6670.48,5558.75,,6956.75,6690.45,5368.75,,6649.75,6450.13,5360.75,,6757.75,6519.96,5172.75,,6666.75,6432,5275.75,,6660.75,6449.03,5063.75,,6757.75,6648.83,5233.75,,,6548.526,5242.75
6766.75,6565.69,5043.75,,6867.75,6685.86,5372.75,,6666.75,6492.6,5147.75,,6830.75,6689.18,5356.75,,6956.75,6730.13,5521.75,,6649.75,6452.39,4947.75,,6757.75,6583.01,5226.75,,6666.75,6486.15,5153.75,,6660.75,6515.08,5231.75,,6757.75,6557.51,5182.75,,,6575.76,5218.55
6766.75,6611.9,5657.75,,6867.75,6691.48,5464.75,,6666.75,6479.94,5438.75,,6830.75,6678.53,5340.75,,6956.75,6751.74,5474.75,,6649.75,6554.45,5539.75,,6757.75,6574.08,5370.75,,6666.75,6499.57,5360.75,,6660.75,6501.01,5277.75,,6757.75,6625.49,5357.75,,,6596.819,5428.35
6766.75,6627.33,4879.75,,6867.75,6689.93,5130.75,,6666.75,6438.47,5067.75,,6830.75,6670.89,5458.75,,6956.75,6719.46,5096.75,,6649.75,6453.82,4687.75,,6757.75,6571.45,5226.75,,6666.75,6458.53,5346.75,,6660.75,6485.15,5475.75,,6757.75,6579.92,4946.75,,,6569.495,5131.75
6766.75,6569.55,5130.75,,6867.75,6649.11,5147.75,,6666.75,6446.94,5158.75,,6830.75,6673.04,4902.75,,6956.75,6760.95,5365.75,,6649.75,6494.95,5369.75,,6757.75,6652.17,5266.75,,6666.75,6440.42,5263.75,,6660.75,6577.12,5555.75,,6757.75,6598.83,5178.75,,,6586.308,5234.05
6766.75,6613.9,5385.75,,6867.75,6693.56,5250.75,,6666.75,6483.91,5295.75,,6830.75,6640.84,5267.75,,6956.75,6759.73,4881.75,,6649.75,6479.8,5066.75,,6757.75,6603.57,5153.75,,6666.75,6459.2,5293.75,,6660.75,6538.06,5248.75,,6757.75,6629.04,5275.75,,,6590.161,5212.05
6766.75,6586.64,5379.75,,6867.75,6695.44,5446.75,,6666.75,6471.96,5167.75,,6830.75,6671.3,5130.75,,6956.75,6710.04,5426.75,,6649.75,6496.42,5066.75,,6757.75,6582.55,5273.75,,6666.75,6539.79,5221.75,,6660.75,6510.9,5440.75,,6757.75,6599.26,4863.75,,,6586.43,5241.85
6766.75,6605.11,4726.75,,6867.75,6742.51,5546.75,,6666.75,6502.89,5508.75,,6830.75,6633.65,4928.75,,6956.75,6674.71,5149.75,,6649.75,6528.3,5333.75,,6757.75,6533.59,4779.75,,6666.75,6459.89,5164.75,,6660.75,6534.61,5343.75,,6757.75,6560.17,5267.75,,,6577.543,5175.05
6766.75,6588.01,5367.75,,6867.75,6683.05,5050.75,,6666.75,6410.69,5365.75,,6830.75,6605.82,5259.75,,6956.75,6756.68,5236.75,,6649.75,6542.02,5499.75,,6757.75,6584.02,5229.75,,6666.75,6439.22,5130.75,,6660.75,6564.16,5603.75,,6757.75,6615.01,5415.75,,,6578.868,5316.05
6766.75,6553.24,5399.75,,6867.75,6635.93,5370.75,,6666.75,6449.93,5338.75,,6830.75,6687.9,5130.75,,6956.75,6682.3,5366.75,,6649.75,6523.59,5266.75,,6757.75,6529.48,5066.75,,6666.75,6470.08,5026.75,,6660.75,6468.29,5355.75,,6757.75,6520.22,4924.75,,,6552.096,5224.75
6766.75,6579.88,4996.75,,6867.75,6625.65,5050.75,,6666.75,6502.31,5254.75,,6830.75,6682.25,5541.75,,6956.75,6736.75,5432.75,,6649.75,6505.41,5458.75,,6757.75,6535.26,5190.75,,6666.75,6462.53,5067.75,,6660.75,6541.03,5446.75,,6757.75,6512.14,5323.75,,,6568.321,5276.45
6766.75,6578.85,5168.75,,6867.75,6607.95,5327.75,,6666.75,6475.67,4973.75,,6830.75,6701.05,5404.75,,6956.75,6782.66,5067.75,,6649.75,6502.03,5343.75,,6757.75,6566.05,5261.75,,6666.75,6476.94,5329.75,,6660.75,6488.97,5163.75,,6757.75,6623.63,5311.75,,,6580.38,5235.35
6766.75,6492.09,5098.75,,6867.75,6742.23,5479.75,,6666.75,6452.84,5291.75,,6830.75,6646.01,5414.75,,6956.75,6709.1,5328.75,,6649.75,6513.24,5252.75,,6757.75,6608.29,5249.75,,6666.75,6468.53,5123.75,,6660.75,6483.48,5335.75,,6757.75,6520.14,4977.75,,,6563.595,5255.35
6766.75,6525.37,5254.75,,6867.75,6613.99,4766.75,,6666.75,6540.61,5344.75,,6830.75,6686.57,5342.75,,6956.75,6686.35,5237.75,,6649.75,6477.62,5391.75,,6757.75,6581.07,5344.75,,6666.75,6449.8,5330.75,,6660.75,6471.13,5341.75,,6757.75,6509.29,5245.75,,,6554.18,5260.15
6766.75,6530.4,4928.75,,6867.75,6644.98,5317.75,,6666.75,6486.84,4766.75,,6830.75,6649.32,5173.75,,6956.75,6737.35,5423.75,,6649.75,6502.96,5521.75,,6757.75,6542.39,5241.75,,6666.75,6507.02,5226.75,,6660.75,6476,5238.75,,6757.75,6563.24,5167.75,,,6564.05,5200.75
6766.75,6540.56,5043.75,,6867.75,6687.35,5269.75,,6666.75,6488.26,5236.75,,6830.75,6697.74,5130.75,,6956.75,6709.45,4966.75,,6649.75,6474.59,5035.75,,6757.75,6570.72,5266.75,,6666.75,6466.82,5141.75,,6660.75,6568.43,5443.75,,6757.75,6584.1,5377.75,,,6578.802,5191.35
6766.75,6533.85,5298.75,,6867.75,6743.8,5559.75,,6666.75,6511.59,5147.75,,6830.75,6648.55,5064.75,,6956.75,6789.11,5508.75,,6649.75,6484.07,5423.75,,6757.75,6526.84,5466.75,,6666.75,6506.58,5321.75,,6660.75,6507.32,5287.75,,6757.75,6517.34,5192.75,,,6576.905,5327.25
6766.75,6542.81,5293.75,,6867.75,6667.14,5460.75,,6666.75,6492.67,5042.75,,6830.75,6628.56,5265.75,,6956.75,6717.94,5322.75,,6649.75,6477.72,5381.75,,6757.75,6583.49,5362.75,,6666.75,6449.84,5334.75,,6660.75,6491.34,5412.75,,6757.75,6586.22,5176.75,,,6563.773,5305.45
6766.75,6620.99,5396.75,,6867.75,6699.81,5363.75,,6666.75,6483,5291.75,,6830.75,6647.18,5181.75,,6956.75,6763.51,5366.75,,6649.75,6503.99,5161.75,,6757.75,6565.66,5223.75,,6666.75,6478.47,5284.75,,6660.75,6511.19,5522.75,,6757.75,6590.96,5231.75,,,6586.476,5302.55
6766.75,6598.12,5349.75,,6867.75,6619.54,5027.75,,6666.75,6528.68,5357.75,,6830.75,6621.33,5358.75,,6956.75,6721.91,5504.75,,6649.75,6505.9,5526.75,,6757.75,6500.34,5257.75,,6666.75,6467.65,5366.75,,6660.75,6533.26,5563.75,,6757.75,6582.31,5361.75,,,6567.904,5367.55
6766.75,6589.85,5274.75,,6867.75,6675.96,5327.75,,6666.75,6498.18,5353.75,,6830.75,6622.46,5063.75,,6956.75,6800.5,5300.75,,6649.75,6528.15,5372.75,,6757.75,6572.64,5192.75,,6666.75,6539.8,5337.75,,6660.75,6530.96,5465.75,,6757.75,6560.1,5264.75,,,6591.86,5295.45
6766.75,6508.69,5191.75,,6867.75,6737.07,5427.75,,6666.75,6538.44,5499.75,,6830.75,6623.62,5576.75,,6956.75,6726.11,5178.75,,6649.75,6455.1,5250.75,,6757.75,6619.79,5331.75,,6666.75,6552.37,5426.75,,6660.75,6500.45,5135.75,,6757.75,6553.76,5361.75,,,6581.54,5338.15
6766.75,6586.11,5345.75,,6867.75,6724.51,5633.75,,6666.75,6520.46,5550.75,,6830.75,6700.05,5576.75,,6956.75,6678.84,5332.75,,6649.75,6489.51,5257.75,,6757.75,6583.4,5278.75,,6666.75,6462.17,5344.75,,6660.75,6498.57,5384.75,,6757.75,6594.49,5266.75,,,6583.811,5397.25
6766.75,6624.61,5364.75,,6867.75,6687.55,5547.75,,6666.75,6537.37,5642.75,,6830.75,6668.54,5341.75,,6956.75,6694.02,5437.75,,6649.75,6539.17,5340.75,,6757.75,6585.82,5319.75,,6666.75,6467.55,5084.75,,6660.75,6513.2,5305.75,,6757.75,6513.54,5267.75,,,6583.137,5365.35
6766.75,6601.7,4996.75,,6867.75,6744.92,5332.75,,6666.75,6469.89,5259.75,,6830.75,6605.85,5180.75,,6956.75,6804.39,5328.75,,6649.75,6466.38,5071.75,,6757.75,6582.03,5363.75,,6666.75,6492.89,5429.75,,6660.75,6532.36,5643.75,,6757.75,6590.02,5338.75,,,6589.043,5294.65
6766.75,6622.97,5463.75,,6867.75,6664.16,5112.75,,6666.75,6536.73,4726.75,,6830.75,6625.07,5158.75,,6956.75,6725.41,5567.75,,6649.75,6555.46,5230.75,,6757.75,6525.21,5020.75,,6666.75,6523.23,5357.75,,6660.75,6510.22,5451.75,,6757.75,6577.39,5130.75,,,6586.585,5222.15
6766.75,6559.85,5221.75,,6867.75,6662.9,5064.75,,6666.75,6496.48,5323.75,,6830.75,6593.1,5145.75,,6956.75,6732.01,5335.75,,6649.75,6441.91,5417.75,,6757.75,6554.61,4952.75,,6666.75,6476.87,5130.75,,6660.75,6541.14,5294.75,,6757.75,6607.77,5079.75,,,6566.664,5196.75
6766.75,6511.82,5213.75,,6867.75,6692.93,5032.75,,6666.75,6547.85,5362.75,,6830.75,6674.38,5660.75,,6956.75,6726.45,4928.75,,6649.75,6542.35,5142.75,,6757.75,6500.12,5210.75,,6666.75,6401.96,5266.75,,6660.75,6496.08,4953.75,,6757.75,6628.57,5563.75,,,6572.251,5233.65
6766.75,6583.09,5041.75,,6867.75,6667.52,4869.75,,6666.75,6467.42,5282.75,,6830.75,6706.36,5553.75,,6956.75,6672.28,5141.75,,6649.75,6483.54,4977.75,,6757.75,6561.63,4951.75,,6666.75,6461.66,5242.75,,6660.75,6526.49,5352.75,,6757.75,6564.65,4663.75,,,6569.464,5107.85
6766.75,6545.29,5426.75,,6867.75,6714.78,5548.75,,6666.75,6545.37,5524.75,,6830.75,6658.44,5429.75,,6956.75,6725.08,5465.75,,6649.75,6515.25,5324.75,,6757.75,6524.02,5266.75,,6666.75,6506.89,5354.75,,6660.75,6458.87,5047.75,,6757.75,6548.38,5370.75,,,6574.237,5376.05
6766.75,6647.53,5258.75,,6867.75,6654.37,5130.75,,6666.75,6529.63,5366.75,,6830.75,6681.87,5447.75,,6956.75,6775.98,5454.75,,6649.75,6478.39,5380.75,,6757.75,6557.55,5174.75,,6666.75,6472.35,5254.75,,6660.75,6506.16,5328.75,,6757.75,6473.99,5210.75,,,6577.782,5300.85
6766.75,6529.18,5350.75,,6867.75,6689.86,5433.75,,6666.75,6467.04,5343.75,,6830.75,6619.29,5181.75,,6956.75,6685.75,5252.75,,6649.75,6459.62,5530.75,,6757.75,6621.55,5394.75,,6666.75,6525.12,5055.75,,6660.75,6517.28,5448.75,,6757.75,6547.82,4986.75,,,6566.251,5297.95
6766.75,6622.57,5130.75,,6867.75,6652.52,5130.75,,6666.75,6551.3,4932.75,,6830.75,6662.12,5641.75,,6956.75,6657.27,5170.75,,6649.75,6489.67,5312.75,,6757.75,6548.65,5277.75,,6666.75,6548.1,5445.75,,6660.75,6444.43,5290.75,,6757.75,6606.9,4777.75,,,6578.353,5211.15
6766.75,6562.14,5351.75,,6867.75,6706.39,5233.75,,6666.75,6457.43,5123.75,,6830.75,6652.68,5380.75,,6956.75,6676.45,5245.75,,6649.75,6511.98,5130.75,,6757.75,6575.48,5276.75,,6666.75,6478.71,5423.75,,6660.75,6507.76,5267.75,,6757.75,6612.02,5464.75,,,6574.104,5289.95
6766.75,6561.74,5450.75,,6867.75,6713.9,4976.75,,6666.75,6471.59,5336.75,,6830.75,6670.47,5638.75,,6956.75,6742.05,5349.75,,6649.75,6489.11,5426.75,,6757.75,6571.61,5526.75,,6666.75,6486.94,5278.75,,6660.75,6555.83,5423.75,,6757.75,6536.88,4862.75,,,6580.012,5327.15
6766.75,6588.45,5267.75,,6867.75,6707.57,5440.75,,6666.75,6454.54,5130.75,,6830.75,6630.27,5164.75,,6956.75,6674.71,5318.75,,6649.75,6541.16,5462.75,,6757.75,6520.5,4950.75,,6666.75,6432.54,5359.75,,6660.75,6495.6,5115.75,,6757.75,6509.66,4679.75,,,6555.5,5189.15
6766.75,6594.73,5455.75,,6867.75,6713.26,5455.75,,6666.75,6473.45,5226.75,,6830.75,6596.75,5341.75,,6956.75,6666.13,5148.75,,6649.75,6464.17,5135.75,,6757.75,6594.68,5365.75,,6666.75,6430.9,4942.75,,6660.75,6492.51,5242.75,,6757.75,6595.95,5359.75,,,6562.253,5267.55
6766.75,6573.62,5412.75,,6867.75,6675.83,5635.75,,6666.75,6458.2,5209.75,,6830.75,6618.84,4677.75,,6956.75,6755.38,5273.75,,6649.75,6499.61,5342.75,,6757.75,6616.89,5054.75,,6666.75,6475.44,4886.75,,6660.75,6481.73,5376.75,,6757.75,6591.61,5049.75,,,6574.715,5192.05
6766.75,6611.35,5138.75,,6867.75,6667.59,5420.75,,6666.75,6504.94,5528.75,,6830.75,6680.24,5102.75,,6956.75,6739.27,5388.75,,6649.75,6492.89,4977.75,,6757.75,6647.21,5446.75,,6666.75,6522.23,5424.75,,6660.75,6476.1,5053.75,,6757.75,6620.91,5141.75,,,6596.273,5262.45
6766.75,6582.77,5290.75,,6867.75,6664.68,5542.75,,6666.75,6486.67,5509.75,,6830.75,6631.94,5029.75,,6956.75,6687.04,5276.75,,6649.75,6489.95,5327.75,,6757.75,6507.8,5192.75,,6666.75,6393.82,5160.75,,6660.75,6478.63,5161.75,,6757.75,6582,5355.75,,,6550.53,5284.85
6766.75,6654.2,5273.75,,6867.75,6646.14,5270.75,,6666.75,6467.56,5344.75,,6830.75,6682.68,5240.75,,6956.75,6697.89,5314.75,,6649.75,6486.66,5038.75,,6757.75,6643.71,5562.75,,6666.75,6495.46,5213.75,,6660.75,6510.12,5140.75,,6757.75,6595.73,5324.75,,,6588.015,5272.55
6766.75,6591.2,5174.75,,6867.75,6704.62,4928.75,,6666.75,6519.87,5517.75,,6830.75,6686.19,5438.75,,6956.75,6676.35,5017.75,,6649.75,6574.92,5437.75,,6757.75,6546.66,5140.75,,6666.75,6524.89,5130.75,,6660.75,6502.49,5140.75,,6757.75,6578.53,5199.75,,,6590.572,5212.75
6766.75,6555.74,5187.75,,6867.75,6727.49,5087.75,,6666.75,6527.62,5389.75,,6830.75,6687.35,5475.75,,6956.75,6794.33,5328.75,,6649.75,6464.8,5245.75,,6757.75,6599.77,5177.75,,6666.75,6490.98,5324.75,,6660.75,6468.4,5390.75,,6757.75,6567.26,5208.75,,,6588.374,5281.75
6766.75,6589.88,5428.75,,6867.75,6720.8,5583.75,,6666.75,6485.89,5319.75,,6830.75,6580.57,5248.75,,6956.75,6711.14,5348.75,,6649.75,6479.98,5283.75,,6757.75,6545.87,5263.75,,6666.75,6544.64,5260.75,,6660.75,6493.41,5377.75,,6757.75,6615.52,5377.75,,,6576.77,5349.35
