65126.2815,10213.90672,-34913.10971,,53683.46393,7092.293709,-41972.54753,,53612.36287,8305.919652,-42078.79242,,53610.73906,9736.147841,-35812.30033,,68415.36103,8677.150923,-50313.1186,,52737.23842,10420.15045,-51951.95938,,54653.83701,8130.773722,-42731.08674,,61330.75907,9232.561996,-41899.0339,,58079.88624,9350.897425,-33621.47891,,57916.65879,9017.755827,-41699.26972
63187.13755,32776.60758,-99788.70729,,55054.34336,21355.88076,-92336.72642,,62166.15126,16547.31288,-103115.452,,49760.9073,20220.17934,-102949.4103,,77944.30629,31256.90531,-87506.35656,,62227.53476,18028.57303,-92083.96048,,70650.60556,25208.08538,-109585.3028,,56139.81088,28896.55814,-69632.42675,,55095.97601,21096.23153,-93645.22842,,61358.53033,23931.81488,-94515.95233
68768.46735,34318.19028,-40930.16818,,51401.82634,22457.13256,-118549.5453,,66967.95455,30052.98674,-99725.46891,,63786.40001,32760.76485,-79783.98994,,93165.18605,56089.93736,-72110.72975,,64070.09526,32751.34696,-79871.74875,,77170.61077,40013.89976,-74779.27946,,59481.61362,33210.13435,-98866.26156,,54957.37197,30754.14933,-75424.96188,,66641.05844,34712.06024,-82226.90597
75982.35715,26449.89097,-103183.1196,,65256.95582,24614.17781,-78192.34839,,81405.22044,56521.93925,-47739.51223,,63166.84864,35792.0851,-95334.15527,,87655.8395,58582.72473,-100575.3736,,52616.38059,28578.55502,-56850.7242,,76777.73582,39190.92407,-128386.9744,,67530.42458,29983.59768,-69295.79567,,59465.78615,33448.21667,-94188.79233,,69984.17208,37018.01237,-85971.86619
73970.29097,44593.47888,-53260.04279,,70243.3619,33517.99057,-105032.2066,,80438.62413,55778.73856,-82832.76664,,60611.74783,35330.20786,-89173.66834,,105327.5226,76121.26643,-20291.12324,,58164.42132,26438.08224,-84878.94164,,90914.51962,51108.59861,-79686.14846,,66307.02609,34545.55775,-88404.77989,,71755.98546,35826.84041,-72261.34746,,75303.72221,43695.64015,-75091.22501
77124.45268,57337.31487,-23068.15899,,62709.8703,32871.42062,-78465.87298,,89721.94095,61298.75425,-25444.30359,,69355.70773,37146.30822,-90855.39448,,97012.52317,74813.59428,-45701.09034,,62156.52487,32927.29976,-82930.81622,,86792.236,62669.47103,-60897.76735,,65517.92362,32891.72529,-72156.82262,,62103.051,34117.9666,-59782.78413,,74721.58115,47341.53943,-59922.55675
81396.65557,55780.13435,-68492.22075,,63680.46305,34209.65391,-75743.42321,,84410.38324,62070.08563,-40923.78401,,58082.69428,38813.99024,-77942.59514,,102452.0349,60575.22559,-74135.87029,,56297.54921,31375.17397,-59033.08266,,90974.17706,71330.97463,-48781.46145,,71535.01101,35793.45571,-60539.87123,,67745.42804,40037.96892,-71112.93267,,75174.93293,47776.29588,-64078.36016
85030.59671,61594.90984,-12333.4436,,73978.16179,43004.83785,-88660.07378,,95574.93863,67597.03011,-37544.50202,,65202.44522,32198.14252,-95417.82169,,103130.5183,75620.11191,-68546.66455,,64140.50089,36716.27566,-40773.34177,,95401.54069,75698.71936,-12692.35659,,78343.78168,46631.85991,-69543.62327,,67423.42546,34804.16312,-58684.79043,,80913.98993,52651.78336,-53799.62419
92212.0992,70229.49402,-24213.18008,,79121.33873,51906.23826,-33016.51272,,88257.14308,73404.35573,-28366.22421,,62982.0178,36539.45898,-95791.83056,,96333.57297,67077.83873,-82663.10469,,78060.29157,43171.50875,-48482.10645,,91060.29964,71328.07737,-37629.14721,,87734.67256,52286.2659,-44044.67346,,63922.09409,37162.63397,-60380.94769,,82187.05885,55900.65241,-50509.74745
93261.02288,75796.7888,-28094.43087,,80102.09352,61138.31444,-38214.52026,,93837.25673,74163.50552,-25314.13407,,62504.22249,39753.49607,-60164.27564,,101532.6237,71297.73145,-61188.97583,,79364.21584,55849.22557,-47268.19847,,101720.9061,76529.24236,-35177.47547,,78530.1643,50973.3989,-94877.91645,,72945.2896,36817.14061,-77137.6816,,84866.42168,60257.6493,-51937.51207
100767.2744,74596.0374,-59020.12647,,91582.85803,62371.98041,-68494.60556,,99214.72814,75947.73084,-32836.42531,,61767.80352,36687.05527,-80165.81822,,93926.00256,65757.08603,-54478.99166,,79712.34418,59244.8113,-33046.73557,,97318.60594,75231.75911,-60072.87429,,82242.87784,59630.37614,-54684.5617,,68461.18488,43305.12366,-61967.79582,,86110.40883,61419.10668,-56085.32607
97985.45866,73957.70014,-10663.85074,,94635.56754,65300.75517,-25743.48111,,101540.9221,79345.05813,-23852.0497,,77589.36562,43498.38581,-68337.69738,,104377.5239,70348.20187,-82247.65407,,93188.56194,65401.17456,-40720.8047,,99044.34486,76065.6257,-33970.66169,,83715.13886,60875.70618,-28177.71832,,78008.39088,56161.43132,-37139.33881,,92231.69715,65661.55987,-38983.69517
98197.0119,78087.21882,2160.971624,,100664.649,77248.4726,-9353.080634,,99537.49007,78286.51906,-25490.85979,,79489.48987,53810.75393,-65896.72584,,100354.2267,68369.63223,-65075.07673,,90288.25646,69862.13108,-15965.48234,,95845.03861,77693.36649,-10272.30829,,85952.24796,61574.96235,-50672.99339,,76204.04997,57603.78905,-43315.02443,,91836.94006,69170.76062,-31542.28665
108749.194,85442.08591,-9375.218053,,108778.9682,85329.59943,-11932.14217,,98611.92151,77896.70407,-35374.34635,,79203.57483,52391.06956,-41525.37854,,108196.0396,75724.0906,-54665.81945,,95029.20762,74781.02659,-23487.25146,,101914.0651,79203.77255,-10106.79583,,90963.63271,69579.05808,-53272.09566,,79848.48296,55158.79498,-53691.62672,,96810.56517,72834.02242,-32603.40825
104415.6258,88131.99499,24014.59238,,106407.1966,84706.42615,-3121.753838,,100286.8484,83118.15631,-1320.417447,,86224.23406,59070.60184,-43611.18332,,106354.6804,71889.39317,-57065.24528,,95404.9826,76693.46799,-26065.82894,,102364.0379,78983.04819,-18419.55315,,102699.7429,77133.02821,-20917.78566,,77486.90824,53376.03693,-48379.74728,,97960.47299,74789.1282,-21654.1025
105547.8096,87829.53145,-91.08580262,,107025.9414,89619.17918,13635.27203,,101139.8821,76013.11601,-28250.83213,,83189.46705,61231.68146,-27142.06315,,101888.3109,69885.40337,-63732.10947,,107049.0403,80233.38869,994.9623201,,101302.4039,78622.81767,-21453.54536,,94929.24643,79138.04826,-25839.17133,,85049.64487,58492.55902,-29672.19714,,98569.08295,75673.96946,-20172.30778
107765.124,87060.09757,-3560.694046,,114114.7291,94322.80205,13807.41556,,95595.74846,80396.2375,-37722.51723,,86521.58765,62157.57672,-43106.14247,,107544.9795,75493.32433,-54522.47722,,101912.0179,83303.72501,5992.581666,,97675.66334,82469.54199,-3106.585861,,99127.76136,84314.20188,31810.80523,,84109.1847,53233.98799,-36980.99959,,99374.08845,78083.49945,-14154.29044
108892.7617,90269.43738,-21875.91364,,123163.7126,105867.2473,21472.10397,,109751.3536,83878.53213,-7673.493272,,85823.56974,70226.12171,-28396.08173,,108960.3151,89102.72461,-36126.84647,,102635.1063,87927.13436,8822.996066,,102047.6059,82240.47808,-29187.8979,,103656.5204,88691.98079,27353.93523,,90119.1736,73429.84602,-26826.68532,,103894.4577,85737.05582,-10270.8759
116310.1377,97762.53434,12373.09013,,125238.0117,110546.3319,14118.29841,,103694.0466,87963.0967,-1853.06295,,90612.9077,70645.95077,-2553.775247,,109971.2246,90959.81383,-9589.41088,,105778.4884,90415.69833,38936.4242,,104314.6826,83559.59381,-9047.466145,,106368.5639,88575.85286,-12867.19172,,88587.43718,73553.40793,-25822.6723,,105652.8334,88220.25339,410.4703895
115350.8534,100096.7689,54875.81116,,130800.7364,119541.8607,63103.48561,,111759.016,84739.21095,-26619.51154,,99055.65893,74655.86021,-17246.23399,,117267.2188,84955.60773,-36506.90486,,110610.1275,95388.95732,30981.44469,,107666.9506,90346.94289,-18112.87465,,106448.2434,88958.82058,-1481.151586,,90061.51288,73996.09469,-4402.683436,,109891.1464,90297.79155,4954.597933
112996.1193,97716.56621,40824.41168,,136084.8089,119557.2715,48352.92787,,111343.5276,91751.82492,-1213.431923,,104545.6163,76448.67827,-14034.93891,,116602.3641,98266.19811,-8453.654774,,108653.1411,92985.49812,26477.53922,,110530.8014,93873.91621,35253.07504,,105164.7902,91233.72236,31949.05163,,97393.80822,73545.42324,-25504.27325,,111479.4419,92819.89988,14850.07851
116726.118,99438.03307,32175.22463,,135723.409,126138.4743,45816.795,,112965.9881,91141.81822,-492.4587452,,104647.7759,75659.96024,-30030.64593,,112526.5779,94119.15896,-40682.52201,,116818.817,93853.21086,13397.50839,,109043.8476,94440.07066,23028.9524,,105023.7326,88437.95972,16471.39175,,93823.14522,80039.07594,-9491.723531,,111922.1568,93696.418,5576.946883
121194.5153,105444.1123,33665.26264,,135880.8056,124685.7456,60776.8433,,110713.119,95016.8848,8382.148534,,102356.9992,87890.19443,12950.06944,,124131.8517,94929.11278,-10926.37006,,122809.7494,100224.6135,7460.505166,,109949.7704,96084.2043,16889.60309,,105518.7426,85690.54965,-1836.354245,,98599.99021,81740.92637,-4826.916803,,114572.8382,96856.26041,13614.97678
124457.9009,105112.5733,32520.80773,,137434.5334,129583.5301,64649.94001,,112417.5226,93614.32349,6399.848217,,113580.2936,93766.97403,4063.97733,,116317.1561,94450.68161,-9681.966794,,115907.3917,99734.93176,43541.35943,,126196.2742,100707.2088,29813.64787,,104210.7905,89062.6158,24398.7953,,101972.3066,77698.90563,2014.990989,,116943.7966,98192.41605,21969.04445
127073.3974,111034.7825,39530.65868,,137986.3857,129546.7521,59882.01802,,112305.4097,94721.84578,-3639.20003,,107841.9144,90027.0745,-27433.31071,,125924.9798,94150.70765,-5833.596535,,118406.639,100173.8322,26035.5581,,118863.3511,104751.9449,26683.29477,,115435.1959,94004.91057,14498.60934,,111712.1953,82701.59509,-3191.290964,,119505.4965,100123.7161,14059.19341
131906.6716,119475.8305,49569.56009,,139287.2326,129653.645,68848.97517,,113368.5301,97250.60296,14071.20929,,113390.6745,93231.59146,3864.444085,,119773.857,94300.27173,-10538.90285,,123005.1939,106879.7141,39813.32765,,120734.7926,106193.2522,33377.26081,,115007.9828,100292.3987,31026.21869,,109411.0226,93873.82253,21114.79914,,120653.9953,104572.3477,27905.21023
128840.1335,116971.543,42777.44612,,140311.7583,132930.6895,62375.98287,,115746.7994,94344.2048,19684.84485,,115023.7864,94638.90135,16455.127,,119579.5954,98544.55769,-6111.883204,,124319.0392,111940.8082,38732.22825,,123485.909,111467.3694,30190.53731,,115390.7048,102884.2547,23231.08494,,111711.3686,97605.30455,1417.10855,,121601.0105,106814.1815,25416.94185
131459.3385,118623.1187,44692.99475,,145671.1268,134837.0202,94457.6443,,113040.7421,97293.72781,9631.719617,,117584.3672,102107.789,27209.84567,,121426.5722,103165.3417,1687.242276,,128685.2198,115221.2586,54474.64423,,128008.2354,114268.5634,27370.4067,,117003.3522,107062.9228,39354.18437,,115393.4371,100647.0533,26403.02914,,124252.4879,110358.5328,36142.41234
130227.6348,119956.3816,44952.27984,,142249.4081,134591.1202,55116.36294,,115370.736,100705.193,45162.13617,,118444.95,104648.2314,30839.14195,,123660.0733,100039.9241,-15515.44718,,127467.1295,112552.3384,44774.45112,,127643.6886,108245.9518,40086.56202,,123697.2526,106464.1414,30121.01013,,114047.428,102220.1374,57762.35362,,124756.4779,109935.9355,37033.20562
131923.8912,116805.8522,67495.91505,,142228.9138,134741.0076,74470.07711,,115775.0096,96813.46494,2389.598784,,122666.9031,108771.2139,21876.58595,,121016.868,102003.1034,-17825.60436,,132048.1736,116388.8143,51992.61205,,129925.6782,122633.4496,97319.7166,,132149.0405,108176.1682,44999.8956,,115626.8611,102471.6131,17916.11514,,127040.1488,112089.4097,40070.54577
134012.2516,116675.9185,44831.78924,,144705.6918,138697.2312,95714.67021,,114571.8526,97706.91546,13316.7212,,117891.6079,107705.8941,35915.41985,,124456.3994,105199.023,6494.49273,,135980.8208,117761.2154,53403.97038,,133279.2389,123785.0122,91766.57477,,124621.5154,113918.9012,49879.1528,,114141.755,104497.059,48147.33899,,127073.4593,113994.13,48830.01446
128349.6042,118757.6444,63648.39199,,146452.3809,137959.7344,94530.6098,,121569.9316,102436.7685,36863.31878,,122784.2084,107038.9575,14684.65991,,129028.1214,112260.4128,29139.38102,,133862.5982,120251.5155,30491.10588,,130071.8524,120374.9484,36550.41188,,128910.0475,117231.3595,78584.88451,,117597.5905,103150.9188,49403.49055,,128736.2594,115495.8067,48210.69492
133700.3268,119901.0345,58071.57959,,146019.9855,140305.1102,85127.83447,,115963.8735,98654.54285,13489.37223,,121568.0043,110953.1842,58759.75598,,127760.7965,109762.612,4767.191394,,136371.1188,124796.0855,72400.67809,,132109.4098,118028.0285,41193.0587,,130426.5449,117807.3779,21187.92038,,117466.5353,102301.2423,34603.57386,,129042.955,115834.3576,43288.99608
133479.3447,118760.1566,44358.44447,,146611.6235,141178.401,89845.87904,,111888.0593,98328.47547,5007.396237,,126774.4933,109108.7497,29035.80838,,132150.973,112072.0888,24891.62412,,135854.419,127114.8283,74591.28484,,133470.9509,123729.3806,59748.13581,,128286.8775,121071.1554,57600.52711,,117140.8922,105745.795,32974.2509,,129517.5148,117456.559,46450.37232
135903.9827,123135.0458,65958.04769,,149188.3202,142891.9914,86857.42279,,122414.0612,105875.2289,4805.902264,,129282.8556,110901.502,47032.59594,,129538.5102,113379.5744,1091.647658,,135779.4675,126871.353,58007.74727,,137533.7523,125018.0507,49589.69295,,130697.5098,119809.1415,43939.87296,,124027.3086,109681.4387,48578.22215,,132707.3075,119729.2585,45095.68352
141176.172,125041.1131,51957.79367,,150475.4435,142358.9712,80128.77184,,118982.7435,101264.2223,14180.16031,,131228.6817,113327.7374,34619.60808,,131448.1793,113786.3901,25107.87163,,135113.6418,123431.6843,45334.96278,,138342.0373,130226.6616,31707.27893,,133948.999,122315.7257,43051.07498,,123182.295,104050.65,49040.69128,,133766.4659,119533.684,41680.91261
139187.7742,129258.2151,61092.39669,,149508.9877,145269.5946,95549.87204,,124011.6742,103832.9598,38409.8858,,128821.4766,116804.9398,40920.9108,,128257.5312,108974.3907,11132.3475,,134475.5524,126605.6403,53964.91362,,139829.5497,129435.4705,54174.63836,,134395.7847,125527.7402,61460.7731,,127408.3357,111490.2955,63957.13856,,133988.5185,121911.0274,53406.98627
142546.0623,131429.4468,60872.00167,,151018.8969,145404.6351,75432.55022,,120448.0283,105336.9791,36261.60607,,129854.705,113631.7231,27770.95062,,125005.0318,111564.8152,16066.94716,,137004.5682,125420.146,58295.06514,,141895.21,128181.0012,37558.75173,,134486.2194,125829.2929,61239.18962,,128754.4318,113740.022,50925.50993,,134557.0171,122282.0068,47158.06357
143918.3933,132389.3385,69275.2297,,153054.7798,148795.6271,112535.5798,,123816.4809,107937.1203,33303.14349,,130718.5576,114042.3745,45568.517,,128941.9211,111465.5941,23784.94947,,136151.8945,126245.1692,44040.51538,,140804.4516,131556.1598,63080.31138,,138217.6136,129670.4223,68615.59065,,129368.1588,118385.6313,74732.75923,,136110.2501,124498.6041,59437.39957
146715.5588,135579.8392,42810.43641,,152829.8567,148098.1342,86570.77237,,122328.7403,110730.8915,42616.19997,,133582.2621,117300.5636,37851.98175,,129021.456,114843.0932,21338.20812,,136437.6937,127915.2478,68868.88285,,143178.1764,132227.013,57120.93817,,140282.3102,128972.5813,62983.49193,,128895.802,113805.1702,53805.38152,,137030.2062,125496.9482,52662.92145
149903.4128,140593.844,94073.86372,,156840.629,148769.1358,102327.4797,,125828.4617,111176.8204,47400.4493,,134688.1968,117456.8573,39705.64415,,126793.2752,113970.2814,24609.05959,,137040.1671,127594.5821,68780.32495,,143552.8241,130729.1311,67214.57924,,139658.0565,132223.5272,79748.19861,,132783.7089,120784.9435,51031.94178,,138565.4147,127033.2359,63876.83789
149230.8695,144631.4083,103021.771,,156109.2392,151351.6603,76136.49016,,127223.6971,113104.2302,38269.9,,136499.075,126081.1394,52028.10688,,130136.5652,112308.4018,22305.05676,,137865.1141,127122.9698,55705.96406,,145177.8578,135794.1762,68660.49097,,143659.5639,136189.2488,97734.56046,,134931.8541,123821.6295,59556.77976,,140092.6484,130044.9849,63713.23556
153489.9584,141471.6279,90366.03654,,157806.0728,153313.6797,109977.178,,127791.0372,113746.054,35230.60634,,141157.8905,128490.5614,65022.15291,,127471.9778,115688.7106,34096.50759,,138005.9344,130790.3778,68966.25814,,146423.1059,141730.5901,81447.74981,,142447.5023,136592.6771,97078.98081,,135269.4399,121488.4924,47837.39149,,141095.8799,131479.1968,70002.54018
154360.3694,145292.6111,92924.01264,,158291.751,152847.5762,109977.9882,,129751.2052,112032.67,36544.49492,,140407.387,127017.2469,64220.70265,,127006.9611,112665.8045,28607.64893,,137947.4014,130900.6701,69376.05635,,148618.5235,138815.9903,70923.23242,,142160.0475,137786.2165,124052.2327,,136233.1787,125799.5816,82383.09053,,141641.8694,131462.0408,75445.49548
153861.374,144993.67,88489.90474,,158148.6728,155010.9388,106022.0961,,128886.6139,116165.8828,43414.61442,,142147.8796,129757.6118,75171.7688,,130404.1378,116142.3623,47814.37814,,140344.015,132087.2503,82107.15612,,146988.6218,141135.5324,73445.84924,,142733.5297,135601.2499,71238.31943,,138290.3999,128103.2633,58178.25417,,142422.8049,133221.9735,71764.70457
153953.14,144428.0176,77765.90115,,158928.5183,153254.6213,101013.0534,,128410.7053,116425.0331,36042.26929,,143415.9857,133746.2337,74807.35725,,132583.8407,119584.0692,12133.28415,,143334.7763,134530.2806,75060.47024,,148182.2517,140571.293,66366.60999,,144660.0723,137034.6795,80834.35375,,140276.5019,131482.051,68326.54631,,143749.5325,134561.8088,65816.6495
155118.8121,147694.7431,92301.41682,,159081.7163,156367.7423,115753.6853,,130412.2684,113309.0245,27940.90978,,146067.9459,137134.8438,67750.1079,,132647.3332,118664.4855,21606.24507,,145296.2838,137626.2409,82982.7856,,148491.2408,143665.3843,126933.0976,,145347.6007,136365.3844,72688.73168,,139811.29,130930.7844,77329.72026,,144697.1657,135750.9592,76142.96667
158873.1928,149645.1347,90444.87009,,159054.6577,154624.0422,107359.353,,133772.4361,120194.7295,51465.73645,,148218.4599,141217.1215,80800.39447,,131291.8767,117464.6262,44850.10165,,148899.0307,134153.706,69221.58545,,149150.2929,144827.6982,111651.7545,,143187.1827,135378.5572,76431.26437,,140726.699,133714.3968,77917.32106,,145908.2032,136802.2236,78904.709
158423.4075,151867.4695,94236.48911,,159431.1238,156302.1727,97804.77026,,135591.777,124643.9233,53638.57017,,148710.6519,140905.7414,74298.33931,,130855.1979,119327.0641,37223.55092,,146090.8767,138159.5541,65140.28804,,149812.5107,141114.3662,45470.51344,,144571.5699,138206.589,90091.88875,,143910.6174,132521.7016,68193.51536,,146377.5259,138116.5091,69566.43615
159628.0693,153995.7133,104825.1227,,159143.8794,156924.5985,104860.2696,,138338.4788,126897.8716,56434.3657,,149900.1189,144890.5515,79568.17658,,132914.2069,120492.8473,42517.71271,,148835.4733,138788.4523,77232.5478,,150051.9437,144526.3834,71652.53457,,144439.9878,138803.462,94434.07039,,142051.897,137792.3588,103770.201,,147256.0061,140345.8043,81699.44455
160081.2717,155967.6664,97676.6856,,159360.9081,157544.9352,107785.2761,,140083.8039,128410.5303,54430.24545,,150482.3916,143499.6912,90597.86942,,131474.9155,119843.3333,36732.63548,,147764.9529,141703.9384,69109.10325,,149159.8307,144069.5946,84241.88395,,143254.9414,136409.72,65741.29621,,144979.8906,133207.86,61121.32717,,147404.7674,140073.0299,74159.5914
160198.4408,158295.1294,120779.2969,,159467.3856,156437.2815,95724.43076,,139099.0402,129246.1922,76284.67337,,151603.7649,144988.6627,83841.92956,,135113.5794,118141.801,26480.89871,,148958.1959,142939.3087,88164.04082,,148519.0215,144608.06,80916.73556,,145632.4463,140366.8669,99630.54342,,147064.4421,135825.0667,74710.43996,,148406.2574,141205.3743,82948.1099
160231.3983,157163.4038,111310.3751,,159770.0114,158435.5728,121713.4891,,137306.2616,128064.2289,68974.41826,,152376.3268,144643.7017,75997.4746,,132360.0413,118498.5439,51222.80966,,151624.7553,140553.8977,81606.50327,,148404.3658,140549.275,71826.01954,,143426.2873,138812.4959,82150.6243,,148522.2681,140921.4292,73195.74485,,148224.6351,140849.1721,81999.71763
160289.4491,157670.872,95160.19187,,159641.2694,157227.0925,112179.2008,,139711.5617,128957.5543,58727.23734,,152999.2682,148125.2278,95835.94647,,134814.5878,121812.9495,36588.07382,,152589.6606,142224.0929,73754.38057,,150696.6027,145096.5264,86900.42381,,144465.0556,139551.0962,73454.51837,,148305.0922,143397.0196,91468.31512,,149279.1719,142673.6035,80452.03202
160354.6073,155159.6998,105108.6993,,159945.9994,156870.2067,98043.8439,,139592.3335,130746.4869,51265.38893,,154034.2268,149587.3497,114588.7013,,133268.4842,118654.7758,27014.58254,,155726.0426,149144.2401,86117.73412,,151634.1647,144694.5626,82717.90527,,144863.2683,137983.0426,77745.37744,,151416.0431,144248.5284,87076.75373,,150092.7967,143009.877,81075.44295
160393.6011,156864.9599,109566.551,,160095.0814,158507.1486,125402.7514,,140881.1073,130961.7755,55391.96814,,153942.0695,148974.0486,95992.92754,,141433.3397,124615.5804,49244.81869,,155932.6092,146197.336,87800.09446,,151037.7317,145439.3984,93933.58954,,147336.4912,140604.3221,77457.38269,,151876.7677,145339.6501,91274.80487,,151436.5332,144167.1355,87340.54315
160286.3369,156874.2773,99923.41754,,159896.5968,159064.8495,149629.6862,,142098.0185,130910.6359,67071.51945,,155135.7307,148270.5012,75711.31321,,139692.0548,125124.3459,41668.77103,,157903.3538,149222.3413,88073.67644,,153557.6755,146173.6471,81140.48479,,147300.5455,141325.8254,108189.8531,,153663.4019,149570.2067,108042.4059,,152170.4127,145170.7367,91050.12529
160283.7508,156974.253,88052.52653,,160170.6253,158517.483,111599.8856,,140225.1605,130447.0031,66041.59656,,154834.0426,150746.2274,99629.44192,,142452.9244,128625.4264,51696.48058,,155487.1502,151187.1549,94005.5524,,153213.1376,147694.0666,88895.3781,,146125.7666,139311.9791,84588.54966,,153749.5254,149567.313,110911.3347,,151838.0093,145896.7674,88380.0829
160501.6152,154976.4557,91373.64698,,160190.3302,157718.4925,99612.00207,,143173.252,132873.6322,68639.162,,155166.4322,149136.1493,86875.9146,,142868.2972,133082.6275,50722.91973,,155077.6206,150087.7631,86266.19133,,153736.3595,147263.5743,85442.70777,,147723.5333,140453.3342,68043.20386,,155332.2798,149739.1154,88509.32829,,152641.08,146147.9049,80609.45296
160501.1743,157173.8806,104135.3873,,160954.3524,158824.5848,118792.8992,,142281.4043,131433.3421,61367.70062,,155138.5721,150102.845,93296.61946,,143732.835,131471.47,55519.62452,,156318.7174,150914.6338,86541.98301,,155386.3833,148228.4138,91826.80652,,148390.0685,141178.0101,79265.33442,,154714.4309,150773.7103,81226.02634,,153046.4376,146677.8767,85774.70904
160714.9629,157272.2365,100753.142,,160773.8329,159051.3731,90233.80448,,142560.8203,129832.9562,51136.45635,,155621.4867,150998.7305,109233.9328,,143900.4027,134726.2973,51077.99659,,157938.281,152389.724,77276.88149,,155771.3999,148275.9799,86656.67766,,147818.5835,143440.0206,106555.4097,,156944.8593,151166.7414,98913.57948,,153560.5144,147461.5622,85759.7645
160722.1384,158316.2738,105721.7588,,161073.7605,158684.2203,102121.2819,,143770.6433,135667.4083,75258.75769,,156253.3234,149984.0914,93749.46522,,146024.2358,133838.9392,61370.01104,,157892.3535,152771.389,94545.65294,,154099.4514,147356.1231,80039.40799,,147552.6492,142778.9355,80314.60335,,156797.6493,155112.3826,131735.8534,,153798.4672,148278.8626,91650.7547
160805.0687,158401.6972,115541,,161150.147,158693.5701,118376.7833,,142429.5411,133207.1732,53287.15971,,155562.9896,151813.764,100030.5193,,146489.7885,132544.3805,51524.00642,,158048.6144,154235.7257,94857.66332,,153434.6721,151080.699,106030.171,,147941.2817,142908.3077,72312.78103,,157028.9939,153839.2401,106558.7928,,153654.5663,148524.9508,90946.54187
160846.5,156810.2558,97851.11402,,161064.0672,157175.0681,99917.3635,,145897.9514,136416.3732,72052.89122,,156161.419,150558.8211,100422.242,,146373.3137,136998.0249,42385.61168,,158293.5429,154966.8065,108380.9004,,155036.0504,150576.0519,101892.8924,,150216.4527,143598.028,84274.82407,,156906.129,154380.3907,107234.3454,,154532.8251,149053.3134,90490.24274
160846.5,156850.8716,109337.2919,,161342.7153,160224.0661,137484.1023,,142362.4877,134931.0194,71700.39744,,155815.0313,152990.9789,98296.95346,,146386.3043,136708.5376,51028.83517,,158452.1782,155195.3367,88847.02675,,154881.8531,151470.4334,90044.91027,,150660.2434,143379.1549,74436.53153,,158614.2967,153853.1166,116137.7313,,154373.5122,149511.5017,93034.86446
160846.5,158074.5203,101186.8897,,161370.292,157734.0863,94830.74429,,143126.3685,133702.2482,56902.81938,,155455.8946,151088.746,104654.391,,146487.8497,135092.4954,61676.97542,,159262.3359,154343.2126,94658.73649,,154835.5885,149309.8506,87708.84834,,150787.4572,145016.1381,96093.38259,,157434.3836,152444.6558,87183.0725,,154400.7411,148533.9948,87210.65108
160846.5,158698.23,100753.5,,161695.9494,158480.3313,92869.45493,,142896.1711,133481.0514,68789.75467,,155674.3528,152917.6797,107604.7104,,146121.3637,136745.271,59170.48889,,159200.4058,154555.2536,98343.6336,,154872.063,150368.6383,80111.37957,,151754.7412,147031.2772,74999.37787,,157443.9519,154582.9161,100598.1244,,154500.611,149651.1832,87026.71381
160846.5,158193.15,106196.5,,161760.1193,157957.8264,103626.5,,146862.558,138078.4571,79997.88173,,156542.4189,151726.0355,100477.0013,,147410.8557,136878.7122,79490.95472,,159061.7122,155670.3876,95367.39452,,156046.1656,150582.9844,85916.23849,,152435.74,145941.1728,83402.75843,,158735.0507,154677.267,120002.0146,,155522.3467,149967.3326,94941.91598
160846.5,158312.65,94215.5,,161769.9637,157479.9188,100622.5,,149670.4597,141217.002,61508.40307,,157575.4495,152451.7429,81028.61851,,148565.561,137916.6322,57628.86008,,159255.1013,155595.5511,93253.75301,,155401.7015,150950.9738,89476.19772,,153375.4146,149657.2352,99660.61156,,158095.0306,154081.2341,99041.77284,,156061.6869,150851.4378,86270.69076
160846.5,156660.24,95830.5,,161769.9637,158371.5526,94913.48612,,149794.9576,140560.3645,83278.50875,,157627.7129,152892.6238,94568.81399,,146436.571,137843.7723,76521.99638,,159503.4911,155918.8935,115211.6663,,156588.3239,150939.9083,87956.65802,,154795.4461,149843.7377,110138.8844,,158129.1994,154600.9632,85314.37347,,156165.7962,150848.0062,93748.32083
160846.5,159106.68,101965.5,,161788.7509,158323.3895,101248.6199,,147890.7683,140770.5435,69505.40256,,157395.8143,152742.4465,93221.57643,,148246.0163,138309.4302,75420.93145,,159894.2451,157274.0224,106867.0829,,156533.9349,149467.5998,84079.51544,,154454.6211,151351.542,103280.7461,,158440.2166,155463.3153,109204.2729,,156165.6519,151423.2188,93865.96086
160846.5,155617.52,90966.5,,161765.1851,159305.7012,88039.75884,,148744.9333,140186.9361,72360.05786,,158032.915,155293.463,116261.5222,,148587.4851,139242.7812,81538.38535,,159979.9236,154501.5715,98049.15382,,156744.7669,151514.6927,80144.57669,,155018.367,151988.7831,111058.6104,,158647.1868,156665.59,125221.6481,,156485.2514,151590.7821,95960.02369
160943.5,158639.42,98142.5,,161774.4881,159178.5547,94302.5,,150657.1025,142675.8032,83686.63614,,158261.8819,154177.2649,102556.2648,,149219.0604,141622.9507,83382.90377,,159699.5013,154142.0868,98147.44894,,156879.0842,152676.7254,91327.4137,,155403.9289,151784.9014,113518.01,,159155.7602,156325.9347,112147.9365,,156888.2564,152358.1824,97467.9571
160943.5,158435.32,115372.5,,161835.7746,158241.362,107237.1371,,149835.8828,143872.956,74146.74772,,158397.3133,151933.9375,92629.99416,,152591.9219,140869.6471,78560.80003,,160053.6939,156301.6255,78636.51193,,158184.276,152902.1032,89439.25457,,155517.2619,153279.9517,110252.553,,159258.5795,155880.6161,92303.11633,,157402.0227,152413.0577,93175.40165
160943.5,157663.63,88048.5,,161968.1905,159230.82,117798.6567,,152248.5777,144853.4024,85288.84536,,158891.1591,155598.433,107888.9179,,151981.5213,142869.4934,71938.1141,,160110.1764,157463.7615,85246.95588,,158070.5763,154006.3143,106122.2414,,156031.1872,152280.0793,92434.16047,,159373.1405,157040.2745,124407.4084,,157735.3366,153445.1343,97685.97779
160943.5,160224.55,141119.5,,161977.4935,159266.3946,101851.665,,153915.7716,146358.1372,76360.30023,,160287.5,155997.101,114538.2562,,151718.8459,142143.8516,81415.83144,,160262.467,155636.4387,102414.5054,,158278.6651,155073.2788,114426.6264,,156651.253,154030.7127,103876.1001,,159594.7461,156827.6417,96099.92628,,158181.138,153950.9007,103566.9679
160943.5,158224.16,101698.5,,162197.5,157340.4784,99096.48305,,152147.1295,147277.0445,88022.51371,,160738.5,157597.4505,97235.5,,151057.9795,142146.5902,81607.07713,,160834.0542,157574.0591,104867.962,,158895.2277,154953.2946,98518.6697,,157028.4224,155129.0456,127395.3238,,159609.2129,155071.1212,91211.12325,,158161.2807,153923.6938,98850.3503
160943.5,158684.47,116236.5,,162197.5,159766.0544,92977.5,,156790.4284,148572.7793,84887.95173,,160738.5,158902.5787,119957.5,,152993.8235,146286.1038,78944.29132,,160538.6265,157633.389,118328.689,,158453.8732,152712.3631,95231.33321,,157368.888,155436.8046,110930.3191,,159769.4989,156789.6567,96993.12345,,158866.071,154976.0222,101609.6898
160943.5,158320.55,105135.5,,162594.5,159746.781,105836.5,,157119.6699,149209.8871,91830.83041,,160738.5,157678.71,111458.5,,153788.7692,146842.8744,87657.1753,,160891.5384,156781.2443,96876.58547,,159097.6349,153605.0955,83733.86798,,157721.3888,153169.0329,96499.95725,,160378.3482,157735.2199,105723.5445,,159252.6499,154787.7106,98305.82899
160943.5,158627.08,106338.5,,162711.5,158236.67,103451.5,,156893.1146,152918.142,94248.2752,,161243.5,159269.81,108709.5,,153875.3039,146185.1753,92313.40462,,160636.9315,158033.675,83248.66698,,159237.467,154975.2093,98072.72949,,158416.0609,156520.0246,116402.2438,,160459.1103,156408.172,82822.89379,,159379.6098,155685.9953,98400.8571
160948.5,159183.71,104319.5,,162711.5,160437.49,85830.5,,158995.8368,154660.4453,119240.6488,,161243.5,159130.24,128691.5,,154199.9302,147381.9057,78986.82927,,161010.5635,156099.2955,100385.893,,159318.4441,155787.2733,104611.5039,,158695.7122,155330.7458,102863.7992,,160982.7981,157950.3865,108849.9383,,159789.6428,156217.9436,103753.3458
160948.5,158360.4,114899.5,,162711.5,161631.97,128576.5,,159509.6161,154295.1163,94779.95183,,161243.5,158023.87,100035.5,,154262.8075,145283.4908,83555.04398,,160889.4915,157403.433,106522.4725,,159483.8536,155642.0112,94277.0964,,158973.4054,157432.4983,133594.5036,,161623.7355,158798.082,104502.5,,159960.7122,156318.9857,106749.2298
160948.5,158394.22,112011.5,,162711.5,159059.31,89552.5,,159319.5314,153363.6654,102293.1117,,161243.5,157258.6,88284.5,,154441.9016,147818.7068,75697.47698,,160815.5584,157001.1037,99842.95581,,159650.7784,156275.7643,112468.9351,,159107.9935,156654.8826,99627.5557,,161982.2596,160174.6943,113687.5,,160024.6137,156222.3274,99274.00392
161106.5,157630.26,100812.5,,162711.5,161249.48,101175.5,,159966.5,153408.6079,99027.99708,,161315.5,158723.04,101293.5,,155079.2028,147693.3902,80277.30596,,161036.1835,156933.3559,96728.01763,,160542.8627,157271.0788,117503.1812,,159324.1415,156746.3204,102530.1946,,162285.5,158494.7994,105026.8683,,160374.2101,156461.1481,100486.1183
161340.5,158661.4,108741.5,,162711.5,160763.17,108573.5,,160348.5,157429.7223,119684.5,,161432.5,160019.27,142665.5,,155511.37,148126.4159,88531.31302,,160936.5053,158737.1525,120052.9489,,160968.9851,157787.2175,111979.4864,,158930.5118,156783.014,119522.0425,,163050.5,158380.1915,75278.5,,160581.208,157409.7282,110558.8101
161727.5,158746.97,117279.5,,162711.5,159210.34,96773.5,,160348.5,158279.0263,117000.5,,161432.5,158312.39,110755.5,,156234.9301,149528.8457,100667.0582,,161003.8326,156949.5563,109444.8467,,161001.5645,158394.3673,119099.7129,,159613.2195,155895.0312,109582.2653,,163211.5,161195.5812,125015.5,,160809.4496,157390.2342,111735.3759
161844.5,158309.4,106897.5,,162711.5,161199.07,127331.5,,160738.5,157666.96,102960.5,,161432.5,159127.23,104258.5,,156184.2608,146427.6357,82472.08837,,161286.2959,159884.5478,130877.8009,,161356.2112,157763.0303,100086.3114,,159201.5894,156228.3814,112492.6399,,163211.5,160869.19,106435.5,,160885.2064,157497.2717,108201.3712
161844.5,157188.29,106125.5,,162711.5,159707.75,101831.5,,161193.5,159254.06,95357.5,,161432.5,158538.96,107684.5,,157222.2875,151250.8623,94226.04252,,161650.6058,156275.8473,97873.72515,,161225.0075,156476.3379,109858.6483,,159369.5934,156542.178,106000.1038,,163387.5,161035.6,80373.5,,161115.2216,157363.3206,99925.66887
161844.5,159140.96,104075.5,,162711.5,159198.9,112955.5,,161437.5,157669.44,96585.5,,161432.5,159344.22,108143.5,,157512.7995,153348.5608,98801.64382,,161332.2939,158182.8927,98465.17459,,161698.6401,157050.1408,88895.47656,,159487.527,154831.1781,105198.1596,,163504.5,160515.19,94086.5,,161217.9734,157697.9425,100800.7727
161844.5,160028.12,106830.5,,162711.5,160841.37,101693.5,,161437.5,157246.34,92426.5,,161432.5,158851.92,110715.5,,157713.012,153993.2567,101563.4558,,161444.177,158275.7863,110783.7559,,162054.9191,158531.8876,99675.96088,,159584.963,157518.1368,111874.3713,,163711.5,161658.25,102035.5,,161326.0635,158549.4519,104177.6715
162511.5,159778.53,109783.5,,162711.5,161085.22,122531.5,,161437.5,158959.96,105150.5,,161432.5,158313.13,110465.5,,158687.0581,150392.9872,85861.41396,,161525.2298,157656.3639,111568.1392,,162765.2476,159955.7164,96079.55149,,160089.1582,157465.6327,110170.6098,,163915.5,161712.49,129529.5,,161675.0215,158368.8923,109015.5794
162745.5,158911.12,100673.5,,162711.5,160472.48,115549.5,,161437.5,159353.77,119396.5,,161432.5,158434.07,119655.5,,158587.6905,150979.2119,101539.2586,,161446.592,157798.1105,102745.7388,,162892.1242,157640.7013,98128.61832,,160294.1195,156022.1019,96028.50734,,164500.5,161251.5,94307.5,,161783.114,157873.6739,105336.0692
162745.5,160660.57,120366.5,,162711.5,160365.46,97471.5,,161437.5,159778.51,112615.5,,161432.5,158740.65,119386.5,,158880.2235,152485.2137,96153.31,,161300.7145,157144.8747,91108.7312,,163222.6557,160549.1839,97162.04495,,160642.6113,157226.848,101320.5732,,164500.5,161838.32,108824.5,,161874.8561,158754.4034,104934.351
162745.5,160689.1,119547.5,,162711.5,160710.1,104971.5,,161619.5,157807.15,100334.5,,161432.5,159246.05,97986.5,,159122.3871,151934.6847,94726.13738,,161449.0787,157624.7124,99168.34041,,162973.0484,158428.3857,100518.6592,,160394.7095,158441.1726,110023.2663,,164500.5,162391.78,120233.5,,161883.1915,158585.9039,105278.8781
162745.5,159995.34,97615.5,,162711.5,161057,88216.5,,161736.5,159239.23,111657.5,,161432.5,159486.81,120608.5,,159383.8101,155381.6002,95045.89206,,161489.0943,158751.2989,96798.60057,,163003.4811,161613.4544,154205.5873,,160229.3458,156840.0784,96430.51047,,164500.5,162546.13,119306.5,,161914.6924,159434.5491,108876.1212
162745.5,160105.13,102671.5,,162711.5,160517.16,84622.5,,161736.5,159818.85,104438.5,,161432.5,158247.21,94180.5,,159726.1318,151746.5573,86571.35725,,161448.7441,157801.1967,106186.3234,,162961.0222,160676.0257,96148.90677,,160442.3216,159042.4706,116855.1277,,164500.5,162665.52,114730.5,,161967.1911,158957.7911,100711.6906
162919.5,159761.51,100419.5,,162711.5,161613.65,132102.5,,161736.5,159338.66,109841.5,,161432.5,158865.11,121161.5,,160673.8444,156212.8296,117856.5,,161485.829,159012.4939,108274.3557,,163165.5231,159235.8545,108884.8453,,160434.7783,157048.0469,102548.5433,,164500.5,161039.32,92338.5,,162117.8305,159125.275,110380.8605
163036.5,160606.8,101018.5,,162711.5,160273.55,105394.5,,161736.5,159723.76,97613.5,,161432.5,157768.91,107546.5,,160686.3082,156006.5503,94216.01049,,161319.9305,156552.4085,96624.61625,,163116.3087,157469.6165,94222.40387,,160033.0938,158142.5296,104743.0134,,164500.5,161403.12,93567.5,,162063.6824,158660.805,99438.50489
163036.5,159728.75,109107.5,,162711.5,161488.35,114655.5,,161736.5,159814.83,93805.5,,161432.5,159391.11,103333.5,,160992.5,155454.1521,106053.4979,,161437.3277,154690.0056,94824.98534,,163119.3509,159632.1526,98849.04879,,160323.0782,157490.5202,109649.7976,,164500.5,161159.13,99976.5,,162143.3063,158761.0001,103361.7588
163036.5,159262.04,92417.5,,162711.5,160834.51,108655.5,,161741.5,159539.07,109740.5,,161432.5,158717.12,105720.5,,160992.5,156462.9935,100305.1462,,161365.2115,158135.8252,104817.927,,163245.8731,159263.7713,97008.21984,,160392.8224,157075.1512,96104.34749,,164500.5,162484.65,112539.5,,162157.6563,159086.1257,103034.3489
163036.5,159775.81,99922.5,,162711.5,161408.73,114694.5,,161741.5,159258.94,102479.5,,161432.5,158866.03,105114.5,,161142.5,155915.0474,103447.5,,161396.1542,157582.9198,102240.0132,,163116.2095,160879.279,121143.4372,,160424.7074,158120.2449,101635.1017,,164500.5,163361.96,126290.5,,162166.8968,159463.2179,108551.9502
163036.5,158555.59,103280.5,,162711.5,161503.22,107917.5,,161741.5,159227.08,107051.5,,161432.5,159495.91,121976.5,,161493.5,158182.5,97137.5,,161568.8679,157486.3741,94531.11196,,163142.5,158772.1149,94258.21779,,160507.3777,158379.7252,130024.6825,,164500.5,162291.07,107342.5,,162237.194,159321.5094,107057.7791
163043.5,161120.9,118136.5,,162711.5,159284.39,97665.5,,161741.5,158403.64,101878.5,,161432.5,158231.24,103864.5,,161493.5,159443.87,113923.5,,161345.7401,156655.3135,100085.4034,,163208.999,160941.194,103702.2923,,160052.9967,157651.3518,99057.70788,,164500.5,160714.98,89643.5,,162170.0818,159160.7644,103106.3782
163108.5,158318.63,105838.5,,162711.5,159577.08,105269.5,,161741.5,159034.86,101970.5,,161432.5,159538.57,96743.5,,161493.5,152532.72,80695.5,,161450.7784,155757.8551,82777.92636,,163142.5,160692.8817,91579.93291,,160613.8005,158360.0655,99952.31415,,164500.5,162166.42,89166.5,,162243.8977,158442.1202,94888.24149
163225.5,160568.21,91166.5,,162711.5,161710.6,131656.5,,161741.5,160850.47,123805.5,,161432.5,158713.98,109227.5,,161493.5,158729.49,103085.5,,161469.3613,157380.2268,111376.0379,,163244.5,159339.1866,105664.7424,,160574.7366,157630.2053,107756.5436,,164500.5,162607.55,109864.5,,162265.9553,159725.5465,110400.3693
163436.5,160485.88,112420.5,,162711.5,160354.51,112757.5,,161741.5,157849.8,77903.5,,161432.5,159627.7,128038.5,,161594.5,159170.62,106754.5,,161349.1964,157114.3586,98358.45267,,163436.5,160485.7825,104139.5,,160388.6622,158602.5725,120127.2279,,164500.5,161482.26,108083.5,,162287.9287,159463.7204,107620.3534
163436.5,159949.84,106676.5,,162711.5,158886.15,102751.5,,161741.5,160244.77,118049.5,,161442.5,158024.2,96549.5,,161594.5,158271.08,104141.5,,161239.7014,158254.1199,112681.771,,163436.5,160402.83,105308.5,,160457.8054,157437.8121,92873.45256,,164500.5,163096.42,141378.5,,162284.5563,159396.358,108934.5248
163436.5,160759.16,100391.5,,162711.5,159363.63,109613.5,,161741.5,159035.82,116684.5,,161442.5,157539.07,108403.5,,161594.5,158307.15,102077.5,,161259.1096,157717.793,118590.6941,,163544.5,160029.91,92182.5,,160310.5931,156488.4865,89926.53593,,164500.5,161422.9,93428.5,,162282.3558,158962.6577,103477.6367
163436.5,161430.36,105038.5,,162711.5,159445.29,116082.5,,161741.5,159596.53,91449.5,,161714.5,159888.18,126521.5,,161594.5,159303.04,114617.5,,161316.3795,157712.5627,88405.38579,,163544.5,161042.72,101408.5,,160688.4147,158552.8627,121198.5676,,164500.5,162756.1,134908.5,,162360.9216,159969.7384,111070.0504
163436.5,159642.83,106350.5,,162711.5,160899.54,96695.5,,161741.5,159163.25,94464.5,,161948.5,159096.15,121948.5,,161594.5,157498.14,105004.5,,161608.3512,157918.0646,102127.5334,,163548.5,160234.06,105279.5,,160226.9577,157375.2629,95646.15495,,164500.5,163408.57,118154.5,,162368.5343,159470.6519,105074.5765
163436.5,161593.8,135517.5,,162711.5,160051.31,110499.5,,161741.5,159572.11,96912.5,,161948.5,157636.02,102580.5,,161594.5,156537.84,96719.5,,161542.5389,157205.9938,106750.7368,,163692.5,161935.46,105443.5,,160905.1242,159068.2026,128102.2855,,164500.5,161835.11,102465.5,,162452.5737,159492.8718,109443.5025
163446.5,160597.16,98516.5,,162711.5,161101.82,114778.5,,161741.5,160531.7,107848.5,,161948.5,160346.53,122792.5,,161594.5,157985.87,107603.5,,161740.9164,158542.4108,92484.10563,,163848.5,162555.23,121477.5,,160974.5093,159338.3129,123487.6955,,164500.5,162085.84,93031.5,,162500.7695,160342.7637,109113.3668
163446.5,160635.79,109720.5,,162711.5,161798.71,142057.5,,161741.5,158273.62,96555.5,,161948.5,158409.22,89888.5,,161594.5,159661.44,105209.5,,161427.8541,157717.3056,93423.99058,,164447.5,160747.01,102827.5,,161260.0163,158957.0211,123370.6267,,164500.5,160347.97,114139.5,,162564.2634,159616.4541,108577.013
163446.5,159853.67,104668.5,,162711.5,160204.65,114243.5,,161741.5,158868.47,99677.5,,161948.5,159665.67,120103.5,,161594.5,158852.16,114749.5,,161533.2072,156199.5612,92732.19204,,164736.5,158306.12,85903.5,,160944.9894,159997.3262,154791.4668,,164560.5,161838.77,123468.5,,162579.7441,159309.5997,112259.7954
163446.5,160976.02,107322.5,,162711.5,160808.46,107171.5,,161741.5,159357.17,101445.5,,161948.5,159103.52,99372.5,,161594.5,157432.33,100641.5,,161410.7241,156497.1773,87916.92458,,164919.5,162162.81,101725.5,,161067.2592,158589.108,99979.93607,,164794.5,161109.19,98528.5,,162626.0537,159559.5317,100456.0401
163446.5,160267.64,111628.5,,162711.5,160636.88,124437.5,,161741.5,159717.8,107009.5,,161948.5,158571.28,102731.5,,161594.5,159272.08,111265.5,,161483.5685,158610.387,106804.3565,,165041.5,161043.61,102781.5,,161798.072,158727.8338,89587.08174,,164794.5,160580.88,96925.5,,162728.9045,159714.2656,105907.882
163446.5,158749.42,89978.5,,162711.5,160728.76,95748.5,,161741.5,159742.94,106094.5,,161948.5,159159.39,94507.5,,161594.5,159855.28,98577.5,,161422.0237,158782.8964,116495.1518,,165041.5,162363.48,114795.5,,162024.5864,159473.5237,102655.8714,,164794.5,162377.11,131930.5,,162747.2344,160136.9778,105642.6137
163446.5,159727.76,103451.5,,162711.5,160450.95,108266.5,,161741.5,158652.07,98300.5,,161948.5,159262.15,99004.5,,161594.5,159040.74,117387.5,,161231.8358,156564.4436,95829.39633,,165041.5,163071.7,97368.5,,162281.5896,159715.4459,106800.4905,,164794.5,162411.95,104303.5,,162754.6584,159877.4677,103412.4874
163446.5,157549.31,88911.5,,162711.5,159477.27,91978.5,,161741.5,159292.1,105157.5,,161948.5,159447.74,104953.5,,161594.5,157162.71,107577.5,,161380.6566,157667.3779,109275.7922,,165041.5,162777.45,95300.5,,162816.6572,158509.0059,101941.859,,164794.5,161051.41,100439.5,,162830.646,159214.9304,100615.1279
163446.5,160513.98,105713.5,,162711.5,160043.33,102712.5,,161741.5,156541.68,95406.5,,161948.5,158249.83,107234.5,,161594.5,158073.12,99914.5,,161401.2494,155708.9607,90522.47961,,165041.5,162435.51,123971.5,,163057.4255,159263.3802,94342.09761,,164794.5,163411.71,129896.5,,162859.6861,159360.1668,105523.7864
163446.5,159922.4,118840.5,,162711.5,161386.6,115465.5,,161741.5,158787.99,101027.5,,161948.5,158775.26,101350.5,,161594.5,155505.64,88396.5,,161653.9665,158841.5683,117558.1415,,165041.5,163046.73,97544.5,,163070.45,161210.8282,109390.0906,,164794.5,163619.51,133881.5,,162889.2129,160121.8363,109272.748
163446.5,159593.52,116417.5,,162711.5,161566.55,136584.5,,161741.5,160982.17,149484.5,,161948.5,158713.08,105440.5,,161594.5,157443.4,102975.5,,161555.2355,157538.2799,104996.5333,,165041.5,160784.08,101289.5,,163167.8496,158185.6496,81041.42428,,164794.5,162307.09,122300.5,,162889.065,159679.3133,113392.2731
163446.5,159353.15,102089.5,,162711.5,159730.57,76704.5,,161741.5,158285.7,102174.5,,161948.5,159438.25,113541.5,,161594.5,157966.74,106684.5,,161461.9857,158808.4784,102994.7326,,165041.5,162543.66,113571.5,,163146.7212,160228.3239,98939.45233,,164794.5,161180.89,90692.5,,162876.3563,159726.1958,100821.4094
163446.5,159511.14,108163.5,,162711.5,160675.45,107712.5,,161741.5,158291.35,111406.5,,161948.5,158918.64,113835.5,,161594.5,157892.46,110684.5,,161625.5804,158062.052,92014.25645,,165041.5,162019.1,109393.5,,163219.5827,160521.1885,97210.70904,,164794.5,161265.92,100389.5,,162902.6292,159684.1445,105645.6073
163446.5,160539.16,101366.5,,162711.5,160599.53,112597.5,,161741.5,159735.56,94278.5,,161948.5,160509.99,122284.5,,161594.5,159213.4,97495.5,,161568.9454,157510.0864,98091.16862,,165041.5,161689.77,95771.5,,163217.843,160150.749,105250.9705,,164794.5,162912.86,130276.5,,162896.1431,160317.9006,106379.1821
163446.5,159519.27,112500.5,,162711.5,160541.08,99915.5,,161741.5,156789.3,94054.5,,161948.5,159868.78,86044.5,,161594.5,158702.87,107686.5,,161613.4689,159346.0321,109895.9138,,165041.5,160905.23,102752.5,,163297.655,159657.8358,91267.89229,,164794.5,162085.21,111797.5,,162909.9582,159712.8453,101768.3673
163446.5,158838.26,99556.5,,162711.5,161879.3,153730.5,,161741.5,160793.22,126520.5,,161948.5,157605.04,94978.5,,161594.5,157911.46,106893.5,,161346.157,157782.2436,113592.107,,165041.5,161668.46,103272.5,,163238.5152,160835.4972,116118.2108,,164794.5,162557.28,99329.5,,162873.6858,159985.6401,112665.7575
163446.5,160482.75,90044.5,,162711.5,160632.48,109568.5,,161741.5,159809.69,93889.5,,161948.5,159174.29,111251.5,,161594.5,156459.46,107129.5,,161549.2297,158450.0047,101995.9478,,165041.5,160872.23,93550.5,,163339.2189,161160.3842,106613.9731,,164794.5,161571.27,96499.5,,162907.4387,159845.8399,101171.4912
163623.5,159547.32,93728.5,,162711.5,161453.89,121946.5,,161741.5,157970.06,113541.5,,161948.5,157849.92,97117.5,,161594.5,159633.51,102212.5,,161840.7095,156505.2022,95012.70803,,165041.5,161513.94,98180.5,,163303.0028,159674.2425,114493.6768,,164794.5,162002.87,106293.5,,162955.468,159572.3283,104725.2094
163740.5,160294.5,113183.5,,162711.5,161325.98,134211.5,,161741.5,161050.08,137004.5,,161948.5,159119.06,96385.5,,161594.5,158303.52,101975.5,,161372.5203,158007.5994,96638.95608,,165041.5,161593.62,119592.5,,163225.3845,160059.6528,102336.8113,,164794.5,161668.87,90291.5,,162907.8228,160158.098,110180.0297
163740.5,160176.61,107860.5,,162711.5,159875.91,104398.5,,161741.5,159458.11,93990.5,,161948.5,160020.76,111007.5,,161594.5,158847.85,101658.5,,161505.9056,158489.7578,114535.2479,,165041.5,162101.42,113794.5,,163315.3774,161104.457,108765.1484,,164794.5,162211.93,119059.5,,162932.6426,160254.0894,108341.0996
163740.5,160719.46,99059.5,,162711.5,160801.9,126638.5,,161741.5,157901.69,94374.5,,162060.5,157073.44,88230.5,,161647.5,159548.6,124468.5,,161315.7881,156137.9735,82841.12538,,165041.5,162275.85,112310.5,,163223.4157,160867.736,129246.8619,,164794.5,162895.8,116439.5,,162919.6338,159802.4944,108178.8319
163740.5,161053.61,113444.5,,162711.5,159497.68,99275.5,,161741.5,159863.33,110079.5,,162234.5,159884.55,99477.5,,161794.5,157184.32,97145.5,,161283.6104,157172.7859,86546.39848,,165041.5,162171.63,97295.5,,163331.3652,160053.3913,98873.95321,,164794.5,161912.61,115689.5,,162963.7195,159865.9897,101980.8724
163740.5,159444.64,100356.5,,162711.5,161523.45,123880.5,,161741.5,158904.27,104258.5,,162234.5,158366.65,86720.5,,161794.5,157468.44,103488.5,,161501.0753,157315.4566,107763.3095,,165041.5,162408.85,116807.5,,163215.9021,160758.8815,103839.8361,,164794.5,162824.81,106684.5,,162975.053,159890.6054,105977.7384
163740.5,161041.81,111515.5,,162711.5,160999.55,119802.5,,161741.5,161012.95,144969.5,,162234.5,160217.63,133488.5,,161794.5,159521.36,91082.5,,161333.0929,156037.8601,100879.3332,,165041.5,162769.31,102981.5,,163273.2155,159675.1664,111778.2779,,164794.5,161291.95,111388.5,,162962.7565,160285.2874,114209.5679
163740.5,160836.46,106783.5,,162711.5,160214.71,93825.5,,161741.5,158620.41,100448.5,,162234.5,158350.56,90510.5,,161794.5,159435.27,101756.5,,161476.7436,158095.7366,118668.0068,,165041.5,161426.21,112916.5,,163286.3091,160767.5529,115903.919,,164794.5,162472.13,103100.5,,162980.1725,160024.3377,104879.2695
163740.5,160167.79,94665.5,,162711.5,160834.51,112120.5,,161741.5,157539.36,100720.5,,162234.5,159039.78,108916.5,,162392.5,159174.9,114757.5,,161627.9133,158352.7893,115904.8582,,165041.5,160476.4,99381.5,,163480.741,161001.316,125570.5234,,164794.5,161649.31,102588.5,,163085.0171,159804.0173,108291.7646
163740.5,159880.26,112072.5,,162711.5,161073.96,114160.5,,161741.5,158848.24,108151.5,,162234.5,160062.04,80888.5,,162392.5,159510.87,88490.5,,161619.0516,156558.7784,99884.83677,,165041.5,161241.03,102788.5,,163492.1529,161296.5703,109962.0972,,164794.5,162202.97,125209.5,,163085.3005,160074.9687,104623.1593
163740.5,161577.88,108451.5,,162711.5,160480.72,120351.5,,161741.5,159806.93,106159.5,,162234.5,159407.45,91379.5,,162392.5,160165.78,121477.5,,161538.8931,158837.3116,118531.4827,,165041.5,160165.78,106848.5,,163644.8519,160648.616,96637.35095,,164794.5,160780.53,89698.5,,163093.3606,160207.8886,106615.0371
163740.5,159280.57,105430.5,,162711.5,161688.33,134541.5,,161741.5,159839.52,96412.5,,162234.5,159590.76,112103.5,,162392.5,159643.32,101720.5,,161457.6083,155154.5203,96326.09961,,165041.5,163964.63,157550.5,,163611.0341,161815.6976,124337.5687,,164794.5,162661.74,128170.5,,163080.5714,160404.3431,117399.2409
163740.5,161194.88,101518.5,,162711.5,160514.18,109862.5,,162136.5,159390.23,96091.5,,162234.5,158638.87,95530.5,,162392.5,160599.39,108900.5,,161549.0002,155980.7177,85566.8745,,165041.5,161575.41,97221.5,,163562.3651,160019.4899,96256.48435,,164794.5,162605.76,98153.5,,163129.2073,160057.6586,98789.09543
163740.5,159194.46,93891.5,,162711.5,160036.41,96662.5,,162399.5,157977.16,102234.5,,162234.5,159723.44,116617.5,,162392.5,159431.52,118467.5,,161351.7257,157810.0298,108391.5156,,165041.5,160975.37,99541.5,,163532.9651,161750.3316,110715.6619,,164794.5,162605.29,111996.5,,163133.2434,159944.8902,106502.0753
163740.5,161019.96,124448.5,,162711.5,160523.31,122220.5,,162399.5,161012.03,102679.5,,162234.5,160600.05,94014.5,,162392.5,160170.06,103152.5,,161555.7547,157862.1677,99243.9035,,165041.5,163027.72,105400.5,,163568.6408,161258.6239,118052.8218,,164794.5,161312.98,104715.5,,163159.8773,160754.1002,108214.2473
163740.5,160260.75,107940.5,,162711.5,160866.17,114868.5,,162480.5,160107.94,99425.5,,162234.5,160448.45,121272.5,,162392.5,159435.79,106904.5,,161561.2563,157064.3834,93313.38761,,165041.5,163419.96,111172.5,,163568.6408,162682.1669,155039.7198,,164794.5,160969.64,91291.5,,163169.4886,160583.9167,111247.6231
163740.5,158988.77,102552.5,,162711.5,160099.76,95551.5,,162787.5,160547.4,102453.5,,162234.5,159371.37,95658.5,,162392.5,158171.23,110740.5,,161407.9986,158429.6407,116698.3695,,165041.5,162225.83,105773.5,,163581.2976,161057.153,103536.7196,,164794.5,161585.55,120375.5,,163187.9774,160052.9671,105926.7321
163740.5,160013.41,105653.5,,162711.5,160958.35,101649.5,,162787.5,159926.02,107799.5,,162234.5,159677.29,101015.5,,162392.5,158730.02,94720.5,,161610.5566,155961.9964,74561.87267,,165041.5,161629.9,98011.5,,163588.845,161934.3406,124972.1636,,164794.5,161680.46,110753.5,,163211.3224,160056.8652,102126.3929
163740.5,160589.05,110517.5,,162711.5,161716.49,134687.5,,162787.5,160868.05,106533.5,,162234.5,159799.23,91034.5,,162392.5,159284.77,93747.5,,161444.8307,158067.0514,105378.6006,,165041.5,163824.51,139491.5,,163542.7273,161344.2751,128671.9071,,164794.5,161626.71,103073.5,,163187.7842,160791.1263,112570.6675
163740.5,160599.76,115501.5,,162711.5,160482.43,110534.5,,162874.5,161627.36,107795.5,,162234.5,159282.57,98411.5,,162392.5,159247.29,104566.5,,161532.173,158542.7767,106424.2844,,165041.5,162629.48,112647.5,,163560.195,160629.92,92858.67416,,164794.5,162187.11,118395.5,,163209.0964,160580.9663,107459.4954
163740.5,160722.23,114933.5,,162711.5,159114.92,101729.5,,162996.5,159636.32,100743.5,,162234.5,159639.66,108418.5,,162392.5,160373.18,94380.5,,161336.966,156411.0953,96720.23201,,165041.5,163139,103773.5,,163673.5,161720.8858,111430.9885,,164794.5,161854.66,107337.5,,163213.5518,160290.2168,104385.3023
163740.5,157527.19,90472.5,,162711.5,160767.35,103127.5,,162996.5,160161.43,102015.5,,162234.5,159639.01,103519.5,,162392.5,158794.07,106428.5,,161604.3841,158508.8216,96246.43286,,165041.5,161861.4,108443.5,,163673.5,161372.4085,106304.3742,,164794.5,161640.43,87737.5,,163243.2649,160030.2344,100477.2563
163740.5,159464.67,103071.5,,162711.5,161157.82,131471.5,,163388.5,159842.75,104578.5,,162234.5,159589.61,115265.5,,162392.5,159078.27,109810.5,,161534.6435,157964.3544,103874.956,,165041.5,162926.93,114046.5,,163673.5,161333.145,108127.5,,164794.5,161855.71,85788.5,,163279.0715,160357.0288,108448.3284
163740.5,160451.35,96515.5,,162711.5,161357.32,129536.5,,163388.5,160489.84,99631.5,,162234.5,160398.88,132037.5,,162392.5,159195.26,105706.5,,161552.9953,155785.6421,106041.8383,,165041.5,162771.98,120437.5,,163673.5,160322.89,105478.5,,164794.5,161647.17,109647.5,,163281.1106,160268.9258,111670.3154
163740.5,160681.52,115794.5,,162711.5,159398.95,103981.5,,163388.5,161236.71,94456.5,,162234.5,160306.61,102494.5,,162392.5,157852,99899.5,,161329.7144,158506.1063,114749.1688,,165041.5,162001.51,106132.5,,163673.5,161473.55,128390.5,,164794.5,161970.89,101407.5,,163256.3016,160380.8718,107478.4632
163740.5,159760.73,88946.5,,162711.5,161558.39,138010.5,,163388.5,159582.8,103731.5,,162234.5,159432.94,98679.5,,162392.5,158608.36,109109.5,,161555.6718,156757.6249,104402.5918,,165041.5,161245.17,92357.5,,163673.5,162197.22,138923.5,,164794.5,161911.35,104964.5,,163281.408,160117.1761,108791.7324
163740.5,161154.45,102715.5,,162711.5,159833.91,104755.5,,163388.5,160773.31,101363.5,,162234.5,160176.94,85822.5,,162392.5,157600.55,90403.5,,161255.7,158514.1081,89992.59147,,165041.5,162173.38,98124.5,,163673.5,161380.41,120359.5,,164794.5,162239.16,88782.5,,163248.0778,160427.3576,98035.51016
163740.5,159372.4,103316.5,,162711.5,160764.86,102464.5,,163388.5,161246.29,101359.5,,162234.5,159775.84,126063.5,,162392.5,157880.08,93480.5,,161551.7741,156963.5988,101640.701,,165041.5,161585.71,107117.5,,163673.5,160870.63,95762.5,,164794.5,162044.08,110275.5,,163280.9749,160055.9432,104608.9668
163740.5,161392.21,104552.5,,162711.5,159463.69,99120.5,,163388.5,161068.91,112033.5,,162234.5,160233.62,114762.5,,162392.5,160696.99,102710.5,,161346.0626,160013.8777,138728.4335,,165041.5,161063.5,105211.5,,163712.5,160632.86,100135.5,,164794.5,161055.3,111081.5,,163262.4514,160624.5509,109815.1593
163740.5,159268.74,115001.5,,162711.5,159755.17,95593.5,,163388.5,159560.4,102970.5,,162234.5,158844.21,119776.5,,162392.5,159153.87,84941.5,,161502.2344,157204.3672,93460.31335,,165041.5,159628.45,104373.5,,163712.5,159527.41,101929.5,,164794.5,160789.05,105666.5,,163279.8038,159303.5186,102634.8126
163740.5,161512.06,106821.5,,162711.5,159382.87,80183.5,,163388.5,160153.07,94565.5,,162234.5,159376.76,96744.5,,162392.5,159030.05,104956.5,,161544.6884,157608.6382,109563.6561,,165041.5,161014.4,88462.5,,163712.5,161199.2,90509.5,,164794.5,162113.92,88601.5,,163284.5209,160154.552,95600.96179
163740.5,159930.04,95633.5,,162711.5,159506.13,102656.5,,163388.5,161584.27,112162.5,,162234.5,160862.66,121277.5,,162392.5,156644.12,90857.5,,161548.4176,156193.646,92910.21913,,165041.5,161663.75,104699.5,,163712.5,161646.83,101350.5,,164794.5,160902.45,96006.5,,163284.9353,159881.544,101950.4688
163740.5,158569.95,104176.5,,162711.5,161233.57,128329.5,,163388.5,160868.28,132494.5,,162234.5,159708.89,96928.5,,162392.5,159029.47,93877.5,,161219.5672,157837.1002,101840.2792,,165041.5,163338.03,133957.5,,163712.5,161241.74,106003.5,,164794.5,162477.92,113089.5,,163248.3964,160478.3278,112299.6977
163740.5,160042.76,109843.5,,162711.5,159722.09,96518.5,,163388.5,159700.39,105950.5,,162234.5,159642.17,121289.5,,162392.5,158631.18,101240.5,,161441.3999,155873.8862,90851.50594,,165041.5,163286.74,122509.5,,163712.5,160440.66,98127.5,,164794.5,163530.05,139905.5,,163273.0444,160096.6585,109581.834
163740.5,160092.61,93807.5,,162711.5,160789.39,104904.5,,163388.5,159816.2,83445.5,,162234.5,157731.45,98458.5,,162392.5,158984.57,111241.5,,161396.4458,156065.6502,87170.93496,,165041.5,162023.24,104755.5,,163712.5,161005.7,98305.5,,164794.5,162198.3,109304.5,,163268.0495,159856.3456,99043.77055
163740.5,162138.14,129295.5,,162711.5,159973.53,101434.5,,163388.5,160043.49,96033.5,,162234.5,160474.8,111024.5,,162392.5,158429.21,100510.5,,161267.7674,159357.8595,104870.8969,,165041.5,160281.63,88339.5,,163987.5,159696.23,91652.5,,164794.5,161471.3,99712.5,,163284.3075,160207.3544,102541.5441
163740.5,161220.96,104934.5,,162711.5,161557.06,144172.5,,163388.5,160703.69,94899.5,,162234.5,158657.88,87449.5,,162392.5,159047.8,112157.5,,161440.2324,154635.1299,90491.77587,,165041.5,163616.22,122814.5,,163987.5,160494.09,106296.5,,164794.5,163526.62,140467.5,,163303.4703,160384.3833,111520.4195
163740.5,159456.18,104866.5,,162711.5,160663.48,112810.5,,163388.5,160477.73,100549.5,,162234.5,160112.06,105501.5,,162392.5,158487.13,103501.5,,161670.9429,158360.6776,110853.8187,,165041.5,161374.84,103715.5,,164104.5,162022.09,116287.5,,164794.5,160993.56,98262.5,,163342.1048,160216.4164,106260.9799
163740.5,160416.49,109147.5,,162711.5,161138.31,112200.5,,163388.5,159272.03,82923.5,,162234.5,159599.01,91530.5,,162392.5,158249.22,91014.5,,161478.6537,158061.4635,102774.2238,,165041.5,159686.03,92756.5,,164104.5,162153.63,105840.5,,164794.5,162016.79,104057.5,,163320.7393,160065.8859,99138.3582
163740.5,160445.89,106507.5,,162711.5,160123.69,110690.5,,163388.5,159638.58,93709.5,,162234.5,158880.56,107645.5,,162392.5,160581.58,106754.5,,161418.1539,156578.2096,96354.97537,,165041.5,162526.98,116551.5,,164104.5,162396.74,106905.5,,164794.5,160796.53,99996.5,,163314.0171,160218.7511,105012.8862
163740.5,159495.45,101814.5,,162711.5,160227.8,105688.5,,163388.5,158975.94,93909.5,,162234.5,160905.91,121646.5,,162392.5,159249.81,106629.5,,161522.2159,157303.6702,106629.2922,,165041.5,162074.34,114457.5,,164104.5,160107.59,107156.5,,164794.5,162646.78,99793.5,,163325.5795,160109.6989,106413.9214
163740.5,161055.16,120777.5,,162711.5,160538.45,106888.5,,163388.5,158897.63,87939.5,,162234.5,159149.62,104314.5,,162392.5,159423.92,104190.5,,161446.1198,157243.9624,97403.05345,,165041.5,162010.94,110964.5,,164104.5,160634.64,108917.5,,164794.5,160773.65,94888.5,,163317.1244,159969.7747,104031.5615
163740.5,158929.71,100847.5,,162711.5,161097.39,104649.5,,163388.5,160805.9,94413.5,,162234.5,158760.21,109352.5,,162392.5,158936.66,101405.5,,161384.3451,155734.9894,85257.4103,,165041.5,161611.27,93921.5,,164104.5,161965.42,124436.5,,164794.5,162711,111003.5,,163310.2606,160061.3944,102809.7123
163740.5,160712.99,101384.5,,162711.5,159701.2,75252.5,,163388.5,160753.04,101034.5,,162234.5,158218.2,89822.5,,162392.5,159040.72,111474.5,,161403.2956,158866.8716,112969.5922,,165041.5,161564.41,98965.5,,164202.5,162013.98,109036.5,,164794.5,161137.67,82302.5,,163323.2551,160223.2313,98026.95469
163740.5,160061.87,96826.5,,162711.5,159402.69,103354.5,,163388.5,160232.2,113094.5,,162234.5,159268.91,110722.5,,162392.5,158012.64,84561.5,,161415.4804,157278.8821,98598.00706,,165041.5,159876.07,97964.5,,164202.5,160863.79,94689.5,,164794.5,162023.4,111071.5,,163324.6089,159668.9391,101209.223
163740.5,161150.71,90167.5,,162711.5,161454.9,130496.5,,163388.5,161172.98,94941.5,,162234.5,158663.11,91530.5,,162392.5,158327.47,95151.5,,161417.3691,155253.0752,76510.28449,,165041.5,161990.63,105634.5,,164202.5,161786.69,84930.5,,164794.5,162191.49,110516.5,,163324.8188,160221.2284,97764.36494
163740.5,159233.78,113802.5,,162711.5,161024.52,112456.5,,163388.5,160869.81,106677.5,,162234.5,159391.86,95373.5,,162392.5,159130.95,96925.5,,161406.2946,158630.3736,102126.9795,,165041.5,161221.67,97733.5,,164212.5,160709.7,106240.5,,164794.5,162352.21,124952.5,,163324.6994,160284.986,106254.3311
163740.5,160022.63,91285.5,,162711.5,159398.83,96043.5,,163388.5,160386.87,101970.5,,162234.5,157783,90643.5,,162392.5,159078.67,109485.5,,161412.6823,158641.4353,102240.9832,,165041.5,162687.33,118147.5,,164212.5,161208.42,108851.5,,164794.5,160647.39,99456.5,,163325.4091,159983.8417,102013.887
163740.5,160464.44,99598.5,,162711.5,159879.96,115172.5,,163388.5,160691.36,94012.5,,162234.5,160334.17,98081.5,,162392.5,160228.38,111023.5,,161238.7933,158379.9477,110214.453,,165041.5,162169.68,105868.5,,164212.5,161319.07,117321.5,,164794.5,163526.53,114932.5,,163306.0881,160777.0597,107358.3837
163740.5,158921.92,97021.5,,162711.5,160822.56,128645.5,,163388.5,161800.71,96226.5,,162234.5,159362.76,94741.5,,162392.5,156955.95,102354.5,,161515.3126,157826.9486,110503.4064,,165041.5,162209.94,115595.5,,164212.5,158920.01,106072.5,,164794.5,161572.45,102945.5,,163336.8125,159821.4721,106011.8229
163740.5,160320.04,89662.5,,162711.5,161601.15,110337.5,,163388.5,159977.75,99895.5,,162234.5,159733.07,116047.5,,162392.5,159610.36,109372.5,,161553.0776,158490.1671,103379.3292,,165041.5,160682.52,98076.5,,164212.5,161314.43,94992.5,,164794.5,158886.43,107921.5,,163341.0086,160068.4352,103298.3699
163740.5,158170.17,86721.5,,162711.5,161617.34,131192.5,,163388.5,158715.63,95923.5,,162234.5,158883.87,97733.5,,162392.5,158329.31,94317.5,,161460.7225,157335.2685,98589.44777,,165041.5,163228.29,108793.5,,164212.5,161871.78,112574.5,,164794.5,161257.18,86162.5,,163330.7469,159934.3154,101334.272
163740.5,160313.86,114458.5,,162711.5,160689.42,97085.5,,163388.5,161544.98,96477.5,,162234.5,159644.1,104221.5,,162392.5,160399.57,99616.5,,161881.1221,155735.5074,86922.73164,,165041.5,162086.3,101753.5,,164212.5,160313.31,95881.5,,164794.5,161630.18,104821.5,,163377.458,160261.9142,100137.6368
163740.5,161248.94,101115.5,,162711.5,158970.85,94798.5,,163388.5,160467.29,108825.5,,162234.5,159918.11,104535.5,,162392.5,158275.77,111715.5,,161522.9981,158640.0357,111146.8696,,165041.5,161188.21,106227.5,,164212.5,160920.96,112961.5,,164794.5,161525.32,109990.5,,163337.6665,160128.3873,106812.9855
163740.5,160103.66,113009.5,,162711.5,159549.86,110206.5,,163388.5,160163.52,101938.5,,162234.5,158548.46,94067.5,,162392.5,157758.08,96910.5,,161683.7843,157505.4999,97757.51271,,165041.5,161307.37,100109.5,,164212.5,161495.55,101468.5,,164794.5,162538.18,100076.5,,163355.5316,159885.5755,101727.1681
163740.5,160162.91,105671.5,,162711.5,160697.69,102300.5,,163388.5,160777.06,100299.5,,162234.5,159130.01,90681.5,,162392.5,158822.01,99330.5,,161473.4475,157087.935,95364.98041,,165041.5,160974.74,96087.5,,164212.5,162917.9,125470.5,,164794.5,162074.2,126991.5,,163332.1608,160293.8283,104688.6645
163740.5,160759.94,107815.5,,162711.5,160464.93,104379.5,,163388.5,161055.88,91114.5,,162234.5,158755.67,107709.5,,162392.5,160189.33,111439.5,,161427.5289,158045.9023,98897.7992,,165041.5,162917.96,127355.5,,164212.5,161746.91,117062.5,,164794.5,161745.25,112504.5,,163327.0588,160631.308,108697.6444
163740.5,160043.63,96441.5,,162711.5,159479.22,99281.5,,163388.5,162574.1,140841.5,,162234.5,160352.59,119061.5,,162392.5,158947.71,100089.5,,161602.7493,156962.1804,100406.7337,,165041.5,161326.56,105597.5,,164212.5,160867.29,97179.5,,164794.5,161247.09,89357.5,,163346.5277,160200.0412,105361.8593
163740.5,161217.9,109741.5,,162711.5,160342.74,104875.5,,163388.5,159010.53,90781.5,,162234.5,159377.4,111758.5,,162392.5,159065.73,100358.5,,161578.6107,155292.9916,106987.198,,165041.5,161286.27,96664.5,,164212.5,162428.6,93976.5,,164794.5,162060.28,108072.5,,163343.8456,160009.1602,102579.5776
163740.5,159743.4,101791.5,,162711.5,159782.74,106467.5,,163388.5,159651.45,101297.5,,162234.5,160328.99,119796.5,,162392.5,157552.71,91395.5,,161369.2675,157038.8268,103836.9939,,165041.5,163094.27,109997.5,,164212.5,161198.92,107500.5,,164794.5,163136.63,92281.5,,163320.5853,160169.7708,103818.3327
163740.5,158899.1,98835.5,,162711.5,159600.78,102318.5,,163388.5,161299.2,90598.5,,162234.5,160052.48,105286.5,,162392.5,159643.32,119130.5,,161498.2343,156390.5545,90779.38833,,165041.5,160688.14,105230.5,,164212.5,160449.67,101604.5,,164794.5,161884.55,119991.5,,163334.9149,159878.6438,103752.8209
163740.5,161570.1,97445.5,,162711.5,159736.24,103638.5,,163490.5,160162.49,91089.5,,162234.5,159138.83,103223.5,,162392.5,159153.62,92904.5,,161447.1873,157076.3363,106012.3009,,165041.5,161134.18,100898.5,,164212.5,162078.85,107152.5,,164794.5,162120.91,87946.5,,163340.5764,160241.284,98923.47788
163740.5,160995.7,114669.5,,162711.5,160400.34,102291.5,,163490.5,161708.88,107328.5,,162234.5,159677.56,94796.5,,162392.5,160612.94,121959.5,,161360.5035,157861.1833,107313.0419,,165041.5,161011.61,96120.5,,164212.5,162507.75,131513.5,,164794.5,161386.31,97909.5,,163330.9448,160684.697,108211.338
163740.5,159420.32,102917.5,,162711.5,160439.89,106305.5,,163490.5,161490.81,102309.5,,162234.5,161385.02,128027.5,,162394.5,158419.32,105537.5,,161359.6503,157458.6803,101245.1852,,165041.5,162277.81,96276.5,,164212.5,160898.17,100718.5,,164794.5,163008.47,127960.5,,163331.0723,160533.1656,107922.0206
163740.5,160232.41,96660.5,,162711.5,159916.48,101810.5,,163490.5,160428.72,96500.5,,162234.5,159813.89,111630.5,,162394.5,158001.66,95512.5,,161436.7515,156882.597,93736.47078,,165041.5,162838.77,117531.5,,164212.5,161100.3,112501.5,,164794.5,162360.22,122154.5,,163339.6391,160175.0052,105337.6079
163740.5,162008.06,110696.5,,162711.5,160304.84,102469.5,,163490.5,161716.66,115168.5,,162234.5,160510.98,105577.5,,162394.5,161210.22,131244.5,,161274.8324,157298.063,104056.4147,,165041.5,161771.19,98607.5,,164212.5,160573.85,109749.5,,164794.5,161410.16,105576.5,,163321.648,160756.0026,109238.4905
163740.5,160405.09,99456.5,,162711.5,159888.86,105046.5,,163490.5,160872.55,97918.5,,162234.5,157766.47,98376.5,,162394.5,160157.34,115204.5,,161328.2969,157630.9961,98835.80102,,165041.5,162492.57,94136.5,,164212.5,161778.84,108195.5,,164794.5,161060.99,104138.5,,163327.5885,160228.1896,102367.6446
163740.5,159578.03,103873.5,,162711.5,160471.53,83988.5,,163490.5,161892.38,102458.5,,162234.5,159409.11,99085.5,,162394.5,158428.28,103618.5,,161553.1662,157307.0542,106635.2337,,165041.5,161582.42,100352.5,,164212.5,161983.58,92401.5,,164794.5,162516.78,121981.5,,163352.574,160352.1294,101599.4704
163740.5,161522.56,102303.5,,162711.5,160744.18,110966.5,,163490.5,159632.98,109582.5,,162234.5,159102.38,94525.5,,162394.5,159689.41,111355.5,,161592.9954,157014.6864,83328.82694,,165041.5,159019.41,105936.5,,164212.5,162766.45,133071.5,,164794.5,162564.19,107240.5,,163356.9995,160228.4718,106478.9808
163740.5,160718.27,102282.5,,162711.5,158346.59,102489.5,,163490.5,159816.43,89724.5,,162234.5,159013.69,108753.5,,162394.5,158608.88,102523.5,,161472.3469,157085.0948,99697.74567,,165041.5,161863.15,92062.5,,164212.5,161905.27,111540.5,,164794.5,161425.87,103148.5,,163343.5941,159864.805,101358.0829
163740.5,160769.88,113668.5,,162711.5,159915.84,97234.5,,163490.5,161053.03,98265.5,,162234.5,159240.97,105211.5,,162394.5,157412.72,102452.5,,161217.3188,158109.2644,102649.4149,,165041.5,162081.28,119036.5,,164212.5,161863.05,111085.5,,164794.5,162424.14,93687.5,,163315.2576,160318.9083,104810.1572
163740.5,160377.45,82398.5,,162711.5,161170.95,103498.5,,163490.5,161129.7,89202.5,,162234.5,159312.93,103251.5,,162394.5,159006.32,101579.5,,161280.1536,155095.7687,94529.8416,,165041.5,162581.09,115778.5,,164212.5,161930.1,105086.5,,164794.5,162265.78,111090.5,,163322.2393,160318.8987,100712.8713
163740.5,160315.01,111732.5,,162711.5,160158.57,96386.5,,163490.5,160518.1,103883.5,,162234.5,159052.11,103076.5,,162394.5,157919.1,96316.5,,161703.3239,157363.0921,88258.44654,,165041.5,163058.72,116929.5,,164212.5,162687.44,120884.5,,164794.5,160575.61,100173.5,,163369.2582,160183.0836,104182.3829
163740.5,161515.62,114839.5,,162711.5,159842.28,105279.5,,163490.5,160846.61,96071.5,,162234.5,159161.09,86417.5,,162478.5,158422.19,107104.5,,161631.0999,157659.3272,93413.77413,,165041.5,162462.86,100444.5,,164212.5,161653.42,99189.5,,164794.5,161033.17,108644.5,,163370.5667,160288.5075,101267.1971
163740.5,161183.98,110030.5,,162711.5,161059.5,125237.5,,163490.5,161672.7,100846.5,,162234.5,159094.94,90390.5,,162595.5,157497.79,103509.5,,161525.85,157965.44,110802.7614,,165041.5,161468.16,103470.5,,164212.5,161435.68,101204.5,,164794.5,162006.61,102962.5,,163371.8722,160376.0889,105383.8624
163740.5,160293.17,106728.5,,162711.5,159621.58,110902.5,,163490.5,161164.79,106974.5,,162234.5,158952.91,113924.5,,162595.5,157705.32,97198.5,,161458.7289,157490.6804,97142.70227,,165041.5,163882.37,152240.5,,164212.5,162805.81,115039.5,,164794.5,162775.34,119537.5,,163364.4143,160521.33,113298.7447
163740.5,160963.19,114287.5,,162711.5,160844.39,89769.5,,163490.5,161058.19,113768.5,,162234.5,160467.04,105264.5,,162595.5,158029.62,76236.5,,161370.6272,157071.8357,90485.96424,,165041.5,159882.25,101523.5,,164212.5,161405.98,94891.5,,164794.5,163092.19,110262.5,,163354.6252,160312.7429,99609.99603
163740.5,162151.64,121314.5,,162711.5,159915.04,95316.5,,163490.5,161269.32,107775.5,,162234.5,159359.29,94586.5,,162595.5,160002.37,102083.5,,161237.5639,157940.8825,105242.8187,,165041.5,161535.86,107133.5,,164212.5,161808.92,102523.5,,164794.5,162091.15,101295.5,,163339.8404,160674.9414,104141.3132
163740.5,160725.66,111493.5,,162711.5,160479.96,99514.5,,163490.5,161202.63,119451.5,,162234.5,159500.57,120443.5,,162595.5,158051.55,84877.5,,161349.7799,156690.2158,91263.22266,,165041.5,162934,129584.5,,164212.5,162139.17,108165.5,,164794.5,162260.81,108537.5,,163352.3089,160442.7295,108147.9136
163740.5,162195.56,128149.5,,162711.5,160090.8,118429.5,,163490.5,160383.19,86852.5,,162234.5,160669.76,119343.5,,162595.5,161639.74,129859.5,,161392.6296,157161.9957,97159.57976,,165041.5,162390.12,91024.5,,164212.5,162509.5,124451.5,,164794.5,162292.03,112991.5,,163357.07,161036.9662,112029.0644
163740.5,158998.12,94422.5,,162711.5,159735.43,95069.5,,163490.5,160805.13,96698.5,,162234.5,160178.68,115127.5,,162595.5,159221.84,103119.5,,161369.5041,159152.7833,95966.31357,,165041.5,161509.54,109630.5,,164212.5,163213.79,157161.5,,164794.5,162393.54,85852.5,,163354.5005,160578.7615,105894.2571
163740.5,161715.16,104191.5,,162711.5,160750.58,119634.5,,163490.5,159755.64,98081.5,,162234.5,160557.12,107890.5,,162595.5,160482.39,110767.5,,161619.8198,159451.7909,128102.3108,,165041.5,163074.8,99480.5,,164212.5,161556.02,95361.5,,164794.5,162509.56,117074.5,,163382.3133,161094.7845,108953.8123
163740.5,160620.31,113036.5,,162711.5,160364.55,104467.5,,163490.5,160911.04,114399.5,,162234.5,158082.72,82233.5,,162595.5,159846.78,103520.5,,161631.1702,158462.7021,115829.3779,,165041.5,161419.51,94554.5,,164212.5,161305.15,116750.5,,164794.5,161487.26,106037.5,,163383.5745,160277.7802,105647.7087
163740.5,158602.81,79807.5,,162711.5,160148.63,110894.5,,163490.5,160245.4,96246.5,,162234.5,160339.96,135386.5,,162595.5,160603.62,113789.5,,161422.8676,156910.8656,91786.57306,,165041.5,161342.84,94292.5,,164212.5,160562.16,110803.5,,164794.5,160849.39,106988.5,,163360.4297,159956.1862,104443.9526
163740.5,159699.24,98089.5,,162711.5,161130.67,100968.5,,163490.5,162026.93,133227.5,,162234.5,160007.91,122666.5,,162595.5,159296.54,86966.5,,161412.3498,156027.2313,106536.5405,,165041.5,162136.21,102032.5,,164212.5,162506.57,119315.5,,164794.5,162670.31,117984.5,,163359.2611,160611.2901,109754.1712
163740.5,160003.48,112528.5,,162711.5,159567.05,98410.5,,163490.5,160011.45,112414.5,,162234.5,159120.81,96769.5,,162595.5,158841.83,90837.5,,161397.93,156013.2793,88280.72625,,165041.5,161903.32,103660.5,,164212.5,160903.47,106308.5,,164794.5,161799.06,101386.5,,163357.6589,159795.9721,101177.414
163740.5,161137.43,109761.5,,162711.5,158632.12,104263.5,,163490.5,161173.92,105560.5,,162234.5,160471.49,110613.5,,162595.5,160851.8,127249.5,,161499.9921,157514.6721,106543.346,,165041.5,162161.57,91363.5,,164212.5,160315.35,98647.5,,164794.5,162532.82,105287.5,,163368.9991,160532.3525,106587.8162
163740.5,159210.5,95671.5,,162711.5,159126.26,99109.5,,163500.5,160568.76,97092.5,,162234.5,160045.57,103289.5,,162721.5,159301.07,93636.5,,161452.0789,157249.9733,107728.9891,,165041.5,162017.48,99110.5,,164212.5,161546.81,105786.5,,164794.5,163462.07,136975.5,,163378.7865,160280.9437,104266.7766
163740.5,158705.7,102586.5,,162711.5,160932.31,100714.5,,163500.5,161597.85,105159.5,,162234.5,160499.23,124550.5,,163201.5,156622,91305.5,,161554.4831,156069.9418,100216.6871,,165041.5,161968.54,101271.5,,164212.5,160591.47,84554.5,,164794.5,163817.42,154980.5,,163443.4981,160089.3846,107259.9652
163740.5,157529.35,99184.5,,162711.5,161080.45,105711.5,,163500.5,160479.56,102854.5,,162234.5,159393.31,92017.5,,163201.5,159040.84,97983.5,,161497.2335,156994.0089,91740.26418,,165041.5,163198.91,122218.5,,164212.5,160459.81,118592.5,,164794.5,163241.66,129897.5,,163437.1371,160157.5443,106688.9182
163740.5,160582.08,108821.5,,162711.5,160593.17,103267.5,,163500.5,160002.88,100822.5,,162236.5,160795.31,140885.5,,163201.5,160087.58,114669.5,,161619.536,156442.1408,82086.62395,,165041.5,161458.11,102910.5,,164212.5,161962.59,94412.5,,164794.5,161987.95,94906.5,,163450.9484,160434.6456,104753.6249
163740.5,159885.84,97668.5,,162711.5,161595.36,132620.5,,163500.5,161257,90764.5,,162236.5,159451.42,92133.5,,163201.5,160519.53,97263.5,,161433.1396,156445.7086,96904.65587,,165041.5,160436.92,98316.5,,164212.5,162785.88,100263.5,,164794.5,162444.52,95766.5,,163430.2377,160535.7976,100189.0729
163740.5,159528.88,102055.5,,162711.5,159607.95,89978.5,,163500.5,161775.37,123706.5,,162236.5,160850.87,119657.5,,163457.5,161099.66,112016.5,,161607.8644,157313.9858,107066.9344,,165041.5,162645.22,107230.5,,164212.5,160119.01,90424.5,,164794.5,163373.88,139497.5,,163478.096,160701.6473,110181.5483
163740.5,157968.45,92222.5,,162711.5,161879.09,155674.5,,163500.5,160692.16,109428.5,,162236.5,159367.09,91489.5,,163813.5,161070.7,108775.5,,161498.5508,158471.8682,108983.2481,,165041.5,163336.61,132705.5,,164212.5,162234.3,125740.5,,164794.5,161361.66,86261.5,,163505.5056,160709.1031,112364.5831
163740.5,160070.99,110718.5,,162711.5,161159.35,122565.5,,163500.5,159668.62,89916.5,,162236.5,160844.34,115561.5,,163813.5,160688.92,119484.5,,161363.0581,158664.2019,95210.16854,,165041.5,161622.97,98137.5,,164212.5,162582.57,129639.5,,164794.5,160629.39,69995.5,,163490.4509,160659.0391,105692.1298
163740.5,161667.44,128797.5,,162711.5,160256.72,98879.5,,163500.5,160482.18,97848.5,,162236.5,159006.74,93555.5,,164165.5,160211.48,98923.5,,161599.6803,157363.515,104429.1648,,165041.5,161464.86,98320.5,,164212.5,161169.66,111100.5,,164794.5,162462.34,90594.5,,163555.8534,160453.8817,102494.3516
163740.5,161061.49,118803.5,,162711.5,160288.66,92680.5,,163500.5,162202.78,120003.5,,162236.5,159675.66,93320.5,,164296.5,162685.66,139945.5,,161401.5797,158385.7961,105572.4861,,165041.5,162013.95,97097.5,,164212.5,161823.06,107153.5,,164794.5,161253.4,93490.5,,163548.3977,161043.384,107563.054
163740.5,160199.54,115484.5,,162711.5,159768.18,107655.5,,163500.5,162316.35,124292.5,,162236.5,158574.41,104868.5,,164296.5,161458.23,107512.5,,161268.7325,158552.1771,111951.0025,,165041.5,161728.98,101601.5,,164212.5,162803.47,104825.5,,164794.5,161777.2,105988.5,,163533.6369,160797.6152,109353.3336
163740.5,157254.64,92757.5,,162711.5,160564.26,111261.5,,163500.5,161450.8,102968.5,,162236.5,158585.22,98887.5,,164296.5,162276.43,120542.5,,161513.1192,157510.3856,102648.2033,,165041.5,162039.57,110060.5,,164212.5,162760.48,131360.5,,164794.5,162323.25,105640.5,,163560.791,160529.4484,108458.5781
163740.5,159691.53,103395.5,,162711.5,160384.5,117870.5,,163500.5,160371.17,99370.5,,162236.5,159525.8,122475.5,,164296.5,161440.79,119013.5,,161596.2122,156247.5835,87974.60426,,165041.5,162005.56,102630.5,,164212.5,161253.5,98643.5,,164794.5,163027.3,120066.5,,163570.0236,160438.6371,107937.8449
163740.5,158055.79,94171.5,,162711.5,160728.24,113057.5,,163500.5,160223.84,109197.5,,162236.5,160168.8,101123.5,,164296.5,159656.17,110984.5,,161586.5338,156610.6054,95567.28503,,165041.5,159659.38,91864.5,,164212.5,162341,109654.5,,164794.5,160265.42,107917.5,,163568.9482,159745.4717,103726.4761
163740.5,158951.29,111426.5,,162711.5,159262.63,101311.5,,163500.5,162060.32,119472.5,,162236.5,158200.58,94701.5,,164296.5,161288.55,100566.5,,161391.33,156999.5659,97453.15582,,165041.5,161461.37,96876.5,,164212.5,161473.84,102488.5,,164794.5,162151,123199.5,,163547.2589,160205.4607,105277.3506
163740.5,159600.88,89589.5,,162711.5,161094.51,125804.5,,163500.5,162451.79,128307.5,,162236.5,160534.67,129936.5,,164296.5,160148.76,102727.5,,161391.1237,158180.3212,95517.69405,,165041.5,160412.03,101178.5,,164212.5,161263.42,101401.5,,164794.5,162243.44,93704.5,,163547.236,160658.869,107574.1882
163740.5,160339.72,108480.5,,162711.5,159547.95,109243.5,,163500.5,157822.5,90482.5,,162236.5,160506.53,118182.5,,164296.5,162806.7,112599.5,,162037.204,158541.2794,116390.6256,,165041.5,161059.36,97838.5,,164212.5,161632.7,90596.5,,164794.5,161084.33,98975.5,,163619.0227,160371.2299,104754.4028
163740.5,159950.13,103236.5,,162711.5,159725.7,100666.5,,163500.5,160986.24,94454.5,,162236.5,161014.9,118286.5,,164296.5,160526.85,105869.5,,161359.3243,157162.6343,111717.0627,,165041.5,162949.75,112196.5,,164212.5,162202.58,117818.5,,164794.5,162745.87,119078.5,,163543.7027,160807.1838,109258.2292
163740.5,159332.76,98747.5,,162711.5,160739.59,134103.5,,163500.5,159986.42,88587.5,,162236.5,159589.41,111471.5,,164296.5,159221.47,94584.5,,161266.1794,156805.1843,98282.66992,,165041.5,161832.94,97374.5,,164212.5,162113.39,118648.5,,164794.5,161517.19,108066.5,,163533.3533,160126.4838,105540.7411
163740.5,159305.88,106240.5,,162711.5,159406.64,108005.5,,163500.5,160683.5,107109.5,,162236.5,159371.02,94701.5,,164296.5,162938.92,129839.5,,161407.6383,156880.5572,89367.49606,,165041.5,162820.98,113606.5,,164212.5,161022.87,103607.5,,164794.5,161184.29,83565.5,,163549.0709,160401.6286,104004.8329
163740.5,159677.01,112372.5,,162711.5,161469.38,111852.5,,163500.5,160961.78,94854.5,,162236.5,161430.86,146051.5,,164296.5,159785.5,97108.5,,161514.9331,155988.9667,104494.3897,,165041.5,162961.68,109546.5,,164212.5,161670.48,106363.5,,164794.5,163260.49,114211.5,,163560.9926,160800.683,110761.71
163740.5,161126.43,98692.5,,162711.5,159533.81,108251.5,,163500.5,162378.58,119976.5,,162236.5,158505.07,99362.5,,164296.5,161284.45,120682.5,,161615.8085,155897.5405,94289.6429,,165041.5,160713.51,93630.5,,164212.5,161638.53,113811.5,,164794.5,160622.53,106470.5,,163572.2009,160188.9389,106129.7381
163740.5,160276.64,98674.5,,162711.5,160438.66,89629.5,,163500.5,160842.61,103759.5,,162236.5,161167.24,132219.5,,164296.5,161118.7,107655.5,,161591.1184,157152.317,103059.1693,,165041.5,160456.03,96744.5,,164212.5,161003.43,101634.5,,164794.5,160078.95,87447.5,,163569.4576,160281.6197,102313.7966
163740.5,162796.21,143807.5,,162711.5,160977.37,125400.5,,163500.5,160480.94,102231.5,,162236.5,158844.97,104218.5,,164296.5,159587.12,104023.5,,161513.5451,159009.1327,109472.2522,,165041.5,162197.66,110215.5,,164212.5,162045.9,104377.5,,164794.5,161178.85,107309.5,,163560.8383,160790.9059,112339.5836
163740.5,160554.28,83711.5,,162711.5,159499.42,103099.5,,163500.5,161514.89,111978.5,,162236.5,160280.36,114777.5,,164296.5,160373.66,99276.5,,161498.6538,157421.4841,99846.11622,,165041.5,162643.44,92865.5,,164212.5,161495.74,116507.5,,164794.5,162401.86,113179.5,,163559.1838,160687.2371,103915.7907
163740.5,160938,104496.5,,162711.5,160775.12,108070.5,,163500.5,159388.07,109810.5,,162236.5,159320.15,117221.5,,164296.5,162382.57,113883.5,,161420.2662,156869.1622,97194.43584,,165041.5,160797.72,90644.5,,164212.5,161401.99,104849.5,,164794.5,163041.52,115400.5,,163550.474,160546.0336,106841.2706
163740.5,161503.14,124077.5,,162711.5,160016.58,108692.5,,163500.5,161727.84,90134.5,,162236.5,160634.84,116403.5,,164296.5,161562.54,115027.5,,161589.5671,158461.2467,108188.2347,,165041.5,162960.77,123964.5,,164212.5,161577.99,102035.5,,164794.5,162064.89,103656.5,,163569.2852,161167.7596,110242.2483
163740.5,158844.9,104178.5,,162711.5,161713.71,129941.5,,163500.5,159515.99,97278.5,,162236.5,159945.65,107007.5,,164296.5,156766.36,88932.5,,161365.4776,159034.5116,109173.0272,,165041.5,160973.03,100771.5,,164212.5,161979.15,112370.5,,164794.5,161470.91,97094.5,,163544.3864,160027.1346,105194.2252
163740.5,159746.4,88049.5,,162711.5,161302.54,118967.5,,163500.5,162322.91,119766.5,,162236.5,160593.33,119787.5,,164296.5,160354.75,105277.5,,161793.9442,156597.7283,109920.1904,,165041.5,162265.65,108993.5,,164212.5,161788.14,106539.5,,164794.5,161661.08,107492.5,,163591.9938,160736.9476,109421.5767
163740.5,157436.49,91271.5,,162711.5,160428.96,91944.5,,163500.5,160623.56,105558.5,,162236.5,160496.68,91450.5,,164296.5,161529.16,111286.5,,161415.1927,157221.3651,104790.2637,,165041.5,161918.25,100819.5,,164212.5,162740.6,131931.5,,164794.5,161917.25,112077.5,,163549.9103,160479.1461,104570.0293
163740.5,160476.15,100298.5,,162711.5,160660.67,108577.5,,163500.5,160307.71,105972.5,,162236.5,158113.12,90769.5,,164296.5,160361.86,97454.5,,161659.9128,156143.0029,97598.72885,,165041.5,163307.33,106500.5,,164212.5,161765.44,83269.5,,164794.5,160733.4,102837.5,,163577.1014,160207.6314,99253.19209
163740.5,161408.01,115131.5,,162711.5,161363.09,109628.5,,163500.5,158653.15,88864.5,,162236.5,158701.46,101466.5,,164296.5,160350.52,92577.5,,161574.9315,157372.453,101480.0292,,165041.5,161551.87,103210.5,,164212.5,162650.17,94358.5,,164794.5,162153.03,114499.5,,163567.6591,160467.0837,102357.4477
163740.5,160030.59,101715.5,,162711.5,159478,110153.5,,163500.5,161444.75,117193.5,,162236.5,160126.14,99634.5,,164296.5,161298.86,98196.5,,161646.7533,159218.6742,110830.8315,,165041.5,161312.89,105893.5,,164212.5,161956.73,86970.5,,164794.5,162740.94,110090.5,,163575.6393,160845.286,104519.8702
163740.5,159863.71,113023.5,,162711.5,160440.83,109716.5,,163500.5,161751.86,103794.5,,162236.5,158309.76,95190.5,,164296.5,158829.87,94645.5,,161608.7619,158300.7945,119445.6542,,165041.5,161575.37,94674.5,,164212.5,161166.38,113066.5,,164794.5,161084.19,103699.5,,163571.418,160146.9738,105250.7394
163740.5,161039.55,102769.5,,162711.5,160474.44,113923.5,,163500.5,158026.43,93901.5,,162236.5,160006.35,124014.5,,164296.5,162266.9,114959.5,,161494.1396,156699.0045,85619.00298,,165041.5,162861.26,116196.5,,164212.5,160198.62,99313.5,,164794.5,162099.74,91316.5,,163558.6822,160408.0327,104668.2226
163740.5,159784.87,96393.5,,162711.5,160358.7,116679.5,,163500.5,159450.05,94179.5,,162236.5,158641.72,104057.5,,164296.5,159674.53,89820.5,,161800.1995,156939.073,96428.67752,,165041.5,162932.08,118531.5,,164212.5,161550.06,111775.5,,164794.5,162332.14,118827.5,,163592.6888,160184.8026,105188.1864
163740.5,161404.1,120365.5,,162798.5,159298.38,115016.5,,163500.5,160658.59,87577.5,,162236.5,159382.23,106145.5,,164296.5,160328.02,103395.5,,161323.2217,157975.0638,93014.50073,,165041.5,162190.24,101080.5,,164212.5,160996.51,102251.5,,164794.5,159988.42,92119.5,,163549.358,160246.8393,102329.6112
163740.5,161302.66,116936.5,,162798.5,160628.76,111046.5,,163500.5,160430.75,95001.5,,162236.5,161306.6,132448.5,,164296.5,161088.76,116141.5,,161655.0707,157075.0674,87529.12495,,165041.5,161169.63,93898.5,,164212.5,162338.82,103221.5,,164794.5,161262.88,90440.5,,163586.2301,160733.7697,105184.9028
163740.5,159147.24,101207.5,,162798.5,159605.56,111247.5,,163500.5,159822.98,105769.5,,162236.5,160101.97,94541.5,,164296.5,159862.53,95504.5,,161543.9186,158650.0719,110553.9995,,165041.5,161161.97,109296.5,,164212.5,160785.12,104876.5,,164794.5,161962.08,101916.5,,163573.8798,160122.1691,103879.3333
163740.5,159845.83,103307.5,,162798.5,159610.17,97714.5,,163500.5,160541.36,105471.5,,162236.5,160245.89,105763.5,,164296.5,158874.19,93327.5,,161618.7141,157198.6566,88571.95898,,165041.5,162420.84,95591.5,,164212.5,163318.74,153685.5,,164794.5,160088.97,91129.5,,163582.1905,160238.2941,103840.3288
163740.5,158516.66,101513.5,,162800.5,159522.12,103085.5,,163500.5,160231.03,103166.5,,162236.5,159194.29,94668.5,,164296.5,159923.51,113047.5,,161499.3869,156987.6391,91932.4724,,165041.5,160276.35,97693.5,,164212.5,162213.82,115541.5,,164794.5,161812.77,102496.5,,163569.1541,159853.1321,102571.7192
163740.5,158597.66,85704.5,,162800.5,160993.75,127436.5,,163500.5,161764.98,98197.5,,162236.5,157716.92,91392.5,,164296.5,160270.48,108665.5,,161753.6012,157705.3918,109279.1195,,165041.5,163014.42,101376.5,,164212.5,161004.3,103590.5,,164794.5,161397.46,95003.5,,163597.4001,160273.9291,102294.0133
163740.5,160511.02,95744.5,,162800.5,159204.67,100285.5,,163500.5,161453.67,106649.5,,162236.5,160365.05,123624.5,,164296.5,161027.07,106028.5,,161591.6413,156777.6436,102267.7223,,165041.5,160487.61,94386.5,,164212.5,161636.61,99164.5,,164794.5,161434.54,118086.5,,163579.4046,160321.9871,105137.5247
163740.5,159609.61,107514.5,,162800.5,161879.97,121879.5,,163500.5,161839.84,97892.5,,162236.5,159616.41,117237.5,,164296.5,159652.73,90736.5,,161593.2079,158566.0338,104365.706,,165041.5,163179.88,113856.5,,164212.5,162386.8,112444.5,,164794.5,161284.55,100473.5,,163579.5787,160890.6471,107377.8562
163740.5,159772.34,100855.5,,162800.5,161041.89,117315.5,,163500.5,160164.09,103581.5,,162236.5,159834.18,107354.5,,164296.5,158656.94,96740.5,,161556.5913,156413.9592,100071.0237,,165041.5,161369.56,106785.5,,164212.5,162363.63,119186.5,,164794.5,162441.78,109123.5,,163575.5101,160228.7077,106779.336
163740.5,160123.24,110177.5,,162800.5,160253.5,100159.5,,163500.5,161249.27,102120.5,,162236.5,156385.91,96079.5,,164296.5,162228.15,114480.5,,161591.2865,158771.8489,94995.85191,,165041.5,161424.97,94633.5,,164212.5,161168.36,110073.5,,164794.5,159465.35,95003.5,,163579.3652,160118.9554,101969.3169
163740.5,160349.33,81545.5,,162800.5,161900.17,141226.5,,163500.5,161362.87,95946.5,,162236.5,158292.99,101794.5,,164296.5,158179.57,101289.5,,161494.2416,157941.0482,95745.02871,,165041.5,164091.4,144299.5,,164212.5,161990.91,110326.5,,164794.5,161988.83,92524.5,,163568.5824,160677.4576,107188.6699
163740.5,159080.3,97844.5,,162810.5,159690.1,104275.5,,163500.5,159927.04,104584.5,,162236.5,157465.73,101074.5,,164296.5,161135.29,91958.5,,161534.7866,158879.4932,105675.1994,,165041.5,162437.76,100834.5,,164212.5,161813.29,106119.5,,164794.5,162722.28,115353.5,,163574.1985,160350.1426,103080.0222
163740.5,160081.44,101429.5,,162810.5,160502.63,95722.5,,163500.5,159451.7,92183.5,,162236.5,160641.27,119580.5,,164296.5,161259.89,99121.5,,161531.9322,156333.7112,109056.6065,,165041.5,162308.26,110009.5,,164212.5,161123.61,97962.5,,164794.5,162170.67,111144.5,,163573.8814,160430.3535,104023.4007
163740.5,158535.46,99023.5,,162810.5,160356.28,109627.5,,163500.5,161407.76,110294.5,,162236.5,159383.25,88637.5,,164296.5,159759.36,98729.5,,161587.081,157767.9693,108600.1052,,165041.5,161190.64,96870.5,,164212.5,160651.51,89126.5,,164794.5,161007.24,90312.5,,163580.009,160006.6077,99024.67836
163740.5,161617.74,114553.5,,162810.5,160912.73,95063.5,,163500.5,159812.82,94423.5,,162236.5,159554.05,105252.5,,164296.5,159899.4,99111.5,,161507.5544,155518.8587,93700.11765,,165041.5,162848.67,91651.5,,164212.5,161057.38,98080.5,,164794.5,163027.84,105220.5,,163571.1727,160472.1654,99673.01307
163740.5,160630.02,116199.5,,162810.5,160680.25,122369.5,,163500.5,159269.57,99055.5,,162236.5,159067.37,125541.5,,164296.5,158961.86,93968.5,,161490.0572,157975.2483,103816.3003,,165041.5,160222.07,100819.5,,164212.5,162735.88,144882.5,,164794.5,160901.27,91648.5,,163569.2286,160049.282,110922.3667
163740.5,160457.62,97721.5,,162810.5,160870.72,132553.5,,163500.5,161365.53,117906.5,,162236.5,161193.37,130829.5,,164296.5,161312.85,116009.5,,161481.9693,158453.8132,112795.2769,,165041.5,162173.4,93914.5,,164212.5,161439.76,104300.5,,164794.5,161773.78,100090.5,,163568.3299,161004.5381,111791.253
163740.5,159380.53,101810.5,,162810.5,158411.81,91007.5,,163500.5,161552.9,99265.5,,162236.5,160042.59,100805.5,,164296.5,161150.27,102558.5,,161486.9489,158375.9028,84879.85012,,165041.5,161538.25,110597.5,,164212.5,161627.12,118523.5,,164794.5,162714.91,108229.5,,163568.8832,160532.6981,101964.2056
163740.5,158619.61,114760.5,,162810.5,161926.29,153582.5,,163500.5,161597.07,141044.5,,162236.5,160401.79,118503.5,,164296.5,160595.19,94341.5,,161616.4359,158226.85,90801.42316,,165041.5,162000.01,110746.5,,164212.5,161918.86,111008.5,,164794.5,162516.33,111087.5,,163583.2707,160866.8889,116208.4915
163740.5,159382.55,102958.5,,162810.5,158941.88,92119.5,,163500.5,160246.39,109049.5,,162236.5,158649,99932.5,,164296.5,162250.95,90217.5,,161731.5436,156945.2139,100864.3251,,165041.5,162843.68,117817.5,,164212.5,161921.2,116379.5,,164794.5,162401.39,112594.5,,163596.0604,160398.0282,104659.2583
163740.5,159441.56,81715.5,,162810.5,160104.59,111667.5,,163500.5,160144.7,105888.5,,162236.5,159926.71,100407.5,,164296.5,159546.9,101874.5,,161960.0921,155567.204,91388.39708,,165041.5,160062.09,97840.5,,164212.5,161029.18,108912.5,,164794.5,161008.19,99414.5,,163621.4547,159647.9027,99901.04412
163740.5,160155.55,95434.5,,162810.5,159296.23,94860.5,,163500.5,162013.52,118185.5,,162242.5,159643.43,100628.5,,164296.5,160576.67,88289.5,,161632.9309,156312.6226,98771.69025,,165041.5,163076.61,104814.5,,164212.5,161781.14,109352.5,,164794.5,159027.32,89579.5,,163585.7701,160209.2325,99990.74336
163740.5,158895.1,108332.5,,162810.5,160619.16,106511.5,,163500.5,158880.19,100372.5,,162792.5,160591.01,95713.5,,164296.5,161689.66,109866.5,,161817.69,158548.1945,111425.5323,,165041.5,163225.7,113598.5,,164212.5,161750.61,91553.5,,164794.5,161053.35,109087.5,,163667.41,160583.6638,105162.3925
163740.5,159658.58,97119.5,,162810.5,161043.66,114764.5,,163500.5,160385.07,93212.5,,163026.5,160282.74,118810.5,,164296.5,159994.97,95998.5,,161605.6616,157894.943,86754.54709,,165041.5,163915.1,141968.5,,164212.5,161086.54,109899.5,,164794.5,162025.11,113977.5,,163669.8513,160698.5237,108056.1719
163740.5,160840.26,108714.5,,162810.5,161144.15,89127.5,,163500.5,161004.94,108364.5,,163047.5,158830.85,85894.5,,164296.5,162058.49,110267.5,,161501.7887,157351.2043,81746.22618,,165041.5,160723.68,93427.5,,164212.5,161600.82,114354.5,,164794.5,161798.1,106688.5,,163660.6432,160594.7216,99842.80291
163740.5,159924.72,96039.5,,162810.5,160167.87,112742.5,,163500.5,162245.62,105907.5,,163047.5,160626.8,91644.5,,164296.5,160666.1,112212.5,,161540.5156,158752.7698,114775.3983,,165041.5,163386.99,96008.5,,164212.5,161906.75,115049.5,,164794.5,161122.65,101520.5,,163664.9462,160977.8078,105100.0443
163740.5,162020.76,127488.5,,162810.5,161847.79,149769.5,,163500.5,162440.3,133173.5,,163047.5,161016.76,111411.5,,164296.5,160985.24,109040.5,,161615.588,157022.2289,93350.07489,,165041.5,162417.2,115005.5,,164212.5,161926.03,107766.5,,164794.5,161856.01,118587.5,,163673.2876,161281.3688,118399.2305
163740.5,158994.08,108609.5,,162810.5,161463.42,135308.5,,163500.5,160690.41,85864.5,,163047.5,160505.64,103390.5,,164296.5,161540.3,108569.5,,161869.8306,156627.5597,97680.58035,,165041.5,160061.98,94657.5,,164212.5,162055.29,95226.5,,164794.5,162276.86,113947.5,,163701.5367,160468.3933,104806.0645
163740.5,161521.64,106413.5,,162810.5,160315.28,100879.5,,163500.5,157843.81,99701.5,,163047.5,161500.2,111786.5,,164296.5,160462,107812.5,,161562.1944,155821.1903,96326.28876,,165041.5,162258.03,105106.5,,164212.5,161782.69,105337.5,,164794.5,161798.15,115393.5,,163667.3549,160366.9989,105417.4765
163740.5,161187.58,108507.5,,162810.5,161053.11,96458.5,,163500.5,162632.11,125599.5,,163100.5,159744.76,99860.5,,164296.5,161427.01,98415.5,,161758.0379,157536.8364,96366.89711,,165041.5,160997.78,110060.5,,164212.5,161125.12,102794.5,,164794.5,162678.61,114178.5,,163695.0042,160931.4352,105804.6552
163740.5,158995.88,99927.5,,162810.5,160977.52,121144.5,,163500.5,159530.46,97039.5,,163334.5,158504.45,100303.5,,164296.5,161196.37,92390.5,,161827.4436,157138.7587,101878.8901,,165041.5,163127.48,115747.5,,164212.5,161799.76,108264.5,,164794.5,161221.58,99742.5,,163728.716,160276.9176,104048.7656
163740.5,161772.17,95429.5,,162810.5,160609.58,101911.5,,163500.5,160404.11,97290.5,,163334.5,160539.43,108255.5,,164296.5,161622.05,110325.5,,161684.3614,157481.2143,101599.2494,,165041.5,163379,115540.5,,164212.5,163579.51,141971.5,,164794.5,161577.77,102412.5,,163712.8179,161218.3149,108304.0277
163740.5,161891.08,115177.5,,162810.5,161502.82,91438.5,,163500.5,162187.3,120218.5,,163334.5,161203.1,84521.5,,164296.5,161489.49,86097.5,,161929.098,157474.0904,80504.6695,,165041.5,161426.68,88445.5,,164212.5,161752.61,117559.5,,164794.5,161128.72,102834.5,,163740.0109,161117.3212,98533.07439
163740.5,159942.14,98766.5,,162810.5,157773.04,91148.5,,163500.5,160674.98,105667.5,,163334.5,160951.81,126860.5,,164296.5,161810.11,111921.5,,161747.857,157407.8243,94029.51504,,165041.5,162703.65,87134.5,,164212.5,160324.14,105241.5,,164794.5,160625.11,94874.5,,163719.873,160245.8671,101738.2794
163740.5,160280.15,100215.5,,162810.5,159068.46,88185.5,,163500.5,161959.85,116577.5,,163334.5,161258.6,118076.5,,164296.5,161497.37,107380.5,,161976.1732,156860.0921,84890.54177,,165041.5,161923.26,95721.5,,164212.5,161351.49,108979.5,,164794.5,161976.36,92907.5,,163745.2415,160686.1813,101437.1713
163740.5,159804.12,113299.5,,162810.5,160970.49,92099.5,,163500.5,161131.34,105518.5,,163334.5,160331.25,119283.5,,164296.5,160902.72,92748.5,,161909.9918,157511.4711,89878.92339,,165041.5,162729.13,111807.5,,164212.5,160571.15,102148.5,,164794.5,161588.64,119338.5,,163737.888,160615.5901,105124.7693
163740.5,159936.46,112499.5,,162810.5,160006.02,98670.5,,163500.5,161460.59,114855.5,,163334.5,160111.11,98137.5,,164296.5,160027.58,86530.5,,161816.911,158701.8442,109436.5996,,165041.5,161149.19,86709.5,,164212.5,161133.49,105094.5,,164794.5,162160.8,113616.5,,163727.5457,160520.7871,102838.9555
163740.5,160117.78,93043.5,,162810.5,161507.2,120647.5,,163500.5,160244.23,101300.5,,163334.5,161215.62,121778.5,,164296.5,161466.03,98352.5,,161814.2438,157730.7045,97745.42574,,165041.5,161973.54,114373.5,,164212.5,162551.99,112878.5,,164794.5,162229.6,104331.5,,163727.2493,161004.0772,107161.2695
163740.5,159067.96,91577.5,,162810.5,161274.27,109212.5,,163500.5,160713.18,108872.5,,163334.5,161891.5,109904.5,,164296.5,160092.64,103995.5,,161660.8972,157630.7923,88843.89091,,165041.5,160751.82,98695.5,,164212.5,161952.29,121616.5,,164794.5,161925.29,95317.5,,163710.2108,160588.8603,103115.099
163740.5,159509.87,111091.5,,162810.5,160934.79,112922.5,,163500.5,161452.63,109871.5,,163334.5,159634.26,101572.5,,164296.5,160997.88,99992.5,,161839.4549,159169.0272,124738.7616,,165041.5,159894.52,97923.5,,164212.5,162607.9,114751.5,,164794.5,160527.26,85599.5,,163730.0505,160525.3486,106495.9735
163740.5,161571.32,114154.5,,162810.5,161501.14,114230.5,,163500.5,160544.78,105178.5,,163334.5,161297.2,113188.5,,164296.5,160258.57,102605.5,,161846.989,158683.7519,100951.0337,,165041.5,162637.89,116859.5,,164212.5,162262.35,109867.5,,164794.5,162197.87,113399.5,,163730.8877,161217.208,110048.3371
163740.5,159770.88,89211.5,,162810.5,159140.91,95488.5,,163500.5,159803.94,102194.5,,163334.5,159482.81,85095.5,,164296.5,162612.41,115199.5,,161619.187,157633.1937,107707.325,,165041.5,162370.96,90086.5,,164212.5,162050.57,105275.5,,164794.5,161853.32,111304.5,,163705.5763,160524.3326,100173.7028
163740.5,159061.76,101280.5,,162810.5,161254.46,105758.5,,163500.5,159920.29,103701.5,,163334.5,161109.57,99502.5,,164296.5,160277.46,97703.5,,161545.9911,157872.2158,94521.59433,,165041.5,161329.98,96729.5,,164212.5,162647.57,123861.5,,164794.5,161570.79,93534.5,,163697.4435,160560.4551,101843.7327
163740.5,159650.38,99072.5,,162810.5,161909.87,129841.5,,163500.5,159663.38,94006.5,,163334.5,160347.25,99308.5,,164296.5,159206.55,97008.5,,162151.0105,157945.809,114273.7836,,165041.5,162431.67,111094.5,,164212.5,161179.99,104622.5,,164794.5,162216.6,105218.5,,163764.6678,160505.7221,106049.6426
163740.5,158991.54,107903.5,,162810.5,160736.95,98248.5,,163500.5,162234.25,135829.5,,163334.5,161723.64,123926.5,,164296.5,160256.34,112340.5,,161937.7342,159475.0445,113506.1118,,165041.5,162765.97,109767.5,,164212.5,158875.5,97760.5,,164794.5,161286.28,98783.5,,163740.9705,160705.0572,110896.2346
163740.5,161525.85,116133.5,,162810.5,160352.94,111459.5,,163500.5,160439.21,105517.5,,163334.5,160911.88,109962.5,,164296.5,162499.54,129622.5,,162036.3116,158297.4523,94925.54891,,165041.5,163642.8,152674.5,,164212.5,161785.57,92813.5,,164794.5,163329.11,118776.5,,163751.9235,161420.4836,114653.9499
163740.5,158785.31,100787.5,,162810.5,160091.94,95331.5,,163500.5,160402.32,98623.5,,163334.5,160119.52,101496.5,,164296.5,161061.04,101017.5,,162329.8968,157636.046,96256.70082,,165041.5,162547.8,115978.5,,164212.5,160604.78,96504.5,,164794.5,162704.55,127341.5,,163784.5441,160439.2562,103704.189
163740.5,161398.9,110508.5,,162810.5,161265.29,119778.5,,163500.5,159468.44,95976.5,,163334.5,162075.48,129244.5,,164296.5,159043.39,83535.5,,162108.0146,158693.3,111218.1798,,165041.5,160919.83,97343.5,,164212.5,162187.78,118983.5,,164794.5,159698.27,99389.5,,163759.8905,160527.8533,107330.9089
163740.5,160616.01,85561.5,,162810.5,160451.74,113980.5,,163500.5,161450.63,99433.5,,163334.5,159553.3,96596.5,,164296.5,159981.97,102824.5,,162047.2219,156360.42,104001.3063,,165041.5,161075.83,99773.5,,164212.5,161227.49,89987.5,,164794.5,162372.23,129032.5,,163753.1358,160343.2911,102354.5896
